Al,Si,Ti,V,Cr,Mn,Fe,Co,Ni,Cu,Zn,Zr,Nb,Mo,Hf,Ta,W,Re,Ru,Rh,Pd,Ag,Sn,Y,La,Ce,B,C,N,O,thermal_conductivity,density,specific_heat,melting_point
0.0,0.15427609764400466,0.18256511064660427,0.0,0.0,0.0,0.0,0.0,0.0,0.0,0.0,0.0,0.23543183862561542,0.0,0.0,0.0,0.0,0.325620531575709,0.0,0.0,0.0,0.0,0.10210642150806648,0.0,0.0,0.0,0.0,0.0,0.0,0.0,140.680430366983,5589.458520282284,418.7871215131484,1171.3685419671876
0.0,0.0,0.0,0.0,0.0,0.0,0.0,0.0,0.4202314977103486,0.4422913343478362,0.0,0.0,0.0,0.0,0.0,0.0,0.0,0.0,0.0,0.1374771679418153,0.0,0.0,0.0,0.0,0.0,0.0,0.0,0.0,0.0,0.0,102.6572123636508,10116.603299132621,254.87930913556482,892.6993627517071
0.0,0.0,0.0,0.0,0.0,0.0,0.0,0.0,0.0,0.0,0.0,0.05316516135296325,0.0,0.0,0.0,0.13922945925836128,0.0,0.0,0.0,0.0,0.0,0.0,0.2271641952983078,0.0,0.0,0.5804411840903678,0.0,0.0,0.0,0.0,40.45683085168643,14979.161459146442,694.6842792072621,3217.785470566308
0.0,0.0,0.0,0.0,0.1489533172248097,0.0,0.0,0.0,0.0,0.04923259586045336,0.0,0.5757634438296391,0.0,0.0,0.0,0.0,0.0,0.12640555346125298,0.0,0.0,0.0,0.0,0.0,0.0,0.09964508962384491,0.0,0.0,0.0,0.0,0.0,244.805976339384,5175.107833193132,730.2651665036911,3294.2303436846846
0.0,0.0,0.0,0.0,0.0,0.0,0.0,0.0,0.0,0.0,0.0,0.0,0.0,0.0,0.0,0.5697565661979708,0.0,0.0,0.0,0.0,0.43024343380202934,0.0,0.0,0.0,0.0,0.0,0.0,0.0,0.0,0.0,154.1326885410617,7620.317156179983,571.485846849223,2616.279437980546
0.0,0.0,0.0,0.0,0.0,0.0,0.0,0.0,0.0,0.0,0.0,0.0,0.0,0.0,0.2513482644984959,0.0,0.3266479393321127,0.0,0.0,0.0,0.0,0.0,0.0,0.2665519745494935,0.0,0.0,0.0,0.0,0.15545182161989798,0.0,57.12235374559467,5706.265491128794,553.9574343878969,2411.011253443916
0.0,0.0,0.07861821546882129,0.0,0.0,0.0,0.0,0.0,0.09039550880990782,0.0,0.0,0.29839073683170403,0.18620104691162123,0.0,0.0,0.06322242287242952,0.0,0.0,0.2831720691055162,0.0,0.0,0.0,0.0,0.0,0.0,0.0,0.0,0.0,0.0,0.0,186.5518617481634,5075.2535193687445,522.0397955652813,2498.488701656249
0.0,0.0,0.0,0.0,0.0,0.0,0.0,0.0,0.19536781343146448,0.0,0.0,0.0,0.4320388091370676,0.0,0.0,0.0,0.0,0.0,0.0,0.0,0.0,0.0,0.0,0.0,0.0,0.0,0.0,0.0,0.3725933774314678,0.0,86.80020162981384,5796.552510901636,276.3444192339626,1109.9749582145375
0.0,0.0,0.0,0.0,0.0,0.0,0.0,0.0,0.0,0.0,0.0,0.0,0.21572673149585028,0.150956180773719,0.0,0.0,0.0,0.1827042463834769,0.0,0.2891836103342092,0.0,0.0,0.0,0.09953542989841865,0.0,0.0,0.0,0.0,0.061893801114326144,0.0,112.06942446149355,4105.147640010147,380.923992438501,1576.2504317039345
0.0,0.0,0.0,0.0,0.0,0.12010179309485938,0.0,0.0,0.0,0.0,0.0,0.0,0.0,0.0,0.0,0.0,0.0,0.0,0.24910602068136492,0.0,0.0,0.0,0.0,0.0,0.13286804409991235,0.4979241421238634,0.0,0.0,0.0,0.0,116.43966192485519,10868.825259008012,508.9829624497297,2879.161214313234
0.0,0.0,0.0,0.0,0.0,0.0,0.0,0.0,0.0,0.0,0.35712958302726533,0.0,0.0,0.0,0.0,0.0,0.0,0.0,0.0,0.0,0.0,0.0,0.0,0.0,0.6428704169727347,0.0,0.0,0.0,0.0,0.0,230.81896930420834,5375.02501988623,487.44597513928454,2218.717542312963
0.11654718547226665,0.0,0.0,0.0,0.0,0.10255835204132117,0.13338720194766576,0.0,0.0,0.0,0.0,0.345051720153371,0.0,0.0,0.0,0.11595316529433854,0.0,0.18650237509103687,0.0,0.0,0.0,0.0,0.0,0.0,0.0,0.0,0.0,0.0,0.0,0.0,235.47003811141448,6058.849830963116,617.2498228815903,2770.187216559056
0.0,0.0,0.0,0.0,0.11871019421874433,0.0,0.0,0.0,0.32783253681658486,0.0,0.0,0.0,0.0,0.0,0.0,0.0,0.30277632142700595,0.0,0.0,0.0,0.0,0.2506809475376647,0.0,0.0,0.0,0.0,0.0,0.0,0.0,0.0,123.21977992774573,5051.2091673321775,424.34939464528435,1713.9723493564004
0.0,0.0,0.0,0.0,0.0,0.0,0.3045962678298305,0.0,0.0,0.0,0.0,0.0,0.0,0.0,0.06622985820071424,0.0,0.0,0.0,0.45399977799744046,0.0,0.0,0.0,0.0,0.17517409597201486,0.0,0.0,0.0,0.0,0.0,0.0,129.2210810064387,5905.727011613354,494.7540770804887,1523.6869374649625
0.0,0.0,0.0,0.17915048520699442,0.3246422810551478,0.0,0.19122770237189085,0.0,0.0,0.0,0.0,0.0,0.1293357338933431,0.0,0.0,0.0,0.0,0.0,0.0,0.0,0.0,0.17564379747262376,0.0,0.0,0.0,0.0,0.0,0.0,0.0,0.0,77.55589095787134,5565.9881225602,548.7196645141014,2235.886803346054
0.0,0.0,0.0,0.0,0.0,0.0,0.0,0.0,0.0,0.06409108924760666,0.0,0.0,0.0,0.0,0.0,0.28190511149125946,0.0,0.0,0.0,0.0,0.0,0.0,0.0,0.14925366852731664,0.0,0.06793313367082489,0.0,0.4368169970629922,0.0,0.0,12.392766266651472,10318.730084110904,819.0870373423334,2717.9193446591744
0.0,0.0,0.0,0.0,0.0,0.35149259767294005,0.0,0.0,0.0,0.0,0.0,0.0,0.0,0.0,0.0,0.0,0.0,0.0,0.0,0.0,0.0,0.0,0.0,0.0,0.0,0.64850740232706,0.0,0.0,0.0,0.0,87.09776051944706,10821.602328589104,541.5867032130483,3262.790721518944
0.25428852825549003,0.0,0.0,0.0,0.0,0.0,0.0,0.0,0.0,0.0,0.0,0.7457114717445099,0.0,0.0,0.0,0.0,0.0,0.0,0.0,0.0,0.0,0.0,0.0,0.0,0.0,0.0,0.0,0.0,0.0,0.0,213.9275646379589,4647.764618737092,643.1037080456736,3278.7847207467344
0.0,0.0,0.0,0.0,0.0,0.0,0.0,0.0,0.1611391209305942,0.11603526001834301,0.0,0.0,0.0,0.22965652978042575,0.0,0.0,0.0,0.11062209399937728,0.17257625650745137,0.0,0.0,0.0,0.0,0.0,0.0,0.0,0.0,0.0,0.2099707387638085,0.0,146.04122082924096,7143.646338732737,414.42712037124613,1776.9488873227378
0.0,0.0,0.0,0.0,0.0,0.0,0.0,0.0,0.0,0.0,0.0,0.0,0.5266607082889216,0.0,0.0,0.0,0.0,0.0,0.1611631799862472,0.0,0.0,0.0,0.0,0.0,0.3121761117248311,0.0,0.0,0.0,0.0,0.0,151.481556744733,3690.4057561983805,289.084464757213,1527.338001554104
0.0,0.0,0.0,0.0,0.0,0.0,0.0,0.0,0.12271609017268996,0.0,0.0,0.0,0.0,0.0,0.0,0.8033623317737036,0.0,0.0,0.0,0.07392157805360636,0.0,0.0,0.0,0.0,0.0,0.0,0.0,0.0,0.0,0.0,61.63576221062173,7112.002341482735,650.5942149949311,3171.957231548469
0.0,0.0,0.0,0.0,0.0,0.0,0.0,0.0,0.0,0.0,0.2748093557579387,0.0,0.08240779000569082,0.0,0.0,0.0,0.09938836573809699,0.0,0.28712563051069273,0.0,0.0,0.0,0.0,0.0,0.0,0.0,0.0,0.22493569208142927,0.03133316590615155,0.0,172.98788900898157,7828.708934034333,669.5813375380959,1067.0955869825427
0.0,0.0,0.0,0.0,0.0,0.0,0.0,0.0,0.0,0.0,0.0,0.0,0.0,0.0,0.5106604182127036,0.0,0.0,0.0,0.0,0.0,0.0,0.0,0.0,0.0,0.0,0.0,0.4893395817872966,0.0,0.0,0.0,4.266648925559017,9355.434239620337,511.0643206670281,1892.1771754432477
0.0,0.1947405033731427,0.0,0.0,0.0,0.0,0.0,0.0,0.0,0.0,0.0,0.0,0.10467254120205415,0.12788589765341848,0.0,0.0,0.0,0.0,0.0,0.0,0.0,0.2197072279831761,0.0,0.0,0.13584650110128116,0.0,0.0,0.0,0.0,0.21714732868692732,61.98362896360285,5322.997038470432,420.758270520545,2050.714790632307
0.11600295551277207,0.0,0.0,0.0,0.2616699216751611,0.0,0.0,0.11945272820671578,0.0,0.0,0.0,0.0,0.0,0.0,0.0,0.15023694624413905,0.0,0.0,0.0,0.0,0.0,0.0,0.0,0.0,0.0,0.2019701765959736,0.0,0.0,0.0,0.15066727176523836,13.169844125568147,10214.725771964308,639.8859683739009,2527.8233022388076
0.0,0.0,0.0,0.0,0.245046864935534,0.0,0.0,0.0,0.0,0.0,0.0,0.0,0.0,0.0,0.0,0.0,0.0,0.30200699532276293,0.0,0.0,0.0,0.0,0.0,0.0,0.0,0.0,0.0,0.0,0.0,0.45294613974170317,111.91258659629638,4043.4225887971093,495.9704285104622,1216.972880790152
0.0,0.08868828120387845,0.0,0.0,0.0,0.0,0.0,0.0,0.0,0.0,0.0,0.0,0.0,0.0,0.0,0.0,0.0,0.1949630688330031,0.19305503150129358,0.0,0.0,0.0,0.0,0.3009159460282799,0.0,0.0,0.222377672433545,0.0,0.0,0.0,121.55170524342998,6131.965763206217,472.96031597683503,2085.6951374044675
0.1584069055839854,0.0,0.0,0.0,0.0,0.0,0.0,0.0,0.0,0.0,0.0,0.0,0.0,0.0,0.5433259511648525,0.0,0.0,0.0,0.0,0.0,0.0,0.0,0.17266739048404803,0.0,0.0,0.0,0.1255997527671142,0.0,0.0,0.0,5.950007612868489,9683.978424757972,588.7532969864614,1805.7787860165781
0.0,0.0,0.0,0.0,0.0,0.0,0.28060457652862053,0.0,0.21684484550731606,0.0,0.0,0.15897771602482275,0.0,0.17027475200850828,0.0,0.0,0.0,0.0,0.14509841968782994,0.0,0.0,0.0,0.0,0.0,0.028199690242902507,0.0,0.0,0.0,0.0,0.0,181.2988530075982,7302.103265165413,537.5025627701384,2169.440941964188
0.0,0.0,0.0,0.0,0.0,0.0,0.0,0.0,0.0,0.0,0.0,0.0,0.09213072443795058,0.0,0.0,0.0,0.0,0.3853144342871238,0.0,0.0,0.0,0.4427998362236056,0.0,0.0,0.0,0.0,0.0,0.0,0.07975500505131997,0.0,158.34899428458544,3091.0491338357515,519.0383878816041,1474.5974819467206
0.0,0.0,0.0,0.0,0.0,0.0,0.2704027469388075,0.0,0.0,0.0,0.0,0.0,0.0,0.0,0.0,0.0,0.0,0.1211360956128328,0.0,0.0,0.0,0.0,0.6084611574483596,0.0,0.0,0.0,0.0,0.0,0.0,0.0,97.8174052138312,14215.012704088971,454.27072313620926,951.6999523137308
0.0,0.0,0.0,0.09734008905094023,0.08413682780018802,0.0,0.0,0.0,0.1621165901120743,0.0,0.08151819789448866,0.0,0.0,0.0,0.0,0.0,0.0,0.0,0.0,0.0,0.0,0.0,0.0,0.521870598147042,0.0,0.053017696995266705,0.0,0.0,0.0,0.0,85.48956837948583,5180.285945790145,556.0546334954789,3250.2192379628586
0.0,0.0,0.13234764076218386,0.3355689884835923,0.0,0.0,0.0,0.0,0.0,0.0,0.0,0.0,0.0,0.0,0.0,0.0,0.062457578792796425,0.0,0.0,0.0,0.1175281269274114,0.0,0.0,0.0,0.0,0.09468750017777953,0.0,0.0,0.2574101648562365,0.0,143.1205286096985,7261.49867261811,316.5224229295544,2666.2157181306634
0.0,0.0,0.0,0.0,0.0,0.0,0.0,0.0,0.0,0.07661644736549131,0.0,0.1585927037304786,0.0,0.0,0.0,0.355996614502941,0.12490285681214323,0.0,0.0,0.0,0.09709420917468513,0.0,0.0,0.0,0.0,0.0,0.0,0.18679716841426072,0.0,0.0,124.77787775187062,8628.008482137146,689.079105543179,2628.5014381061774
0.0,0.0,0.0,0.0,0.0,0.0,0.627256838667018,0.0,0.0,0.0,0.0,0.05422289390626606,0.31852026742671585,0.0,0.0,0.0,0.0,0.0,0.0,0.0,0.0,0.0,0.0,0.0,0.0,0.0,0.0,0.0,0.0,0.0,108.11755394197368,7236.627601647434,356.4759388315615,1106.1131597436115
0.0,0.0,0.0,0.0,0.0,0.0,0.2160468751241587,0.0,0.0,0.01182487368293738,0.0,0.0,0.481779102127544,0.0,0.0,0.0,0.0,0.0,0.0,0.0,0.0,0.0,0.0,0.0,0.0,0.0,0.1615489457565281,0.0,0.12880020330883185,0.0,73.99983281387418,6943.238332827848,281.65980945367966,
0.0,0.0,0.0602033014603131,0.0,0.0,0.0,0.0,0.0,0.0,0.0,0.0,0.0,0.190225892837653,0.0,0.0,0.0,0.0,0.0,0.0,0.0,0.0,0.22229356576589046,0.0,0.0,0.0,0.5272772399361436,0.0,0.0,0.0,0.0,23.36587536884315,10388.16391965957,586.31807013506,3114.857746178805
0.0,0.0,0.0,0.0,0.0,0.0,0.0,0.0,0.0,0.0,0.0,0.0,0.0,0.0,0.0,0.27854540698290325,0.16895255322511518,0.0,0.0,0.0,0.2705467148860663,0.0,0.28195532490591524,0.0,0.0,0.0,0.0,0.0,0.0,0.0,146.88921205087013,10462.8767612668,482.13257316282653,1868.1911087112346
0.0,0.0,0.0,0.0,0.0,0.0,0.3743134253056783,0.0,0.0,0.0,0.0,0.19789631227763688,0.0,0.0,0.0,0.0,0.0,0.0,0.0,0.0,0.0,0.0,0.0,0.0,0.0,0.0,0.0,0.0,0.0,0.4277902624166848,108.32582637147455,6019.494232309271,444.34534186254984,1490.9615925785804
0.0,0.0,0.0,0.0,0.0,0.0,0.0,0.0,0.0,0.0,0.0,0.39168451145136063,0.0,0.2944734974931087,0.036586198686323554,0.0,0.0,0.0,0.0,0.0,0.0,0.18989063819575358,0.0,0.0,0.0,0.0,0.0,0.08736515417345357,0.0,0.0,150.1286499149491,5270.453244043329,780.3779714807138,3211.9704817232887
0.02682535771474103,0.0,0.0,0.562195882800088,0.0,0.10365946161863697,0.0,0.0,0.03493825829559664,0.07848531362172945,0.0,0.0,0.0,0.0,0.19389572594920787,0.0,0.0,0.0,0.0,0.0,0.0,0.0,0.0,0.0,0.0,0.0,0.0,0.0,0.0,0.0,187.4118795313343,6505.715143702447,325.91165979915587,2583.401149530748
0.0,0.0,0.0,0.0,0.0,0.0,0.0,0.0,0.0,0.2644810851661726,0.09262449394864934,0.4694175739024282,0.0,0.09220099536471335,0.0,0.0,0.0,0.0,0.0,0.0,0.0,0.0,0.0,0.0,0.0,0.0,0.0,0.0,0.0,0.08127585161803651,180.36190727494574,8031.119087245009,658.1942168154883,2988.4524262036566
0.0,0.0,0.0,0.0,0.0,0.0,0.0,0.0,0.0,0.0,0.0,0.0,0.25992336274469524,0.0,0.0,0.0,0.0,0.0,0.3853001903587511,0.0,0.0,0.0,0.11623072532645973,0.1180072494895581,0.0,0.0,0.0,0.0,0.12053847208053577,0.0,114.33679760512211,7025.757337937051,441.38737474273455,1218.1044488325056
0.0,0.0,0.0,0.0,0.0,0.0,0.20338382956464363,0.0,0.0,0.17345449814248712,0.0,0.48752408340759623,0.0,0.0,0.13563758888527314,0.0,0.0,0.0,0.0,0.0,0.0,0.0,0.0,0.0,0.0,0.0,0.0,0.0,0.0,0.0,176.50753288838266,8146.993527543088,685.9123085197257,2978.661015342982
0.0,0.0,0.0,0.0,0.0,0.0,0.0,0.0,0.0,0.0,0.0,0.0,0.2614895528744051,0.0,0.0,0.0,0.0,0.0,0.0,0.0,0.5863437420547515,0.0,0.0,0.0,0.0,0.0,0.0,0.0,0.0,0.15216670507084332,205.8036703140708,4969.236308586238,285.13077224846904,810.1865577986254
0.0,0.0,0.0,0.0760150468404921,0.0,0.2905467065212625,0.0,0.0,0.0,0.0,0.0,0.0,0.0,0.0,0.0,0.0,0.0,0.0,0.0,0.0,0.0,0.0,0.08997156946830683,0.12510816255311594,0.0,0.1115855159900818,0.0,0.30677299862674084,0.0,0.0,107.55642377515144,10048.264923246097,595.8463783270885,2531.5575215036138
0.0,0.15952920778604357,0.0,0.0,0.0,0.0,0.0,0.29498317891597003,0.0,0.0,0.1763988581097972,0.0,0.0,0.0,0.0,0.0,0.0,0.36908875518818923,0.0,0.0,0.0,0.0,0.0,0.0,0.0,0.0,0.0,0.0,0.0,0.0,206.86441729487413,9279.01262305986,512.4116221378231,808.247550958985
0.0,0.0,0.0,0.0,0.0,0.053675533624509456,0.0,0.0,0.0,0.0,0.46699795117101617,0.0,0.0,0.0,0.0,0.0,0.0,0.0,0.1133321884943631,0.0,0.0,0.21374127559770956,0.0,0.15225305111240173,0.0,0.0,0.0,0.0,0.0,0.0,196.47741897999381,5027.743035641964,677.4783814964372,1930.1528513729638
0.0,0.0,0.0,0.0,0.0,0.0,0.0,0.0,0.0,0.0,0.0,0.0,0.0,0.0,0.0,0.0,0.0,0.0,0.0,0.0,0.7193856474486482,0.2806143525513517,0.0,0.0,0.0,0.0,0.0,0.0,0.0,0.0,236.33400005222188,5055.3910755283905,351.79274887875727,1139.04837878075
0.0,0.0,0.0,0.0,0.0,0.0,0.0,0.4983176518583962,0.0,0.0,0.0,0.0,0.0,0.0,0.0,0.0,0.0,0.0,0.0,0.0,0.0,0.0,0.0,0.0,0.0,0.5016823481416037,0.0,0.0,0.0,0.0,12.517113269291468,16486.714993274276,393.80606916434317,2296.1979637070604
0.0,0.0,0.0,0.2429352245258576,0.0,0.0,0.0,0.29444908611016407,0.0,0.0,0.11652028558006304,0.0,0.0,0.0,0.0,0.14169194369040733,0.0,0.08122465385489219,0.0,0.0,0.0,0.0,0.0,0.0,0.12317880623861584,0.0,0.0,0.0,0.0,0.0,178.20500990482728,10644.216472462258,394.4554292446792,2156.689257941577
0.0,0.0,0.0,0.0,0.0,0.0,0.0,0.0,0.0,0.0,0.0,0.0,0.0,0.0,0.0,0.4470205080194977,0.0,0.0,0.0,0.0,0.0,0.0,0.5529794919805022,0.0,0.0,0.0,0.0,0.0,0.0,0.0,36.99336585506944,13664.846604673678,572.680744437258,2181.1958135497794
0.0,0.0,0.0,0.0,0.3658369940674006,0.41216460070050004,0.0,0.0,0.0,0.0,0.0,0.0,0.0,0.22199840523209916,0.0,0.0,0.0,0.0,0.0,0.0,0.0,0.0,0.0,0.0,0.0,0.0,0.0,0.0,0.0,0.0,118.61112409592607,4961.451382100751,515.0737221226607,2978.992475325156
0.2773782071897565,0.0,0.0,0.0,0.2933120318453863,0.0,0.0,0.0,0.0,0.0,0.23144917192634326,0.018432458159442607,0.0,0.0,0.0,0.09756035765883443,0.0,0.0,0.08186777322023692,0.0,0.0,0.0,0.0,0.0,0.0,0.0,0.0,0.0,0.0,0.0,97.04604194183273,5901.898047924619,688.747251534953,2018.8976974924833
0.0,0.0,0.0,0.0,0.0,0.0,0.0,0.0,0.0,0.0,0.0,0.0,0.0,0.0,0.0,0.0,0.0,0.4058216664951564,0.0,0.0,0.0,0.0,0.0,0.0,0.5941783335048436,0.0,0.0,0.0,0.0,0.0,272.8186788669333,4102.564481592133,439.20056184190446,3302.2830442603367
0.0,0.0,0.0,0.0,0.0,0.0,0.0,0.0,0.0,0.0,0.36189927871269384,0.0,0.0,0.0,0.0,0.0,0.0,0.0,0.0,0.0,0.0,0.4036814719323032,0.0,0.0,0.0,0.013720650031880059,0.0,0.2206985993231229,0.0,0.0,109.76474864932143,7065.107223085576,746.7518563991059,1630.6907079282619
0.0,0.0,0.0,0.3847929708558644,0.0,0.34721643052856904,0.0,0.0,0.0,0.0,0.18806771795681435,0.0,0.0,0.0,0.0,0.0,0.0,0.0,0.07992288065875218,0.0,0.0,0.0,0.0,0.0,0.0,0.0,0.0,0.0,0.0,0.0,249.4871998128688,4627.82114904302,332.99198567784316,2493.9894569453927
0.04849829426972473,0.0,0.0,0.0,0.0,0.47387956064695996,0.0,0.0,0.0,0.0,0.0912782204785882,0.0,0.0,0.0,0.0,0.0,0.09387498527906694,0.0,0.0,0.0,0.0,0.0,0.0,0.0,0.26126511647450645,0.0,0.0,0.031203822851153744,0.0,0.0,237.70546542769918,5093.101789377711,332.40478365879,2682.1412146511816
0.326056834235645,0.24155236272828967,0.0,0.0,0.0,0.0,0.0,0.0,0.0,0.0,0.0,0.0,0.0,0.0,0.0,0.0,0.0,0.0,0.0,0.30729701227424483,0.0,0.0,0.0,0.0,0.08205872778796476,0.0,0.0,0.0,0.043035062973855696,0.0,25.149895339704496,5993.459694349581,263.31974977797455,963.4239917579071
0.0,0.0,0.1657432134768342,0.0,0.0,0.0,0.0,0.39032528714251224,0.0,0.0,0.0,0.0,0.0,0.0,0.0,0.0,0.0,0.21493892766420716,0.0,0.0,0.0,0.015362973380385843,0.0,0.0,0.21362959833606052,0.0,0.0,0.0,0.0,0.0,143.27526641982675,10767.695931376953,326.0814722046376,1720.1036935825387
0.0,0.0,0.0,0.0,0.0,0.0,0.0,0.1802342726831557,0.0,0.0,0.0,0.6851888601659005,0.0,0.0,0.0,0.0,0.0,0.0,0.0,0.0,0.0,0.0,0.0,0.0,0.0,0.0,0.1345768671509436,0.0,0.0,0.0,210.17151448590621,8304.0191156066,612.8837122303727,3279.6301349706546
0.1971100795874397,0.04910152014932266,0.0,0.0,0.0,0.0,0.0,0.0,0.0900888855223438,0.0,0.03398113658557487,0.0,0.0,0.0,0.0,0.0,0.0,0.0,0.0,0.0,0.0,0.41026137046192457,0.0,0.0,0.0,0.0,0.0,0.0,0.0,0.21945700769339446,36.00419822745202,4930.664918008915,430.62842592699417,1560.2883138566142
0.0,0.0,0.0,0.0,0.19702283550881686,0.0,0.0,0.0,0.0,0.0,0.0,0.0,0.0,0.0,0.23881665431309898,0.17913096923871796,0.0,0.0,0.0,0.0,0.0,0.0,0.0,0.0,0.0,0.0,0.0,0.26373561904653386,0.0,0.12129392189283214,11.649347802958198,8606.232867619523,826.5136878757708,2294.7130170034816
0.0,0.0,0.0,0.0,0.0,0.0,0.0,0.0,0.0,0.20133632454083777,0.0,0.0,0.0,0.0,0.0,0.0,0.0,0.0,0.12394402994502139,0.0,0.0,0.0,0.0,0.0,0.0,0.0,0.0,0.0,0.0,0.6747196455141408,35.61786462859798,6326.089040688723,327.3445392186977,790.8634072060229
0.0,0.0,0.0,0.0,0.0,0.0,0.0,0.05493686326006688,0.08482951046193789,0.0,0.0,0.0,0.0,0.47588632073614945,0.016610759731864735,0.0,0.0,0.0,0.0,0.0,0.0,0.2787312657751499,0.0,0.0,0.0,0.0,0.0,0.0,0.0,0.08900528003483114,53.608339756406075,5096.954388438795,477.8056010055488,2586.306138192247
0.0,0.0,0.0,0.0,0.0,0.028564775269109454,0.0,0.0,0.0,0.0,0.0,0.40212655327320446,0.0,0.0,0.0,0.0,0.0,0.0,0.0,0.16267518832130548,0.0,0.0,0.40663348313638065,0.0,0.0,0.0,0.0,0.0,0.0,0.0,142.61349526253073,10699.349177491607,562.4628596764941,2221.5651203968746
0.5280692137327238,0.0,0.0,0.0,0.0,0.0,0.0,0.0,0.0,0.0,0.0,0.0,0.0,0.0,0.0,0.4719307862672763,0.0,0.0,0.0,0.0,0.0,0.0,0.0,0.0,0.0,0.0,0.0,0.0,0.0,0.0,21.107716068661535,5740.217325821061,452.61622374295877,2209.1362663661234
0.0,0.0,0.0,0.0,0.0,0.0,0.0,0.0,0.0,0.0,0.0,0.0,0.0,0.0,0.023722968241288254,0.0,0.0,0.0900817899869799,0.0,0.0,0.04332962743463207,0.6932059880396768,0.0,0.0,0.0,0.0,0.0,0.0,0.0,0.1496596262974229,57.1784675489774,3594.495351824798,518.980581461323,1696.0666232576784
0.0,0.0,0.047605276579974015,0.0,0.0,0.0,0.0,0.0,0.0,0.0,0.0,0.0,0.0,0.0,0.0,0.0,0.439384575666528,0.0,0.0,0.0,0.0,0.1661434561024581,0.0,0.0,0.0,0.0,0.0,0.34686669165103984,0.0,0.0,72.46164337953317,7420.382385046214,565.7470117442424,1538.67645373263
0.3218005654695603,0.0,0.0,0.0,0.0,0.0,0.0,0.0,0.0,0.0,0.0,0.0,0.0,0.0,0.0,0.0,0.0,0.0,0.0,0.0,0.0,0.0,0.0,0.0,0.6781994345304397,0.0,0.0,0.0,0.0,0.0,152.588075168212,4805.221669183799,262.36877165708324,2215.581547532229
0.0,0.0,0.0,0.0,0.0,0.0,0.0,0.0,0.0,0.0,0.0,0.0,0.0,0.0,0.0,0.0,0.0,0.45277186081568405,0.0,0.0,0.0,0.5472281391843159,0.0,0.0,0.0,0.0,0.0,0.0,0.0,0.0,157.01287091498475,2794.799346382363,562.0049554190821,1369.471905591699
0.0,0.0,0.3910561841019576,0.0,0.0,0.0,0.0,0.0,0.0,0.0,0.0,0.0,0.0,0.0,0.0,0.0,0.0,0.0,0.0,0.0,0.0,0.0,0.17140067681498256,0.0,0.0,0.0,0.10316647514279657,0.1814751045059376,0.15290155943432582,0.0,13.21002273667773,11687.874128726984,445.2257058536181,1998.78396371484
0.17226012540974234,0.0,0.0,0.0,0.0,0.0,0.0,0.0,0.11826212877445004,0.0,0.0,0.0,0.0,0.0,0.0,0.0,0.0,0.0,0.0,0.0,0.11401782567547968,0.0,0.0,0.2529547997784063,0.0,0.11739060108816816,0.2251145192737535,0.0,0.0,0.0,68.54160850110459,8093.35239033899,407.11376895856,2236.190619980702
0.0,0.0,0.0,0.0,0.0,0.0,0.0,0.04387078627932361,0.2348319614942368,0.39611646621952457,0.0,0.0,0.0,0.0,0.0,0.21231042875456788,0.0,0.0,0.0,0.0,0.0,0.0,0.0,0.0,0.0,0.0,0.02210467880394446,0.0,0.0,0.09076567844840273,72.96566144938407,12054.216713861888,412.41979761283704,1816.9856679216796
0.0,0.0,0.0,0.0,0.0,0.0,0.0,0.0,0.0,0.0,0.0,0.0,0.0,0.0,0.0,0.0,0.0,0.5205626669673555,0.0,0.0,0.0,0.0,0.0,0.0,0.0,0.0,0.0,0.47943733303264446,0.0,0.0,180.02635537982638,6777.357987382764,686.9532772068538,832.870097160408
0.0,0.0,0.0,0.0,0.0,0.0,0.0,0.0,0.0,0.6280504671902442,0.0,0.0,0.0,0.0,0.0,0.0,0.1856815874396614,0.0,0.0,0.0,0.0,0.18626794537009436,0.0,0.0,0.0,0.0,0.0,0.0,0.0,0.0,34.834132099309215,10156.812410004539,325.75684474968824,1296.7220772686544
0.6011682853312236,0.0,0.0,0.0,0.0,0.0,0.0,0.0,0.0,0.0,0.0,0.0,0.0,0.0,0.0,0.39883171466877654,0.0,0.0,0.0,0.0,0.0,0.0,0.0,0.0,0.0,0.0,0.0,0.0,0.0,0.0,19.520998901448635,5302.234053882759,428.1380837825027,1838.1867371011683
0.0,0.0,0.0,0.0,0.14065697922819764,0.0,0.0,0.0,0.0,0.07216065483573503,0.0,0.0,0.0,0.0,0.07442766644126177,0.0,0.0,0.0,0.0,0.0,0.0,0.0,0.32317008581407836,0.0,0.0,0.0,0.3895846136807274,0.0,0.0,0.0,15.595746314630716,13493.894407956337,468.6854968825197,1533.9512682972472
0.0,0.0,0.36669755130269804,0.0,0.0,0.0,0.0,0.0,0.0,0.0,0.0,0.0,0.0,0.0,0.0,0.0,0.0,0.0,0.0,0.0,0.0,0.0,0.6139482177686814,0.01935423092862066,0.0,0.0,0.0,0.0,0.0,0.0,20.142928859270057,13670.052237784652,372.4935826263156,1715.5163317384984
0.0,0.0,0.0,0.0,0.0,0.2750868269514233,0.0,0.0,0.3608554237237551,0.0,0.19405914167530286,0.0,0.0,0.16999860764951882,0.0,0.0,0.0,0.0,0.0,0.0,0.0,0.0,0.0,0.0,0.0,0.0,0.0,0.0,0.0,0.0,214.0366578605358,5728.278611472651,390.16510641622017,2051.366866912815
0.0,0.0,0.0,0.0,0.0,0.0,0.0,0.0,0.0,0.0,0.0,0.0,0.0,0.0,0.0,0.0,0.0,0.0,0.0,0.0,0.0,0.0,0.0,0.0,0.5709427848283621,0.1758853789768597,0.0,0.2531718361947782,0.0,0.0,121.03765688499814,9056.325326658554,547.6382023895258,2743.9116495929775
0.0,0.0,0.4529220713926985,0.16332196672517027,0.0,0.0,0.0,0.0,0.0,0.0,0.0,0.0,0.12715283598287352,0.0,0.0,0.0,0.0,0.2566031258992577,0.0,0.0,0.0,0.0,0.0,0.0,0.0,0.0,0.0,0.0,0.0,0.0,152.0428850843236,3777.9878404344577,337.99864131456906,2132.500491793662
0.0,0.0,0.0,0.0,0.0,0.0,0.0,0.0,0.0,0.0,0.0,0.0,0.0,0.8164599098443626,0.0,0.0,0.0,0.0,0.0,0.0,0.0,0.0,0.18354009015563746,0.0,0.0,0.0,0.0,0.0,0.0,0.0,58.167007320708734,6395.053621005668,461.873270342589,2817.4335128330717
0.2858819303325225,0.0,0.0,0.0,0.0,0.0,0.0,0.0,0.0,0.0,0.0,0.0,0.0,0.0,0.0,0.0,0.0,0.0,0.0,0.0,0.0,0.0,0.0,0.7141180696674775,0.0,0.0,0.0,0.0,0.0,0.0,8.100759696447344,3461.86598972978,444.8762237386145,2763.2130715432595
0.0,0.0,0.0,0.0,0.0,0.6050110468496275,0.0,0.0,0.0,0.0,0.0,0.0,0.0,0.0,0.0,0.0,0.0,0.0,0.0,0.6602773566059854,0.0,0.0,0.0,0.0,0.0,0.0,0.0,0.0,0.0,0.0,121.43971207190016,3657.1318901103336,171.52771290356435,1730.6466429770812
0.0,0.0,0.0,0.0,0.0,0.0,0.0,0.0,0.0,0.0,0.10470273864357026,0.0,0.0,0.0,0.0,0.0,0.0,0.0,0.0,0.0,0.0,0.0,0.33866467574818765,0.5304730130640878,0.0,0.0,0.0,0.0,0.026159572544154446,0.0,48.00126743604896,9201.07179135149,575.8207442522676,2548.3552776668957
0.0,0.0,0.0,0.0,0.027001671575596947,0.0,0.0,0.45359516593528143,0.0,0.07621372451607163,0.0,0.0,0.0,0.0,0.0,0.0,0.0,0.0,0.0,0.20943247550571417,0.0,0.0,0.0,0.0,0.0,0.23375696246733565,0.0,0.0,0.0,0.0,15.848371618470207,15612.508386882886,345.9063515988628,1614.1797005771639
0.0,0.0,0.0,0.0,0.0,0.3111162704767164,0.0,0.0,0.0,0.0,0.0,0.09473082516444915,0.0,0.0,0.0,0.2757134691498767,0.0,0.0,0.0,0.0,0.0,0.0,0.0,0.0,0.0,0.0,0.0,0.21464599740114787,0.10379343780780975,0.0,129.22556511695345,7981.8562531083135,664.5498086520743,2809.5774739195153
0.0,0.0,0.0,0.0,0.0,0.0,0.49393138974265133,0.0,0.0,0.0,0.0,0.0,0.0,0.0,0.0,0.0,0.0,0.0,0.0,0.0,0.5060686102573486,0.0,0.0,0.0,0.0,0.0,0.0,0.0,0.0,0.0,207.6174224744499,7590.389436218916,336.1354156997571,728.5675661383004
0.3336223609847535,0.0,0.0,0.0,0.0,0.0,0.0,0.0,0.0,0.0,0.0,0.0,0.0,0.13299716698825567,0.0,0.0,0.0,0.0,0.0,0.0,0.0,0.0,0.0,0.4445867693391364,0.0,0.0,0.08879370268785435,0.0,0.0,0.0,13.081267898196298,4434.573761367985,411.50305599795166,2669.5260899159757
0.0,0.0,0.0,0.0,0.0,0.0,0.0,0.39174449895020796,0.22534706098082638,0.0,0.34692507810151935,0.0,0.0,0.0,0.0,0.0,0.0,0.0,0.0,0.0,0.0,0.0,0.0,0.0,0.0,0.0,0.0,0.035983361967446316,0.0,0.0,165.2701954475518,12362.305739220581,436.7309999616743,988.5621009750072
0.0,0.0,0.0,0.0,0.0,0.0,0.0,0.0,0.2985539903486566,0.0,0.20381280095004203,0.0,0.09267524431937185,0.0,0.0,0.0,0.0,0.0,0.0,0.0,0.0,0.0,0.1754578455759066,0.0,0.0,0.0,0.0,0.0,0.0,0.22950011880602286,159.58579226615944,8621.826859593319,432.90145637483477,1066.591906890785
0.0,0.24597379650529705,0.26384654679989283,0.0,0.0,0.0,0.0,0.0,0.0,0.0,0.0,0.0,0.09048881063385454,0.0,0.0,0.0,0.0,0.0,0.0,0.0,0.0,0.0,0.0,0.0,0.0,0.0,0.0,0.0,0.3996908460609558,0.0,22.119508150547695,7701.516495356248,367.91193332382113,1607.7582519932882
0.0,0.19176977348356125,0.0,0.0,0.0,0.0,0.0,0.0,0.0,0.0,0.0,0.0,0.4748999093851727,0.0,0.0,0.0,0.0,0.19368180768107313,0.0,0.0,0.0,0.0,0.0,0.0,0.0,0.0,0.0,0.0,0.1396485094501929,0.0,112.83903288678803,5124.707574691587,361.4020360146451,934.8367743996141
0.0,0.3304920852176776,0.0,0.0,0.0,0.0,0.0,0.0,0.0,0.22143784952815573,0.0,0.0,0.0,0.0,0.0,0.0,0.0,0.0,0.0,0.0,0.0,0.0,0.4480700652541667,0.0,0.0,0.0,0.0,0.0,0.0,0.0,18.456964407146614,14226.404654542226,419.5601013764822,709.8060382572085
0.0,0.0,0.0,0.0,0.0,0.0,0.0,0.0,0.06430919539683341,0.0,0.17098334907931292,0.0,0.0,0.053979824693101704,0.0,0.0,0.0,0.3262401626926615,0.0,0.20778591603029628,0.0,0.0,0.0,0.0,0.0,0.1767015521077942,0.0,0.0,0.0,0.0,201.7253152122811,6671.479337745689,593.5415804938141,1629.3063253450393
0.18969862881339844,0.0,0.0,0.0,0.0,0.0,0.23522379838678711,0.0,0.355372992915014,0.0,0.0,0.0,0.0,0.0,0.0,0.1434899989688243,0.0,0.0,0.0,0.0,0.0,0.0,0.0,0.0,0.0,0.0,0.07621458091597604,0.0,0.0,0.0,123.45935901956231,8104.99377358801,368.51579618830345,1582.7083765887583
0.0,0.07535440910092672,0.0,0.0,0.0,0.0,0.0,0.11881856629323377,0.0,0.0,0.169472953149584,0.0,0.0,0.0,0.0,0.0,0.0,0.0,0.0,0.09340853965916134,0.18186902721665674,0.3610765045804374,0.0,0.0,0.0,0.0,0.0,0.0,0.0,0.0,116.62565674281421,7393.118352163656,494.9776662149527,1415.7937764539538
0.0,0.0,0.0,0.0,0.0,0.13271210776592443,0.0,0.0,0.0,0.0,0.0,0.0,0.0,0.0,0.0,0.0,0.0,0.0,0.0,0.0,0.0,0.0,0.361339666770354,0.0,0.5059482254637214,0.0,0.0,0.0,0.0,0.0,171.62109689962136,10061.82706591665,363.80101742072276,2179.6996233296927
0.6077097858344767,0.0,0.0,0.0,0.0,0.0,0.0,0.0,0.0,0.0,0.0,0.0,0.0,0.0,0.0,0.0,0.0,0.0,0.0,0.0,0.0,0.1282668960810734,0.0,0.0,0.1830674183012199,0.0,0.08095589978322994,0.0,0.0,0.0,41.8844360849259,4726.420344553618,262.61903102986656,1385.4385275515458
0.0,0.0,0.0,0.0,0.0,0.0,0.0,0.0,0.0,0.0,0.0,0.0,0.0,0.0,0.0,0.0,0.0,0.0,0.0,0.17851121801357125,0.0,0.0,0.0,0.0,0.0,0.8214887819864286,0.0,0.0,0.0,0.0,6.838137562127719,12769.551065619424,573.3763011345972,3110.956592296721
0.0,0.0,0.0,0.0,0.0,0.0,0.0,0.0,0.0,0.0,0.0,0.0,0.0,0.0,0.0,0.0,0.0,0.0,0.0,0.0,0.6659655883943577,0.0,0.3340344116056423,0.0,0.0,0.0,0.0,0.0,0.0,0.0,201.3013800221839,10450.888121419452,314.8611268105284,764.4179074499683
0.27797709821796146,0.0,0.0,0.0,0.3697822974312217,0.13727819013415,0.0,0.0,0.0,0.18623853682148636,0.0,0.0,0.0,0.0,0.0,0.0,0.0,0.0,0.0,0.0,0.0,0.0,0.0,0.0,0.0,0.028723877395180338,0.0,0.0,0.0,0.0,42.36121322155156,7122.800086499194,505.87421273715336,1943.3964294071773
0.0,0.0,0.0,0.0,0.0,0.0,0.0,0.0,0.0,0.0,0.0,0.0,0.0,0.0,0.0,0.0,0.0,0.0,0.0,0.0,0.0,0.0,0.0,0.0,0.0,0.0,0.4603366816641866,0.0,0.0,0.5396633183358134,4.890148745039964,7626.333727217232,211.02846152315283,1202.62587809354
0.0,0.0,0.0,0.0,0.0,0.0,0.0,0.0,0.0,0.0,0.0,0.0,0.0,0.0,0.0,0.12701353956571476,0.06519339537260505,0.0,0.0,0.3317536888062473,0.1760525476237788,0.22966832920101862,0.0,0.0,0.0,0.0,0.0,0.0,0.0,0.0703184994306354,82.04072471465724,4827.128845564005,421.6867590406585,1721.0532045871269
0.0,0.0,0.0,0.0,0.0,0.0,0.23640238554385,0.08154577096764866,0.0,0.0,0.0,0.0,0.0,0.0,0.0,0.0,0.368441448352813,0.0,0.0,0.026954487472052348,0.0,0.12345837810211016,0.0,0.0,0.0,0.0,0.0,0.0,0.16319752956152578,0.0,85.06691988467705,7550.840103918058,378.5235233209075,1436.0473333448608
0.0,0.0,0.0,0.0,0.14397278277219186,0.0,0.0,0.0,0.3728780398059362,0.0,0.0,0.0,0.0,0.038061170785434084,0.0,0.0,0.0,0.0,0.20410685410109755,0.0,0.0,0.0,0.0,0.0,0.24098115253534047,0.0,0.0,0.0,0.0,0.0,200.7028435628106,6658.94975001827,449.15479163559326,1868.1495028317831
0.35934464880600536,0.0,0.0,0.1900361818488548,0.0,0.0,0.0,0.0,0.0,0.0,0.0,0.0,0.0,0.0,0.0,0.0,0.0,0.0,0.0,0.0,0.2509313365682301,0.0,0.0,0.10591420316108315,0.09377362961582673,0.0,0.0,0.0,0.0,0.0,151.90704337751512,5023.783476674419,292.6439734502029,1810.9173366388366
0.0,0.0,0.0,0.0,0.554175183177955,0.26916864210208813,0.0,0.0,0.0,0.0,0.0,0.0,0.0,0.0,0.0,0.0,0.0,0.0,0.0,0.0,0.0,0.0,0.0,0.0,0.1766561747199567,0.0,0.0,0.0,0.0,0.0,111.23716718027823,4957.636006527017,569.8954266492924,2762.7000227925128
0.44710127671572,0.0,0.0,0.0,0.0,0.0,0.0,0.09974322987609348,0.0,0.0,0.0,0.0,0.0,0.0,0.0,0.0,0.0,0.0,0.0,0.0,0.0,0.0,0.0,0.0,0.06684016379271134,0.0,0.0,0.3863153296154753,0.0,0.0,16.50700138076186,9011.339107431606,513.4309677927506,970.3294493073023
0.0,0.11121391515516384,0.0,0.0,0.0,0.0,0.0,0.0,0.48243566625775686,0.027975502478961335,0.0,0.0,0.25604280511530836,0.0,0.0,0.0,0.0,0.0,0.0,0.0,0.0,0.0,0.1223321109928097,0.0,0.0,0.0,0.0,0.0,0.0,0.0,149.26560808108428,7895.29579845474,301.9810592431139,995.0526239118519
0.036659856863428146,0.0,0.0,0.0,0.16280948710762733,0.0,0.0,0.0,0.0,0.0,0.0,0.0,0.0,0.0,0.0,0.07305393097647539,0.0,0.0,0.0,0.0,0.1363883950216447,0.15139633185792756,0.43969199817289684,0.0,0.0,0.0,0.0,0.0,0.0,0.0,69.24180949292676,11389.816413049817,574.3536460172129,1634.563039100452
0.0,0.0,0.0,0.24977427451465628,0.0,0.0,0.0,0.0,0.0,0.0,0.0,0.0,0.0,0.0,0.0,0.0,0.0,0.0,0.0,0.4414101053838932,0.0,0.3088156201014506,0.0,0.0,0.0,0.0,0.0,0.0,0.0,0.0,66.85638494190663,3693.0779128938343,265.19938596568534,1797.2123765038073
0.0,0.0,0.0,0.0,0.0,0.0,0.0,0.33675633781606884,0.0,0.0,0.0,0.0,0.0,0.0,0.0,0.2115614985897364,0.0,0.2524674803525087,0.0,0.0,0.0,0.0,0.0,0.0,0.19921468324168604,0.0,0.0,0.0,0.0,0.0,162.1269968567316,10827.261153685691,431.14718697788595,2055.385414510002
0.0,0.18770862848181377,0.0,0.0,0.19333357836326517,0.20461069849500707,0.02456371550059626,0.0,0.0,0.0,0.0,0.0,0.0,0.0,0.0,0.0,0.14819202139275844,0.0,0.0,0.0,0.0,0.0,0.0,0.0,0.0,0.0,0.24159135776655924,0.0,0.0,0.0,86.81926271385872,7217.148383034242,438.0521285515005,2087.8059767165755
0.0,0.0,0.0,0.0,0.0,0.0,0.0,0.0,0.0,0.0,0.0,0.0,0.0,0.8575062690016491,0.0,0.0,0.0,0.0,0.0,0.0,0.0,0.0,0.0,0.0,0.0,0.06646968505430473,0.07602404594404638,0.0,0.0,0.0,44.232896990138364,4825.6983650683105,449.88694453704994,3208.5922146019516
0.0,0.0,0.0,0.0,0.42494936651251547,0.0,0.19942040280102602,0.0,0.0,0.0,0.0,0.0,0.0,0.0,0.0,0.37563023068645846,0.0,0.0,0.0,0.0,0.0,0.0,0.0,0.0,0.0,0.0,0.0,0.0,0.0,0.0,38.62361559554041,7513.548088544194,740.8035027948912,2972.31836428664
0.0,0.5137765274279009,0.0,0.0,0.0,0.0,0.0,0.0,0.0,0.0,0.0,0.0,0.0,0.0,0.0,0.0,0.0,0.48622347257209914,0.0,0.0,0.0,0.0,0.0,0.0,0.0,0.0,0.0,0.0,0.0,0.0,171.26549457636244,4815.660018711466,514.4836183982392,571.4584658660326
0.0,0.0,0.0,0.0,0.0,0.0,0.0,0.0,0.0,0.0,0.0,0.0,0.1436048028462867,0.0,0.0,0.0,0.0,0.0,0.18487843475735632,0.0,0.1414029966516136,0.0,0.0,0.0,0.0,0.0,0.17065936707515747,0.35945439866958584,0.0,0.0,100.21101062150775,8759.585818173586,561.3499815868554,997.4205442918154
0.0,0.0,0.18169464627812512,0.0,0.07531895715454319,0.0,0.0,0.0,0.0,0.0,0.0,0.0,0.0,0.0,0.0,0.0,0.0,0.0,0.0,0.058296860292796404,0.0,0.0,0.3885791212761133,0.0,0.12326172390927166,0.17284869108915038,0.0,0.0,0.0,0.0,47.147174436296154,13116.16384457664,487.07937549271224,2286.1192590042174
0.0,0.0,0.0,0.0,0.0,0.2925258081665157,0.0,0.0,0.0,0.0,0.0,0.0,0.6035251962773813,0.0,0.0,0.10394899555610296,0.0,0.0,0.0,0.0,0.0,0.0,0.0,0.0,0.0,0.0,0.0,0.0,0.0,0.0,149.0933508515261,3603.4879916701734,272.7394515304952,1780.710257342149
0.41963155023204846,0.0,0.0,0.0,0.0,0.18653987392704846,0.0,0.0,0.0,0.0,0.0,0.0,0.0,0.0,0.0,0.0,0.0,0.0,0.0,0.0,0.0,0.0,0.0,0.0,0.0,0.0,0.3938285758409032,0.0,0.0,0.0,45.632216090600295,6791.92920065733,179.34741000269617,1466.0540469073385
0.09728774187410914,0.0,0.048290461870191294,0.0,0.0,0.0,0.0,0.0,0.0,0.0,0.0,0.29586523397938175,0.0,0.0,0.0,0.0,0.0,0.0,0.0,0.0,0.0,0.0,0.44394912549342685,0.0,0.0,0.0,0.0,0.114607436782891,0.0,0.0,111.76628400031848,12155.691451609347,624.6895176162421,2169.464680988001
0.0,0.0,0.0,0.1164637335581017,0.2764564782707551,0.0,0.0,0.0,0.0,0.0,0.0,0.17700397475411622,0.0,0.0,0.0,0.3182907432164777,0.0,0.11178507020054915,0.0,0.0,0.0,0.0,0.0,0.0,0.0,0.0,0.0,0.0,0.0,0.0,153.36458338048942,6046.6303335539005,755.8232275669696,3305.7180019292477
0.0,0.0,0.0,0.0892263449948485,0.0,0.0,0.0,0.0,0.0,0.0,0.0,0.0,0.0,0.0,0.07380303964567445,0.0,0.0,0.0,0.0,0.0,0.0,0.0,0.0,0.0,0.6528361598545518,0.0,0.0,0.0,0.0,0.18413445550492533,172.53711700296552,5387.080027799876,333.71142893700267,2702.013509274398
0.0,0.0,0.0,0.12436897533924886,0.1872977733192851,0.0,0.0,0.14097520487993753,0.0,0.0,0.0,0.0,0.0,0.0,0.0,0.0,0.0,0.0,0.0,0.0,0.0,0.0,0.0,0.0,0.0,0.21562401391854633,0.0,0.3317340325429822,0.0,0.0,43.86196283342064,12534.324679772442,755.5002535115186,2305.372076928912
0.0,0.0,0.33346326740278703,0.0,0.0,0.0,0.0,0.0,0.0,0.0,0.0,0.0,0.004150280172622901,0.0,0.0,0.23418694299147436,0.2664185185279383,0.0,0.0,0.0,0.11653962044971629,0.0,0.0,0.0,0.0,0.04524137045546102,0.0,0.0,0.0,0.0,85.843326515371,6623.045780433367,472.3429847055074,2754.201856456195
0.0,0.06203182983899774,0.0,0.0,0.11519346481253327,0.4893091085186304,0.0,0.04362219862430417,0.0,0.0,0.0,0.0,0.0,0.23391786396128286,0.0,0.0,0.0,0.0,0.0,0.0,0.0,0.0,0.0,0.0,0.0,0.0,0.0,0.0559255342442516,0.0,0.0,157.27740893527942,6028.984295308438,403.12039825051386,2731.9464699929827
0.0,0.37831703664610317,0.0,0.0,0.0,0.0,0.0,0.0,0.0,0.3094180394207062,0.09547399485683236,0.0,0.0,0.0,0.12814628174674014,0.0,0.0,0.08864464732961813,0.0,0.0,0.0,0.0,0.0,0.0,0.0,0.0,0.0,0.0,0.0,0.0,69.13190267172827,9454.884880990736,536.2933206621868,1071.2404946091058
0.1881496897754779,0.0,0.0,0.0,0.0,0.0,0.0,0.0,0.0,0.0,0.0,0.0,0.0,0.0,0.0,0.23511785170109298,0.39193263983877596,0.0,0.0,0.0,0.0,0.0,0.0,0.18479981868465312,0.0,0.0,0.0,0.0,0.0,0.0,77.26430739873777,4852.710124403982,429.6243849433802,2458.4804751626966
0.09924539145881034,0.0,0.0,0.0,0.0,0.4759860919198923,0.0,0.0,0.0,0.0,0.0,0.0,0.0,0.0,0.0,0.0,0.0,0.0,0.0,0.0,0.0,0.0,0.0,0.0,0.0,0.0,0.4247685166212974,0.0,0.0,0.0,117.07942703431556,6514.375143264772,183.30601714916432,2196.594433850793
0.0,0.0,0.0,0.0,0.0,0.0,0.0,0.05776275928718896,0.0,0.0,0.0,0.0,0.0,0.0,0.0,0.0,0.0,0.0,0.0,0.0,0.0,0.0,0.0,0.5719470725293812,0.0,0.0,0.0,0.18505945107128147,0.0,0.18523071711214845,5.88117274713675,6830.484770320538,566.9481289708225,2507.031838282308
0.0,0.0,0.0,0.0,0.0,0.0,0.0,0.0,0.0,0.0,0.0,0.0,0.0,0.0,0.0,0.0,0.0,0.0,0.0,0.0,0.0,0.0,0.0,0.14705595144330705,0.0,0.0,0.0,0.852944048556693,0.0,0.0,0.2529926709193089,10007.227112290966,840.2640986351739,1428.8228596076883
0.0,0.0,0.07765910459987743,0.0,0.2033256020928245,0.0,0.0,0.07543838792119198,0.0,0.0,0.0,0.0,0.0,0.0,0.0,0.0,0.0,0.07350380751550438,0.0,0.0,0.0,0.0,0.0,0.3321994370865956,0.0,0.0,0.237873660784006,0.0,0.0,0.0,34.9705574192434,7702.378711395878,517.374308351577,2778.255636601514
0.0,0.0,0.0,0.0,0.0,0.0,0.0,0.0,0.0,0.25198748227327256,0.5821709318200373,0.0,0.0,0.0,0.0,0.0,0.0,0.0,0.0,0.0,0.0,0.0,0.0,0.16584158590669013,0.0,0.0,0.0,0.0,0.0,0.0,157.68612475281066,8166.124726065439,682.3807288599736,1570.5372235318748
0.0,0.0,0.0,0.2457784401960849,0.0,0.0,0.0,0.0,0.0,0.2617704915782397,0.0,0.0,0.0,0.2046902632634484,0.0,0.0,0.09032341444786518,0.0,0.0,0.0,0.0,0.0,0.19743739051436177,0.0,0.0,0.0,0.0,0.0,0.0,0.0,100.51770088727682,10349.587375429492,352.3611080607051,2105.006257484799
0.0,0.0,0.20310766736295427,0.0,0.0,0.0,0.0,0.0,0.0,0.1511484418892509,0.0,0.0,0.0,0.1562038230198954,0.0,0.0,0.21550514811534502,0.0,0.0,0.0,0.0,0.12075165929449211,0.0,0.0,0.0,0.0,0.0,0.0,0.0,0.15328326031806236,50.60133774829088,6433.970176811744,378.4307433445208,2346.199879797384
0.0,0.0,0.0,0.0,0.0,0.0,0.0,0.0,0.47529204052039253,0.0,0.14405554569867618,0.0,0.0,0.0,0.0,0.0,0.0,0.0,0.3806524137809313,0.0,0.0,0.0,0.0,0.0,0.0,0.0,0.0,0.0,0.0,0.0,225.99945630072773,6043.1933698775965,429.6398176775094,906.8840629586035
0.0,0.3821420769186202,0.0,0.0,0.0,0.0,0.0,0.0,0.0,0.0,0.0,0.3082546778118541,0.0,0.0,0.0,0.1577609757905124,0.0,0.0,0.15184226947901336,0.0,0.0,0.0,0.0,0.0,0.0,0.0,0.0,0.0,0.0,0.0,146.9209944310882,7039.4511372508005,635.9334410742973,2435.54310092931
0.0,0.0,0.0,0.0,0.0,0.0908934301882476,0.0,0.0,0.0,0.0,0.0,0.0,0.0,0.0,0.0,0.0,0.0,0.0,0.5213457330801268,0.0,0.0,0.0,0.0,0.0,0.3877608367316256,0.0,0.0,0.0,0.0,0.0,216.18750178109215,5033.2217530122,384.5069457496052,1872.3745794203498
0.0,0.0,0.0,0.0,0.0,0.0,0.0,0.19629509560926825,0.08439503141007974,0.0,0.0,0.0,0.0,0.10032739872016443,0.0,0.12241711526943747,0.0,0.0,0.26317420126742513,0.2333911577236251,0.0,0.0,0.0,0.0,0.0,0.0,0.0,0.0,0.0,0.0,94.60003850752246,8579.305043763103,398.14775645401124,1442.2966709036089
0.2551933581303607,0.0,0.0,0.0,0.0,0.0,0.3929269021608553,0.0,0.0,0.0,0.1680166310753752,0.0,0.0,0.0,0.0,0.0,0.0,0.18386310863340877,0.0,0.0,0.0,0.0,0.0,0.0,0.0,0.0,0.0,0.0,0.0,0.0,173.49566067038157,6527.224725766465,442.766924659274,857.1039541003084
0.0,0.0,0.0,0.0,0.0,0.0,0.05050464499234745,0.0,0.0,0.0,0.3736683671611954,0.0,0.0,0.0,0.5470450428874046,0.0,0.0,0.0,0.0,0.0,0.0,0.028781944959052563,0.0,0.0,0.0,0.0,0.0,0.0,0.0,0.0,112.7095865056155,7683.559240512322,820.0694037313018,1945.7205808488447
0.0,0.0,0.0,0.0,0.0,0.0,0.0,0.0,0.0,0.0,0.13485411714309942,0.0,0.0,0.0,0.13596004253943889,0.3244406276493084,0.0,0.1494222168117965,0.0,0.0,0.0,0.0,0.0,0.0,0.0,0.11427315858733564,0.14104983726902118,0.0,0.0,0.0,107.72612400733361,9243.347413127907,752.7219195927745,2802.746785112613
0.0,0.0,0.0,0.376480632304715,0.0,0.0,0.0,0.0,0.0,0.0,0.22534908552669078,0.22643790560584046,0.0,0.0,0.0,0.0,0.0,0.0,0.0,0.0,0.0,0.0,0.0,0.0,0.08996289689075239,0.0,0.0,0.0,0.0817694796720014,0.0,252.74318304771208,5532.35295281322,496.74354699121125,2783.44303891953
0.0,0.0,0.0,0.0,0.0,0.0,0.0,0.0,0.0,0.0,0.0,0.0,0.0,0.0,0.0,0.0,0.0,0.0,0.3257710352791229,0.0,0.0,0.0,0.0,0.06425549338248301,0.0,0.0,0.0,0.6099734713383941,0.0,0.0,65.98777273265384,9765.649693230795,740.5937946049527,1050.4527233711667
0.0,0.0,0.0,0.0,0.06321863400942175,0.08507460446790734,0.0,0.0,0.0,0.36867328199720506,0.0,0.0,0.23780159238991522,0.0,0.0,0.0,0.0,0.0,0.0,0.0,0.0,0.0,0.2355971333715534,0.0,0.0,0.009634753763997209,0.0,0.0,0.0,0.0,55.823405817973274,12155.706039219041,381.59262560822293,1212.3031334829536
0.0,0.0620409956938196,0.0,0.0,0.0,0.0,0.0,0.0,0.0,0.0,0.0,0.0,0.0,0.06766231923366384,0.0,0.0,0.0,0.0,0.0,0.19231003208422848,0.0,0.26522045955229917,0.0,0.0,0.0,0.2172663314021442,0.19549986203384465,0.0,0.0,0.0,10.2059077073142,8488.194829222914,457.6454790869181,2404.2642509725883
0.0,0.0,0.0,0.0,0.0,0.2396455920679924,0.0,0.20475843120772863,0.0,0.12291172522730998,0.0,0.0,0.0,0.0,0.0,0.0,0.0,0.0,0.0,0.0,0.2602047892087426,0.0,0.0,0.13204300612689304,0.0,0.0,0.0,0.0,0.04043645616133337,0.0,156.3179423682648,9470.357130118206,305.8192484006874,1936.083966083214
0.0,0.0,0.0,0.0,0.0,0.0,0.0,0.0,0.0,0.0,0.0,0.0,0.0,0.0,0.0,0.0,0.0,0.0,0.0,0.0,0.0,0.0,0.0,0.0,0.21509470183856674,0.0,0.4525685246103104,0.0,0.33233677355112273,0.0,54.54972095066552,8874.110112148508,266.4436390661889,1936.9383581502507
0.05895633526193172,0.4643583604926465,0.0,0.0,0.0,0.0,0.0,0.0,0.0,0.0,0.0,0.0,0.0,0.0,0.0,0.0,0.34844150104366295,0.0,0.0,0.0,0.0,0.0,0.0,0.0,0.0,0.0,0.1282438032017588,0.0,0.0,0.0,62.31970214801423,6684.530150112922,369.45198887374073,1060.108577044818
0.0,0.0,0.0,0.0,0.0,0.0477348307416833,0.0,0.0,0.0,0.0,0.12576670304627643,0.0,0.0,0.0,0.11678980848487619,0.24740926255605133,0.4622993951711126,0.0,0.0,0.0,0.0,0.0,0.0,0.0,0.0,0.0,0.0,0.0,0.0,0.0,127.04170992545902,5327.023373215754,591.4126488088599,2343.5152536122887
0.0,0.0,0.0,0.16948259496474302,0.0,0.0,0.0,0.0,0.136814273095087,0.0,0.0,0.0,0.0,0.0,0.0,0.25168028116786095,0.0,0.0,0.0,0.0,0.0,0.0,0.0,0.442022850772309,0.0,0.0,0.0,0.0,0.0,0.0,87.80622074727147,5671.200979131598,525.9024034875071,3093.9188565934637
0.0,0.0,0.0,0.0,0.0,0.0,0.0,0.0,0.0,0.0,0.0,0.43390703564412425,0.0,0.0,0.0,0.0,0.0,0.0,0.0,0.0,0.0,0.0,0.0,0.0,0.0,0.0,0.0,0.0,0.5660929643558757,0.0,139.87871671875132,6691.9748719908,544.2777704791639,2562.606984779101
0.0,0.0,0.11122544267629199,0.0,0.0,0.0,0.23708976908333004,0.0,0.0,0.0,0.0,0.0,0.0,0.0,0.0,0.0,0.0,0.0,0.5302089284393576,0.0,0.0,0.0,0.0,0.0,0.0,0.0,0.12147585980102019,0.0,0.0,0.0,125.36294082446534,6973.104057981507,422.37244357975686,1153.1869277736394
0.25949048198388414,0.0,0.0,0.0,0.0,0.0,0.0,0.17739042547817063,0.0,0.0,0.0,0.0,0.0,0.0,0.0,0.0,0.0,0.0,0.0,0.0,0.33702128752513205,0.0,0.0,0.0,0.22609780501281315,0.0,0.0,0.0,0.0,0.0,177.43170838568741,8431.288364180164,254.63836521777708,1365.7292434619023
0.0,0.0,0.0,0.0,0.0,0.0,0.0,0.0,0.3426711560675321,0.0,0.0,0.0,0.0,0.0,0.0,0.0,0.0,0.0,0.0,0.0,0.0,0.0,0.0,0.0,0.0,0.0,0.0,0.0,0.6573288439324678,0.0,77.86378639228671,8091.1143408575035,325.2659029407789,1256.0435430548519
0.0,0.0,0.0,0.13077283798494505,0.0,0.0,0.0,0.0,0.15256003700672743,0.0,0.0,0.18100845486597833,0.0,0.0,0.0,0.0,0.0,0.0,0.0,0.0,0.0,0.0,0.0,0.0,0.0,0.5356586701423492,0.0,0.0,0.0,0.0,126.79682653868282,10333.416905939492,583.084436486985,3184.2744203370207
0.0,0.0,0.0,0.0,0.0,0.0,0.0,0.0,0.0,0.0,0.0,0.0,0.0,0.0,0.0,0.0,0.4894266538363512,0.5105733461636489,0.0,0.0,0.0,0.0,0.0,0.0,0.0,0.0,0.0,0.0,0.0,0.0,246.07464264227397,2315.9317731609854,436.2536026401317,1011.166428168036
0.0,0.07628076590941141,0.19362817279021766,0.0,0.0,0.0,0.0,0.0,0.0,0.0,0.18932658554458595,0.0,0.0,0.0,0.09841877715340329,0.0,0.0,0.0,0.05830110865089018,0.0,0.0,0.0,0.0,0.0,0.0,0.0,0.0,0.3840445899514914,0.0,0.0,73.2677531271498,9402.52081870381,753.8895085451628,1666.6535896516245
0.0,0.0,0.07777810684863345,0.0,0.0,0.0,0.0,0.0,0.0,0.0,0.0,0.0,0.0,0.0,0.16294432767092198,0.47999376135728716,0.0,0.05788214894637919,0.0,0.0,0.09303683106237237,0.0,0.0,0.0,0.1283648241144057,0.0,0.0,0.0,0.0,0.0,106.8240733696978,7614.74304374505,679.2953808390678,3095.956870384073
0.0,0.0,0.0,0.0,0.0,0.9170951870827384,0.0,0.0,0.0,0.0,0.0,0.0,0.0,0.0,0.0,0.0,0.0,0.0,0.0,0.0,0.0,0.0,0.0,0.0829048129172616,0.0,0.0,0.0,0.0,0.0,0.0,234.79261696477468,3567.1820606257465,190.06192032025646,2781.8580514126597
0.0,0.0,0.0,0.0,0.0,0.32113832845351814,0.0,0.09625110150648314,0.0,0.06574925479062002,0.005986747795920273,0.0,0.42884415583950347,0.0,0.0,0.0,0.0,0.0,0.0,0.0,0.0,0.0,0.0,0.0,0.0,0.0,0.0,0.0,0.08203041161395484,0.0,134.88014921697166,6218.228152695674,236.23793540751348,1594.33378998189
0.0,0.0,0.0,0.2829878556810124,0.0,0.0,0.0,0.0,0.0,0.29676222712568556,0.0,0.0,0.08722458436740319,0.0,0.0,0.0,0.3330253328258987,0.0,0.0,0.0,0.0,0.0,0.0,0.0,0.0,0.0,0.0,0.0,0.0,0.0,127.16810766039715,6703.231503881246,251.60300179620768,1711.9375570800744
0.07843581594318441,0.10378428629359543,0.24389017582406466,0.0,0.0,0.0,0.0,0.0,0.0,0.0,0.0,0.0,0.0,0.0,0.0,0.0,0.24762860249124072,0.3262611194479148,0.0,0.0,0.0,0.0,0.0,0.0,0.0,0.0,0.0,0.0,0.0,0.0,165.39317999479636,4047.4155066289836,386.88965952078235,1548.3694321375901
0.0,0.0,0.0,0.0,0.0,0.20600463856471796,0.0,0.0,0.0,0.2682456617097521,0.0,0.0,0.0,0.0,0.1243426594865321,0.0,0.0,0.0,0.0,0.0,0.40140704023899776,0.0,0.0,0.0,0.0,0.0,0.0,0.0,0.0,0.0,199.6465316661311,8306.515878273522,352.86301819569366,1502.0381385905278
0.0,0.0,0.0,0.0,0.0,0.0,0.0,0.0,0.06863218624340242,0.0,0.0,0.0,0.35196388282275026,0.0,0.0,0.0,0.0,0.0,0.0,0.10502925059924623,0.33395178992216334,0.0,0.0,0.0,0.0,0.0,0.0,0.0,0.0,0.14042289041243772,160.9394484672803,4477.563569530515,281.7366774339896,940.7031557542678
0.0,0.0,0.0,0.06250391497637517,0.0,0.0,0.0,0.0,0.0,0.0,0.0,0.0,0.0,0.0,0.0,0.0,0.0,0.0,0.0,0.0,0.0,0.009810395981300828,0.330003579845904,0.0,0.0,0.0,0.5976821091964202,0.0,0.0,0.0,27.513033427204437,13672.35762297703,283.90207211877777,1419.4628246529135
0.0,0.0,0.0,0.3702821464031272,0.019679354662914515,0.0,0.0,0.0,0.0,0.0,0.0,0.0,0.0,0.0,0.0,0.1178032339794649,0.0,0.3810966660714979,0.0,0.0,0.0,0.0,0.0,0.0,0.0,0.11113859888299538,0.0,0.0,0.0,0.0,253.06330704492478,5252.026781233989,488.798526116358,2495.675178787121
0.0,0.0,0.0,0.0,0.0,0.3561495332328245,0.0,0.05988010183779759,0.0,0.0,0.5468374108426891,0.0,0.0,0.0,0.0,0.0,0.037132954086688666,0.0,0.0,0.0,0.0,0.0,0.0,0.0,0.0,0.0,0.0,0.0,0.0,0.0,250.77939248129638,6001.6868379252655,524.8290584342873,1778.6223493481286
0.0,0.0,0.0,0.0,0.0,0.0,0.0,0.05375694845542068,0.0,0.11783796751347611,0.0,0.0,0.0,0.0,0.35702792680617773,0.07959328277492274,0.0,0.0,0.3238575261189347,0.0,0.0,0.0,0.06792634833106792,0.0,0.0,0.0,0.0,0.0,0.0,0.0,77.2990295080532,10241.400259733287,652.5750097236141,1786.2735970336978
0.0,0.0,0.0,0.0,0.0,0.0,0.0,0.0,0.0,0.0,0.0,0.0,0.0,0.027906012388490685,0.5790485846086115,0.0,0.0,0.0,0.0,0.0,0.17191500256062528,0.0,0.0,0.0,0.0,0.0,0.0,0.22113040044227245,0.0,0.0,55.74552868006262,8623.741745313613,765.4458135006059,1971.9296502881564
0.0,0.0,0.0,0.33602488626000326,0.0,0.0,0.0,0.11287981362644506,0.0,0.0,0.10397677426240012,0.0,0.0,0.0,0.0,0.0,0.0,0.0,0.0,0.0,0.0,0.0,0.0,0.44711852585115147,0.0,0.0,0.0,0.0,0.0,0.0,116.72652945230007,6022.5895991385005,433.0380841127249,2978.0259331315965
0.0,0.0,0.0,0.0,0.0,0.3396043675460538,0.0,0.0,0.0,0.500680186178671,0.0,0.0,0.0,0.0,0.0,0.0,0.0,0.0,0.0,0.0,0.0,0.0,0.0,0.0,0.0,0.0,0.0,0.0,0.0,0.1597154462752752,89.84446050874405,9050.601808638105,255.3958996569564,1583.084696557681
0.0,0.0,0.0,0.16309592085973562,0.0,0.0,0.08677455871822344,0.0,0.0,0.09785499719980732,0.0,0.0,0.0,0.0,0.0,0.0,0.0,0.0,0.0,0.0,0.0,0.0,0.11828208042395315,0.0,0.0,0.0,0.0924105673755112,0.0,0.44158187542276933,0.0,70.38233170616057,10392.088712103716,331.39630475609323,1631.5050758656114
0.0,0.0,0.0,0.0,0.0,0.0,0.0,0.0,0.046265748831035416,0.0,0.0,0.061102651689427114,0.0,0.0,0.0,0.08976317088440561,0.0,0.16628096084247573,0.0,0.0,0.0,0.6365874677526561,0.0,0.0,0.0,0.0,0.0,0.0,0.0,0.0,97.09392605807024,4188.085565417974,553.4430561351288,2117.4244053966486
0.0,0.0,0.0,0.0,0.0,0.0,0.0,0.0,0.0,0.0,0.0,0.0,0.0,0.7010873018621586,0.0,0.0,0.0,0.0,0.0,0.0,0.0,0.0,0.0,0.2989126981378414,0.0,0.0,0.0,0.0,0.0,0.0,46.07394376809948,3761.3030261368353,505.09600870840563,3586.9150141696696
0.0,0.0,0.11335519864741156,0.0,0.0,0.0,0.0,0.0,0.42742496691214055,0.0,0.0,0.0,0.0,0.22274612309520492,0.0,0.0,0.0,0.0,0.0,0.0,0.0,0.23647371134524298,0.0,0.0,0.0,0.0,0.0,0.0,0.0,0.0,121.3839280901507,5493.9262879328735,380.7210274746336,2131.7062017942526
0.0,0.0,0.0,0.24943875117585623,0.0,0.0,0.0,0.0,0.0,0.0,0.0,0.0,0.0,0.07915257528090901,0.47102670057591084,0.0,0.0,0.0,0.0,0.20038197296732377,0.0,0.0,0.0,0.0,0.0,0.0,0.0,0.0,0.0,0.0,74.10646677759726,6150.698804042444,526.0507243672065,2321.038718481145
0.0,0.0,0.0,0.0,0.0,0.0,0.0,0.0,0.0,0.12318422731761966,0.0,0.17668583456445347,0.0,0.0,0.0,0.06373964421464318,0.0,0.5491373625627424,0.0,0.0,0.0,0.0,0.0,0.0,0.0,0.0,0.08725293134054142,0.0,0.0,0.0,254.46082865463956,5547.879766032503,577.365018600958,1612.4978095062463
0.0,0.0,0.0520512008809289,0.0,0.0,0.0,0.0,0.0,0.2588416636273459,0.0,0.0,0.0,0.0,0.0,0.0,0.0,0.3993438045769497,0.0,0.0,0.0,0.0,0.0,0.186043907623514,0.0,0.0,0.0,0.10371942329126167,0.0,0.0,0.0,135.83274893022937,8561.151814526598,327.92485526615405,1426.805022291368
0.0,0.0,0.0,0.0,0.0,0.0,0.0,0.0,0.0,0.0,0.0,0.0,0.0,0.0,0.0,0.0,0.0,0.0,0.0,0.0,0.0,0.0,0.0,0.0,0.19073516311119285,0.0,0.35975188527249286,0.0,0.4495129516163142,0.0,52.011240007237724,9563.794483618425,284.67428547330775,1937.353680861728
0.0,0.0,0.4332671422612984,0.0,0.0,0.0,0.0,0.0,0.2855256995229719,0.0,0.0,0.0,0.0,0.0,0.0,0.0,0.0,0.0,0.22215749877267993,0.0,0.0,0.0,0.0,0.0,0.0,0.0,0.0,0.0,0.0,0.059049659443049844,115.56481601195317,5899.996903749992,307.8461718738144,1956.5264683208368
0.0,0.0,0.0,0.0,0.0,0.0,0.0,0.0,0.0,0.0,0.0,0.0,0.0,0.0,0.0,0.0,0.0,0.0,0.0,0.0,0.0,0.0,0.0,0.0,0.4301255115627175,0.0,0.0,0.0,0.0,0.5698744884372825,101.01709779917854,5310.923401282174,265.0646101490688,1865.4711418555107
0.0,0.0,0.0,0.0,0.0,0.0,0.0,0.0,0.0,0.0,0.0,0.0,0.0,0.0,0.44152911732916456,0.0,0.0,0.5584708826708357,0.0,0.0,0.0,0.0,0.0,0.0,0.0,0.0,0.0,0.0,0.0,0.0,189.77109734506618,4668.422578958602,736.0880022096002,1398.1146761118528
0.0,0.0,0.0,0.0,0.2113523568494092,0.0,0.5312477567191902,0.0,0.0,0.0,0.0,0.0,0.0,0.25739988643140055,0.0,0.0,0.0,0.0,0.0,0.0,0.0,0.0,0.0,0.0,0.0,0.0,0.0,0.0,0.0,0.0,70.52714477194961,7466.22166504569,488.2026719713292,2018.1394204170426
0.2848678165132305,0.0,0.0,0.0,0.0,0.0,0.0,0.0,0.0,0.0,0.2899615834814163,0.0,0.0,0.22261756621245266,0.0,0.0,0.0,0.0,0.0,0.0,0.0,0.0,0.0,0.0,0.2025530337929005,0.0,0.0,0.0,0.0,0.0,136.33469987318816,5122.815825466408,517.9497321438257,2177.8026998090427
0.0,0.0,0.0,0.0,0.0,0.0,0.0,0.4150202880026547,0.0,0.0,0.0,0.0,0.0,0.0,0.036943005544639806,0.0,0.0,0.0,0.0,0.0,0.28381750086112195,0.0879424461984017,0.0,0.0,0.0,0.0,0.0,0.17627675939318177,0.0,0.0,98.75027960501936,13561.252370451777,425.8234318973292,1137.7573952302648
0.0,0.0,0.0,0.0,0.0,0.0,0.0,0.3741542622170562,0.0,0.0,0.0,0.0,0.0,0.3257753257538175,0.0,0.0,0.0,0.0,0.0,0.028573808649876055,0.0,0.0,0.0,0.0,0.0,0.14627019404235445,0.0,0.0,0.0,0.12522640933689566,30.75457936662239,12640.96830645956,367.1089793672554,2281.5698351502124
0.0,0.0,0.0,0.20048371366269402,0.0,0.0,0.0,0.0,0.0,0.0,0.0,0.0,0.0,0.04808277900116848,0.14868506547983604,0.0,0.09166756227824117,0.0,0.0,0.0,0.0,0.0,0.0,0.0,0.0,0.0,0.0,0.023157221417637795,0.4879236581604225,0.0,76.98597995437862,7586.9305982106025,453.3291534209293,2073.34918266057
0.0,0.0,0.0,0.2141631214512643,0.18317137298277167,0.0,0.0,0.0,0.0,0.0,0.25636118059377266,0.0,0.0,0.05544936063168633,0.0,0.0,0.0,0.0,0.0,0.0,0.0,0.0,0.0,0.0,0.0,0.29085496434050506,0.0,0.0,0.0,0.0,149.7686329129668,8619.499874824347,741.517455943709,2965.8458576437433
0.0,0.0,0.0,0.0,0.0,0.0,0.0,0.0,0.0,0.0,0.0,0.0,0.0,0.0,0.0,0.0,0.0,0.0,0.0,0.0,0.0,0.5726327077356803,0.0,0.0,0.0,0.0,0.42736729226431963,0.0,0.0,0.0,1e-06,6898.6181003968795,363.33219949790197,1995.8912544405139
0.0,0.5247364806837806,0.2415954768230291,0.0,0.0,0.0,0.0,0.0,0.0,0.0,0.0,0.0,0.0,0.0,0.0,0.0,0.0,0.0,0.0,0.0,0.0603226239591784,0.0,0.0,0.0,0.0923973140611909,0.0,0.0,0.0,0.08094810447282101,0.0,45.00209943892188,7881.597338124764,423.40215811683623,1531.3182214890742
0.0,0.11938000517653768,0.0,0.009629840868253291,0.0,0.0,0.10526180493323631,0.0,0.0,0.0,0.0,0.0,0.0,0.0,0.0,0.0,0.0,0.21605911429945693,0.1036063537922372,0.4460628809302786,0.0,0.0,0.0,0.0,0.0,0.0,0.0,0.0,0.0,0.0,115.68799578214312,5047.354602906354,392.3863869486665,827.0735406565634
0.645418915657014,0.0,0.0,0.0,0.0,0.0,0.0,0.0,0.0,0.0,0.0,0.0,0.0,0.0,0.0,0.0,0.0,0.0,0.0,0.0,0.0,0.0,0.0,0.35458108434298596,0.0,0.0,0.0,0.0,0.0,0.0,5.007890256664835,3553.2587985579216,324.12064311267955,1656.818156524099
0.15639398292809914,0.0,0.0,0.0,0.31798579726084186,0.0,0.0,0.0,0.0,0.0,0.0,0.0,0.0,0.0,0.0,0.0,0.0,0.17201077492406192,0.0,0.0,0.0,0.0,0.0,0.0,0.0,0.0,0.06035733118682777,0.29325211370016924,0.0,0.0,71.52100343869074,7731.500303817075,749.8719260033012,1722.1055470597978
0.0,0.0,0.17810284574398444,0.0,0.0,0.0,0.0,0.0,0.09081560370168512,0.0,0.0,0.0,0.0,0.4167562189150964,0.0,0.0,0.0,0.0,0.0,0.0,0.0,0.0,0.0,0.0,0.0,0.3143253316392341,0.0,0.0,0.0,0.0,53.72659533515994,8566.738698115441,507.5911911744412,3575.3127467440086
0.0,0.0,0.0,0.0,0.0,0.0,0.0,0.0,0.0,0.0,0.0,0.0,0.0,0.0,0.6278863883551294,0.0,0.0,0.0,0.0,0.0,0.0,0.0,0.0,0.0,0.0,0.0,0.0,0.0,0.0,0.37211361164487056,4.244465931524104,7078.335858574038,609.49654357079,1934.0233495853772
0.2003179222046432,0.0,0.0,0.0,0.0,0.0,0.0,0.0,0.20763438058328107,0.0,0.0,0.0,0.0,0.0,0.0,0.43105996234503374,0.0,0.0,0.0,0.19498255253128538,0.0,0.0,0.2439638453834302,0.0,0.0,0.0,0.0,0.09070050836404388,0.0,0.0,58.56850269538859,9779.948684149262,526.9362707296992,1801.1812525137807
0.0,0.0,0.0,0.0,0.0,0.0,0.0,0.0,0.0,0.0,0.0,0.0,0.0,0.5422896130490887,0.0,0.0,0.0,0.0,0.0,0.0,0.0,0.0,0.0,0.33458680601073293,0.0,0.0,0.0,0.0,0.12312358094017825,0.0,31.720619025377186,3712.4498662892215,474.3515070328234,3169.8221920815536
0.285774240111488,0.0,0.0,0.0,0.0,0.0,0.0,0.0,0.0,0.0,0.0,0.0,0.0,0.0,0.0,0.0,0.0,0.0,0.0,0.0,0.0,0.0,0.0,0.0,0.0,0.2848144437395016,0.0,0.4294113161490103,0.0,0.0,3.3356991809932772,10683.028775175371,685.9063166306602,1576.410958659916
0.0,0.0,0.0,0.0,0.0,0.0,0.0,0.0,0.0,0.0,0.0,0.0,0.0,0.0,0.0,0.26115157347959955,0.0,0.0,0.0,0.6730488121980343,0.0,0.0,0.0,0.0,0.0,0.0,0.0,0.06579961432236608,0.0,0.0,11.535868810432332,5456.595784178426,416.37096611473686,1552.5541634132642
0.0,0.0,0.0,0.0,0.0,0.0,0.0,0.0,0.0,0.0,0.0,0.0,0.0,0.0,0.552828581251664,0.0,0.0,0.0,0.13900954625084058,0.0,0.0,0.0,0.0,0.0,0.0,0.0,0.3081618724974953,0.0,0.0,0.0,32.52985619935417,8972.478493200204,559.2295836745603,1968.9236300086714
0.0,0.0,0.0,0.0,0.21454880026312956,0.0,0.0,0.0,0.0,0.18811158925257968,0.0,0.0,0.0,0.0,0.0,0.0,0.0,0.0,0.0,0.3074787553916857,0.0,0.0,0.0,0.0,0.0,0.289860855092605,0.0,0.0,0.0,0.0,3.4684120158794403,10154.732353914047,567.6174128438429,2146.6937376978844
0.0,0.0,0.0,0.0,0.0,0.0,0.0,0.0,0.0,0.0,0.0,0.0,0.0,0.0,0.0,0.5842216675995038,0.0,0.4157783324004961,0.0,0.0,0.0,0.0,0.0,0.0,0.0,0.0,0.0,0.0,0.0,0.0,159.40134887239708,5240.072326869651,689.568991574212,2497.566951107959
0.0,0.0,0.0,0.0,0.0,0.0,0.0,0.0,0.5801477034454391,0.0,0.4198522965545609,0.0,0.0,0.0,0.0,0.0,0.0,0.0,0.0,0.0,0.0,0.0,0.0,0.0,0.0,0.0,0.0,0.0,0.0,0.0,239.84444159924092,6457.32497050275,474.82894182116854,988.9585461582884
0.0,0.0,0.0,0.54114716940631,0.0,0.0,0.0,0.0,0.0,0.30037213509649285,0.0,0.0,0.0,0.0,0.0,0.0,0.0,0.0,0.0,0.0,0.0,0.0,0.1584806954971972,0.0,0.0,0.0,0.0,0.0,0.0,0.0,142.65693639192276,8775.722493469859,234.19811969477342,1796.5515817728153
0.0,0.0,0.0,0.0,0.0,0.0,0.0,0.0,0.0,0.0,0.0,0.0,0.0,0.4628008482108698,0.0,0.5371991517891302,0.0,0.0,0.0,0.0,0.0,0.0,0.0,0.0,0.0,0.0,0.0,0.0,0.0,0.0,46.34430602074352,5404.0117304708565,646.988659495507,3707.1949411410624
0.0,0.0,0.0,0.0,0.0,0.0,0.0,0.0,0.0,0.0,0.0,0.0,0.0,0.0,0.0,0.0,0.07773068988787504,0.0,0.0,0.4625104977810792,0.11224882371104968,0.0,0.0,0.24493507385965557,0.0,0.0,0.10257491476034063,0.0,0.0,0.0,49.508750508670325,5486.190431434796,309.06327276036365,1709.4239509740685
0.0,0.0,0.0,0.0,0.0,0.0,0.0,0.1554138153354475,0.0,0.0,0.4527767779849503,0.0,0.1148227675616003,0.0,0.0,0.0,0.1389127741096509,0.0,0.0,0.0,0.0,0.0,0.09938107918892895,0.0,0.0,0.0,0.0,0.0,0.03869278581942185,0.0,174.60848425045967,9157.792088891152,568.3287039904426,1238.7444467319654
0.0,0.0,0.0,0.0,0.0,0.0,0.0,0.0,0.0,0.0,0.0,0.0,0.0,0.7884186965359982,0.0,0.0,0.0,0.0,0.0,0.0,0.0,0.2115813034640019,0.0,0.0,0.0,0.0,0.0,0.0,0.0,0.0,45.84333384280712,3593.687049672744,465.79910414103534,3236.2160817859854
0.0,0.0,0.0,0.0,0.0,0.0,0.0,0.0,0.0,0.24991748142533232,0.0,0.0,0.0,0.0,0.0,0.0,0.0,0.0,0.0,0.0,0.0,0.0,0.0,0.30532761227416816,0.0,0.23226316550549733,0.0,0.21249174079500216,0.0,0.0,7.380171136255953,11657.980681141542,613.3728676617056,2797.3147879251105
0.0,0.0,0.0,0.0,0.06588106984013281,0.0,0.0,0.0,0.0,0.0,0.0,0.0,0.0,0.0,0.0,0.0,0.0,0.0,0.0,0.0,0.3918736420209599,0.0,0.0,0.0,0.29232815457023476,0.0,0.1153456195620781,0.1345715140065944,0.0,0.0,206.3221259552433,7469.791548503324,434.9228970934392,1924.0467259924287
0.0,0.0,0.33507249087257374,0.0,0.0,0.0,0.0,0.13294248484083637,0.18599432677998398,0.0,0.0,0.0,0.0,0.0,0.0,0.07550174035385833,0.0,0.22495092989373866,0.045538027259008934,0.0,0.0,0.0,0.0,0.0,0.0,0.0,0.0,0.0,0.0,0.0,161.94331365708518,7658.221778950139,396.0799035543588,1960.095752539725
0.35897727604733215,0.0,0.0,0.0,0.0,0.0,0.0,0.0,0.0,0.0,0.0,0.0,0.0,0.0,0.0,0.0,0.0,0.0,0.0,0.3739656941123083,0.0,0.05781684753338028,0.0,0.20924018230697924,0.0,0.0,0.0,0.0,0.0,0.0,5.102016778430697,3976.5131274001305,277.85992914576127,1479.5983808660803
0.0,0.1504948276857201,0.0,0.24194063964091245,0.0,0.11712174057458223,0.0,0.0,0.0,0.0,0.0,0.0,0.0,0.08519426511071576,0.0,0.0,0.0,0.28688716909684964,0.0,0.0,0.0,0.0,0.0,0.11836135789121974,0.0,0.0,0.0,0.0,0.0,0.0,207.82276294375473,4374.308477779131,447.4087956399358,2338.5604555810937
0.0,0.0,0.0,0.0,0.0,0.0,0.0,0.0,0.0,0.0,0.0,0.0,0.24857141780785474,0.0,0.0,0.0,0.0,0.0,0.0,0.0,0.0,0.0,0.0,0.0,0.0,0.7514285821921451,0.0,0.0,0.0,0.0,29.36795400022756,11298.033767917168,560.7220721816597,2867.539509476457
0.0,0.0,0.0,0.0,0.0,0.0,0.0,0.0,0.2593782025244777,0.0,0.0,0.0,0.0,0.0950247007183936,0.0,0.0,0.0,0.003547404249569333,0.0,0.6420496925075595,0.0,0.0,0.0,0.0,0.0,0.0,0.0,0.0,0.0,0.0,63.45881793635554,5004.629650426164,239.68574041095135,1090.2599283205284
0.0,0.0,0.0,0.0,0.0,0.0,0.0,0.0,0.0,0.0,0.0,0.0,0.0,0.0,0.0,0.0,0.0,0.0,0.0,0.22154900679237052,0.39611941012069574,0.38233158308693366,0.0,0.0,0.0,0.0,0.0,0.0,0.0,0.0,128.20494384841567,4758.029550948194,367.8743659801852,1358.690644923548
0.0,0.0,0.0,0.0,0.05225004813849563,0.0,0.0,0.0,0.0,0.0,0.0,0.0,0.0,0.062051524006269274,0.0,0.0,0.14641408923444335,0.0,0.0,0.0,0.0,0.0,0.5220516483046386,0.1255951192107689,0.0,0.0,0.0,0.0,0.0,0.09163757110538412,48.63326976243095,12184.35484217812,507.41552686411745,1712.1973161461142
0.0,0.0,0.0,0.0,0.0,0.0,0.0,0.0,0.0,0.0,0.0,0.0,0.0,0.0,0.0,0.0,0.0,0.0,0.0,0.0,0.0,0.0,0.0,0.0,0.39555818427522643,0.0,0.0,0.0,0.6044418157247736,0.0,93.32824446077674,7179.14118799837,331.4935919271054,2196.449945465158
0.17705465081184046,0.0,0.0,0.0,0.06456886166236962,0.0,0.0,0.0,0.0,0.0,0.0,0.21745349773296402,0.033284633404977115,0.0,0.0,0.0,0.0,0.0,0.0,0.0,0.0,0.36166048888225105,0.0,0.14597786750559785,0.0,0.0,0.0,0.0,0.0,0.0,86.07345684488172,4292.203152128205,591.465895778299,2843.449903201648
0.03956791222746228,0.0,0.18728008744772387,0.0,0.0,0.0807551843907412,0.0,0.0,0.0,0.33356626273975515,0.0,0.0,0.0,0.15030202466693796,0.2085285285273795,0.0,0.0,0.0,0.0,0.0,0.0,0.0,0.0,0.0,0.0,0.0,0.0,0.0,0.0,0.0,32.275885427966166,9102.67029912621,439.4465201481529,2319.0134844612776
0.6329588902680144,0.0,0.0,0.0,0.0,0.3670411097319854,0.0,0.0,0.0,0.0,0.0,0.0,0.0,0.0,0.0,0.0,0.0,0.0,0.0,0.0,0.0,0.0,0.0,0.0,0.0,0.0,0.0,0.0,0.0,0.0,90.21644158289142,3407.121689940472,181.6173979729845,1440.4878788338428
0.27986298513988705,0.0,0.0,0.0,0.0,0.0,0.0,0.0,0.0,0.0,0.0,0.0,0.0,0.0,0.279405468029097,0.0,0.0,0.0,0.0,0.0,0.0,0.0,0.0,0.0,0.0,0.0,0.0,0.0,0.44073154683101595,0.0,7.853316818886487,7701.792871634425,461.63048957648874,1505.8994203417171
0.0,0.0,0.0,0.25507305938567976,0.0,0.5794365988249969,0.0,0.0,0.0,0.0,0.0,0.0,0.11128305249603002,0.0,0.0,0.0,0.0,0.0,0.054207289293293236,0.0,0.0,0.0,0.0,0.0,0.0,0.0,0.0,0.0,0.0,0.0,231.08402807705534,3924.1755879318953,181.97909121276305,2717.8704748945365
0.0,0.0,0.0,0.0,0.0,0.0,0.0,0.05286135455134906,0.0,0.0,0.0,0.13121439303909388,0.0,0.0,0.0,0.3151854300380632,0.0,0.0,0.12265829532332218,0.0,0.0,0.0,0.0,0.2944217457858244,0.0,0.08365878126234703,0.0,0.0,0.0,0.0,87.48054172979268,7694.076090965979,749.4776387844014,3596.5248998622155
0.0,0.0,0.0,0.0,0.0,0.0,0.05739657748786491,0.0,0.0,0.0,0.0,0.0,0.044909970640340954,0.0,0.0,0.0,0.49021526972424023,0.0,0.10283167804156847,0.0,0.0,0.0,0.0,0.15273117977728062,0.1519153243287048,0.0,0.0,0.0,0.0,0.0,134.977168027039,4143.718609829926,415.98375590830994,2117.5759015329277
0.0,0.41894136541181165,0.0,0.0,0.19978209255297327,0.0,0.0,0.0,0.0,0.0,0.0,0.0,0.0,0.0,0.0,0.0,0.0,0.0,0.0,0.0,0.0,0.0,0.0,0.0,0.17502957118569015,0.0,0.0,0.0,0.0,0.206246970849525,50.563129165902836,6944.381139042478,507.4673352528736,1688.9538669497201
0.0,0.0,0.3711499803114616,0.0,0.0,0.0,0.0,0.0,0.0,0.0,0.0,0.0,0.2677916311832239,0.0,0.0,0.0,0.0,0.0,0.0,0.12343981850153384,0.0,0.0,0.0,0.0,0.15930540607105953,0.0,0.0,0.0,0.0,0.07831316393272104,66.66981035249421,4587.4621972206905,276.81238225089515,2199.6236698107427
0.0,0.0,0.0,0.0,0.0,0.0,0.0,0.0,0.0,0.345749041977582,0.0,0.0,0.0,0.0,0.0,0.0,0.0,0.0,0.0,0.0,0.0,0.0,0.09347728945605845,0.0,0.13381691468824178,0.0,0.06592273062697153,0.0,0.04642266563625861,0.3146113576148877,41.693573220428334,10468.623090405015,305.9484032710778,1226.8098726133699
0.0,0.0,0.0,0.0,0.0,0.0,0.0,0.0,0.0,0.0,0.0,0.0,0.0,0.3550066916966197,0.0,0.0,0.0,0.0,0.0,0.4728951482394493,0.0,0.0,0.0,0.0,0.0,0.17209816006393092,0.0,0.0,0.0,0.0,24.60608321764963,5934.069659494375,373.19485545321896,2256.4342808024967
0.0,0.0,0.3233094717496578,0.0,0.0,0.0,0.0,0.0,0.0,0.0,0.0,0.0,0.0,0.0,0.5419814617285511,0.0,0.0,0.0,0.0,0.0,0.0,0.13470906652179118,0.0,0.0,0.0,0.0,0.0,0.0,0.0,0.0,1e-06,6899.519737229772,631.0437252688907,2589.565013172317
0.0,0.0,0.0,0.0,0.0,0.0,0.0,0.0,0.0,0.0,0.4511328823968525,0.0,0.0,0.0,0.0,0.0,0.0,0.0,0.0,0.0,0.0,0.0,0.0,0.5488671176031474,0.0,0.0,0.0,0.0,0.0,0.0,126.93647981282594,4749.662102110446,668.2535165937164,2534.331604976245
0.0,0.0,0.0,0.0,0.0,0.0,0.0,0.0,0.3995454706039922,0.0,0.0,0.0,0.0,0.0,0.0,0.04716615718138705,0.0,0.0,0.3609508420858153,0.0,0.0,0.0,0.0,0.0,0.0,0.0,0.0,0.19233753012880533,0.0,0.0,181.1551393175159,7530.75957732813,480.929207579673,988.3787586326209
0.0,0.0,0.0,0.43857663520110285,0.5614233647988972,0.0,0.0,0.0,0.0,0.0,0.0,0.0,0.0,0.0,0.0,0.0,0.0,0.0,0.0,0.0,0.0,0.0,0.0,0.0,0.0,0.0,0.0,0.0,0.0,0.0,106.40404376916939,4549.214411085776,566.432051406103,2712.493020796326
0.0,0.0,0.0,0.0,0.0,0.23270576184672265,0.0,0.0,0.0,0.0,0.0,0.0,0.0,0.0,0.7672942381532774,0.0,0.0,0.0,0.0,0.0,0.0,0.0,0.0,0.0,0.0,0.0,0.0,0.0,0.0,0.0,55.57425129884367,6723.366573128956,614.7273831976333,2552.772162384884
0.0,0.0,0.0,0.0,0.0,0.3012140192797488,0.0,0.0,0.0,0.0,0.3573880005784238,0.0,0.0,0.0,0.0,0.0,0.09322378004325879,0.0,0.05675344755079434,0.0,0.0,0.0,0.0,0.0,0.0,0.0,0.0,0.0,0.0,0.1914207525477744,230.91009973899426,5193.062266708731,501.5839024161077,1788.4788189193075
0.0,0.0,0.0,0.0,0.0,0.0,0.0,0.0,0.0,0.0,0.0,0.0,0.25033489333984643,0.0,0.0,0.0,0.0,0.0,0.0,0.0,0.0,0.0,0.0,0.0,0.0,0.7496651066601536,0.0,0.0,0.0,0.0,26.040767599395835,12274.920020520512,584.4870940918463,2921.0031863687113
0.0,0.0,0.0,0.0,0.0,0.0,0.0,0.0,0.0,0.0,0.0,0.9444716401191997,0.0,0.0,0.0,0.0,0.0,0.05552835988080014,0.0,0.0,0.0,0.0,0.0,0.0,0.0,0.0,0.0,0.0,0.0,0.0,292.01300362278573,4656.729425881811,765.0863883564589,3803.5573701028375
0.0,0.0,0.0,0.0,0.0,0.0,0.0,0.0,0.0,0.0,0.14613324478166903,0.0,0.0,0.0,0.0,0.23843061030036108,0.0,0.0,0.0,0.18282895925854048,0.0,0.0,0.0,0.0,0.1788762774050939,0.0,0.0,0.16540479394273863,0.0883261143115969,0.0,101.23828532458707,7599.709992811982,646.2334119891419,2331.5439116248726
0.0,0.0,0.0,0.1480586931759861,0.0,0.0,0.8519413068240139,0.0,0.0,0.0,0.0,0.0,0.0,0.0,0.0,0.0,0.0,0.0,0.0,0.0,0.0,0.0,0.0,0.0,0.0,0.0,0.0,0.0,0.0,0.0,110.80996219667227,8579.140482071643,356.6810845661691,1202.743980102436
0.0,0.0,0.27126234652100556,0.0,0.0,0.0,0.0,0.0,0.0,0.0,0.0,0.0,0.0,0.0,0.0,0.0,0.0,0.2674835372167755,0.0,0.0,0.0,0.0,0.0,0.0,0.4612541162622188,0.0,0.0,0.0,0.0,0.0,188.5622000540424,4219.213252060665,381.10227208661325,2536.688851327974
0.0,0.0,0.0,0.0,0.0,0.0,0.0,0.0,0.0,0.0,0.0,0.0,0.0,0.0,0.10224277447480158,0.0,0.8977572255251984,0.0,0.0,0.0,0.0,0.0,0.0,0.0,0.0,0.0,0.0,0.0,0.0,0.0,125.44831546895257,3328.342029798828,361.0245241829133,1477.7194137699978
0.0,0.0,0.0,0.31752108508127713,0.0,0.0,0.45908949955561523,0.0,0.0,0.0,0.2233894153631076,0.0,0.0,0.0,0.0,0.0,0.0,0.0,0.0,0.0,0.0,0.0,0.0,0.0,0.0,0.0,0.0,0.0,0.0,0.0,191.82082402807973,7905.252144591044,411.69986613526476,1694.7377215286413
0.0,0.3082203604222321,0.0,0.0,0.0,0.20572717843733862,0.16385157405896333,0.0,0.0,0.0,0.0,0.0,0.0,0.0,0.0,0.0,0.0,0.0,0.0,0.0,0.0,0.16549622653829418,0.030432940797823528,0.0,0.0,0.0,0.0,0.0,0.0,0.1262717197453482,79.93636635725686,6581.858685613637,372.975955753595,1595.129201413492
0.0,0.0,0.0,0.0,0.0,0.0,0.0,0.0,0.0,0.0,0.0,0.3653115101645588,0.0,0.27482710151733497,0.0,0.3598613883181062,0.0,0.0,0.0,0.0,0.0,0.0,0.0,0.0,0.0,0.0,0.0,0.0,0.0,0.0,148.08601375584166,5671.255231604051,720.2333116180164,4004.357885473281
0.0,0.28230516795512894,0.0,0.0,0.20220740737066206,0.0,0.0,0.0,0.0,0.0,0.0,0.0,0.0,0.0,0.0,0.0,0.0,0.0,0.0,0.19508849408141166,0.0,0.0,0.0,0.3203989305927973,0.0,0.0,0.0,0.0,0.0,0.0,8.210752824494126,5720.282819398316,548.8742782017746,2058.948247177369
0.0,0.0,0.0,0.0,0.0,0.0,0.0,0.22918058655317564,0.0,0.24663247773212826,0.0,0.0,0.20657720821401282,0.05498947394785658,0.0,0.0,0.0,0.0,0.0,0.12335092585768327,0.13926932769514347,0.0,0.0,0.0,0.0,0.0,0.0,0.0,0.0,0.0,74.88161676330735,11621.942691240012,247.65157298258623,1085.3947247063827
0.0,0.0,0.0,0.0,0.0,0.0,0.0,0.0,0.0,0.0,0.0,0.0,0.0,0.0,0.0,0.0,0.0,0.4984919567346438,0.0,0.0,0.0,0.0,0.0,0.0,0.0,0.45780868166917005,0.0,0.0,0.0,0.043699361596186106,181.1471696324436,8329.520018039479,647.1682183993711,2080.6842492618257
0.0,0.0,0.0,0.0,0.1379790362935364,0.0546123800456563,0.0,0.35203769289386205,0.0,0.0,0.2763824545528726,0.0,0.0,0.17898843621407276,0.0,0.0,0.0,0.0,0.0,0.0,0.0,0.0,0.0,0.0,0.0,0.0,0.0,0.0,0.0,0.0,118.93004652399281,10857.430203684458,558.0731563144698,1864.6395598598542
0.0,0.0,0.0,0.0,0.0,0.0,0.0,0.0,0.0,0.0,0.49230113277677023,0.0,0.0,0.0,0.0,0.0,0.0,0.2097912854166079,0.0,0.0,0.0,0.0,0.29790758180662186,0.0,0.0,0.0,0.0,0.0,0.0,0.0,221.57677719334382,9163.244678943269,686.9566141421307,855.8003308650848
0.0,0.0,0.0,0.0,0.0,0.0,0.0,0.0,0.0,0.0,0.1936590724769085,0.0,0.0,0.0,0.0,0.0,0.8063409275230915,0.0,0.0,0.0,0.0,0.0,0.0,0.0,0.0,0.0,0.0,0.0,0.0,0.0,150.09542520280462,2894.7875569661164,409.2774451970644,1433.60967503176
0.0,0.0,0.0,0.0,0.0,0.0,0.0,0.12774477256961264,0.0,0.0,0.0,0.0,0.0,0.0,0.0,0.0,0.0,0.0,0.24712108522613235,0.0,0.0859867424464284,0.0,0.0,0.0,0.0,0.0,0.3898865056429671,0.1492608941148594,0.0,0.0,,11102.647522403893,373.13760147974915,1256.426021553954
0.0,0.0,0.0,0.0,0.0,0.028331767776860625,0.0,0.0,0.0,0.0,0.10861245406147793,0.0,0.0,0.0,0.0,0.020408393425805325,0.0,0.0,0.0,0.0,0.0,0.0,0.41124281779039346,0.3340152885337513,0.0,0.0,0.0,0.0,0.0,0.09738927841171136,63.79799698098286,11239.4445508923,503.2985164957637,2099.561051410558
0.6644563802539023,0.0,0.0,0.0,0.0,0.0,0.0,0.0,0.0,0.0,0.0,0.0,0.0,0.0,0.0,0.0,0.0,0.0,0.0,0.0,0.0,0.0,0.3355436197460977,0.0,0.0,0.0,0.0,0.0,0.0,0.0,11.480696686842913,9225.54599320096,240.6609103004109,674.6242484984668
0.0,0.0,0.0,0.0,0.0,0.0,0.0,0.0,0.0,0.0,0.0,0.0,0.0,0.0,0.0,0.0,0.0,0.33858759948242206,0.0,0.0,0.0,0.0,0.0,0.0,0.6614124005175781,0.0,0.0,0.0,0.0,0.0,243.1245874623889,3814.1728423786617,389.8191109830963,2094.0908052491936
0.0,0.0,0.0,0.0,0.0,0.0,0.0,0.11522625648091062,0.0,0.0,0.0,0.0,0.0,0.0,0.5981013249002937,0.28354035004312045,0.0,0.003132068575675042,0.0,0.0,0.0,0.0,0.0,0.0,0.0,0.0,0.0,0.0,0.0,0.0,13.839521215051274,9727.74009977048,738.2867897945007,2715.737642220591
0.0,0.137763873324405,0.0,0.0,0.0,0.15928439305662037,0.0,0.11690439436526279,0.0,0.0,0.0,0.0,0.0,0.0,0.0,0.0,0.0,0.0,0.0,0.5860473392537119,0.0,0.0,0.0,0.0,0.0,0.0,0.0,0.0,0.0,0.0,41.77016178789103,6678.178756407938,231.90977925972322,1215.1064693445283
0.0,0.0,0.0,0.0,0.0,0.0,0.2022964728065549,0.0,0.0,0.0,0.0,0.0,0.0,0.0,0.0,0.0,0.0,0.0,0.2246133918424433,0.0,0.0,0.0,0.0,0.0,0.0,0.573090135351002,0.0,0.0,0.0,0.0,70.00242733424382,12497.751457455643,579.7091838529186,2613.4982531058963
0.0,0.0,0.0,0.0,0.0,0.0,0.0,0.0,0.0,0.0,0.0,0.0,0.0,0.0,0.0,0.0,0.0,0.9808651817301202,0.0,0.0,0.0,0.0,0.01913481826987983,0.0,0.0,0.0,0.0,0.0,0.0,0.0,320.58914567206176,2211.116663114031,543.8743090712169,559.6441763153822
0.0,0.0,0.0,0.0,0.0,0.0,0.0,0.0,0.0,0.0,0.0,0.0,0.0,0.4460472327629112,0.1393036333926381,0.31748495255983145,0.0,0.0,0.0,0.0,0.0,0.0,0.0,0.0,0.0,0.0,0.0,0.0,0.0,0.09716418128461914,42.74457076749133,5828.57437837307,645.9386594785295,3300.0219479577618
0.641537598570915,0.0,0.0,0.0,0.0,0.0,0.0,0.0,0.0,0.0,0.0,0.0,0.0,0.0,0.35846240142908503,0.0,0.0,0.0,0.0,0.0,0.0,0.0,0.0,0.0,0.0,0.0,0.0,0.0,0.0,0.0,9.79235590676222,5117.820307147269,401.6912876356597,1229.460327341128
0.0,0.0,0.0,0.0,0.0,0.0,0.0,0.42101599202667295,0.331127008541546,0.0,0.0,0.0,0.0,0.0,0.0,0.0,0.11140865248541325,0.0,0.0,0.0,0.0,0.0,0.0,0.0,0.0,0.0,0.0,0.0,0.1364483469463679,0.0,108.35582589062984,13414.224295981156,221.75457220082964,992.1561447760636
0.0,0.0,0.0,0.0,0.0,0.0,0.0,0.0,0.0,0.0,0.0,0.0,0.0,0.0,0.0,0.0,0.0,0.0,0.5150731572151435,0.0,0.0,0.4849268427848564,0.0,0.0,0.0,0.0,0.0,0.0,0.0,0.0,96.71921251826397,4144.405622765403,494.0389132707174,1335.9326493936603
0.0,0.0,0.4587666533553079,0.0,0.0,0.0,0.0,0.0,0.0,0.0,0.0,0.0,0.0,0.0,0.0,0.0,0.0,0.0,0.0,0.0,0.0,0.11623570553580856,0.0,0.0,0.4249976411088835,0.0,0.0,0.0,0.0,0.0,99.6009063977828,5968.036802044015,305.3272878045573,3153.4825543644483
0.0,0.0,0.0,0.0,0.0,0.0,0.0,0.0,0.0,0.0,0.0,0.0,0.0,0.0,0.0,0.0,0.5612752590889231,0.18132287858600038,0.0,0.0,0.0,0.0,0.0,0.0,0.0,0.0,0.0,0.0,0.2574018623250765,0.0,150.116877415743,4501.757659853192,382.1650119421277,1255.4895215962918
0.0,0.0,0.0,0.0,0.0,0.26707272263339543,0.16841694748966857,0.0,0.0,0.0,0.0,0.0,0.0,0.2629448202357988,0.0,0.0,0.18550305700774086,0.0,0.0,0.0,0.0,0.0,0.0,0.11606245263339633,0.0,0.0,0.0,0.0,0.0,0.0,129.60005362488556,5101.781242789546,410.53492387604973,2863.138052682349
0.0,0.0,0.0,0.0,0.6159100211425933,0.0,0.0,0.0,0.0,0.0,0.27519769967050955,0.0,0.0,0.0,0.0,0.0,0.0,0.0,0.0,0.0,0.0,0.0,0.0,0.0,0.10889227918689721,0.0,0.0,0.0,0.0,0.0,106.760731211144,5828.729285451801,764.8663685331455,2265.6624852884324
0.0,0.0,0.0,0.0,0.0,0.0,0.0,0.0,0.0,0.0,0.0,0.12424219276468088,0.0,0.0,0.0,0.0,0.0,0.0,0.0,0.0,0.0,0.0,0.0,0.22021538346251013,0.2284089141581005,0.0,0.0,0.04865327147415597,0.3784802381405524,0.0,92.94863579638557,7097.218785078848,479.6977202952717,2884.1638641770996
0.0,0.0,0.16027753882314305,0.03199058947161618,0.0,0.0,0.0,0.0,0.0,0.0,0.0,0.0,0.0,0.0,0.0,0.0,0.0,0.0,0.32924900318818784,0.0,0.3826210786775175,0.0,0.0,0.0,0.0,0.0,0.0,0.0,0.09586178983953565,0.0,198.79608629437544,6008.480107162246,392.5898342151777,1222.7879145611257
0.0,0.0,0.0,0.0,0.0,0.0,0.0,0.0,0.0,0.2039977100717568,0.0,0.0,0.0,0.0,0.0,0.7960022899282432,0.0,0.0,0.0,0.0,0.0,0.0,0.0,0.0,0.0,0.0,0.0,0.0,0.0,0.0,34.07013061920482,9388.062401536963,641.4812546374179,3007.3296846014628
0.24561400913596332,0.0,0.0,0.0,0.6552191151885898,0.0,0.39616111927049746,0.24993408742673123,0.046993924602076804,0.0,0.0,0.0,0.0,0.0,0.0,0.0,0.0,0.0,0.0,0.0,0.0,0.18784012811293582,0.0,0.0,0.0,0.0,0.0,0.0,0.0,0.0,36.30231050055302,8546.586050417336,576.7741494027807,1812.8743358926522
0.0,0.0,0.17715982092259866,0.0,0.0,0.0,0.0,0.0,0.0,0.0,0.0,0.0,0.0,0.0,0.2296529378637155,0.0,0.0,0.0,0.0,0.08326668531864977,0.0,0.0,0.0,0.0,0.0,0.0,0.509920555895036,0.0,0.0,0.0,0.3008024772249871,9563.736487262278,372.5855448028535,2026.9072805422907
0.0,0.0,0.0,0.0,0.0,0.0,0.0,0.0,0.0,0.0,0.0,0.0,0.35353727117246914,0.0,0.0,0.0,0.0,0.0,0.0,0.0,0.0,0.0,0.0,0.0,0.0,0.0,0.0,0.6464627288275308,0.0,0.0,35.40337294856821,8499.52367085345,670.2577932627521,969.3099552315928
0.0,0.0,0.0,0.2344781892227446,0.0,0.0,0.07690349724233994,0.15914156825760017,0.0,0.0,0.0,0.0,0.0,0.0,0.12746419218752755,0.0,0.10553870225777491,0.0,0.0,0.2964738508320128,0.0,0.0,0.0,0.0,0.0,0.0,0.0,0.0,0.0,0.0,96.56256394264798,8105.211143812889,296.15327578285735,1776.3681320097073
0.0,0.0,0.0,0.0,0.0,0.0,0.0,0.0,0.0,0.0,0.0,0.0,0.0,0.0,0.38823450338158144,0.0,0.0,0.0,0.0,0.42630678225988217,0.1854587143585364,0.0,0.0,0.0,0.0,0.0,0.0,0.0,0.0,0.0,61.5883444410052,5765.640650948963,449.35943224258517,1486.0453114323248
0.0,0.24015045339716004,0.0,0.0,0.0,0.0,0.0,0.0,0.0,0.7598495466028399,0.0,0.0,0.0,0.0,0.0,0.0,0.0,0.0,0.0,0.0,0.0,0.0,0.0,0.0,0.0,0.0,0.0,0.0,0.0,0.0,5.837885670790137,12533.780017642994,316.2317919971673,856.9332820864975
0.0,0.0,0.0,0.0,0.8712718042039145,0.0,0.0,0.0,0.0,0.0,0.0,0.0,0.0,0.0,0.0,0.0,0.0,0.0,0.0,0.0,0.0,0.0,0.1287281957960855,0.0,0.0,0.0,0.0,0.0,0.0,0.0,6.350046815606314,7024.1636933848295,738.8924571407877,2503.9973129896275
0.0,0.0,0.0,0.0,0.0,0.0,0.0,0.0,0.0,0.0,0.0,0.0,0.0,0.0,0.0,0.0,0.0,0.4188753485567978,0.0,0.5811246514432022,0.0,0.0,0.0,0.0,0.0,0.0,0.0,0.0,0.0,0.0,160.75842863550483,2862.455732637801,380.7856648517849,728.4056360758439
0.36606148475567585,0.0,0.32033708506957154,0.0,0.0,0.0,0.0,0.0,0.0,0.0,0.05787031655883596,0.0,0.0,0.1404827650568591,0.0,0.0,0.0,0.0,0.0,0.0,0.11524834855905768,0.0,0.0,0.0,0.0,0.0,0.0,0.0,0.0,0.0,69.06052260153993,4729.3317362482185,331.1215185291049,1932.4169957877505
0.0,0.0,0.0,0.0,0.0,0.0,0.0,0.0,0.84564603095366,0.0,0.0,0.0,0.0,0.0,0.15435396904634005,0.0,0.0,0.0,0.0,0.0,0.0,0.0,0.0,0.0,0.0,0.0,0.0,0.0,0.0,0.0,196.4717766013151,6691.2085178494135,295.9230659800508,1097.216141592141
0.0,0.0,0.0,0.0,0.0,0.0,0.0,0.0,0.20328429741775486,0.0,0.0,0.355978985030025,0.0,0.0,0.0,0.0,0.0,0.06668531798873514,0.374051399563485,0.0,0.0,0.0,0.0,0.0,0.0,0.0,0.0,0.0,0.0,0.0,264.3538935267946,5117.435931407028,536.2512023108803,2158.4786696219235
0.19122632502200518,0.0,0.0,0.0,0.0,0.0,0.0,0.0,0.0,0.0,0.0,0.0,0.0,0.0,0.0,0.0,0.09142084900253994,0.07579684634075674,0.0,0.0,0.0,0.0,0.0,0.5976332920002653,0.04392268763443287,0.0,0.0,0.0,0.0,0.0,53.380404832159684,3726.0138820524494,458.16097723508403,2778.4555648874316
0.0,0.0,0.0,0.0,0.0,0.0,0.0,0.0,0.0,0.0,0.0,0.0,0.0,0.0,0.0,0.0,0.7079748715136069,0.0,0.0,0.0,0.0,0.0,0.0,0.0,0.0,0.29202512848639295,0.0,0.0,0.0,0.0,94.4450841552434,6589.214391335226,416.2511383101474,1951.8770063940356
0.0,0.15178896805360878,0.12441464770403854,0.0,0.0,0.0,0.0,0.0,0.0,0.0,0.09504638367932644,0.0,0.0,0.0,0.11986065067040645,0.0,0.0,0.0,0.0,0.0,0.0,0.0,0.0,0.0,0.0,0.20693266151260037,0.0,0.0,0.3019566883800195,0.0,39.32369307981007,10587.048036277663,579.7677795565794,2154.2471720000212
0.0,0.0,0.4556348251214242,0.0,0.0,0.0,0.0,0.0,0.0,0.0,0.18323874370419968,0.0,0.0,0.0,0.0,0.0,0.0,0.0,0.0,0.0,0.0,0.0,0.0,0.3611264311743761,0.0,0.0,0.0,0.0,0.0,0.0,49.9107609803627,4788.213171907322,485.7467801832206,3158.6132575077204
0.0,0.0,0.0,0.0,0.0,0.0,0.0,0.0,0.0,0.3049300214924117,0.0,0.0,0.0,0.0,0.0,0.0,0.0,0.0,0.0,0.6950699785075882,0.0,0.0,0.0,0.0,0.0,0.0,0.0,0.0,0.0,0.0,5.394181816974554,6746.920386054956,202.33359843316538,806.8212123770279
0.0,0.0,0.0,0.0,0.0,0.0,0.0,0.0,0.0,0.0,0.0,0.0,0.0,0.0,0.0,0.0,0.7046130922229806,0.0,0.0,0.0,0.0,0.0,0.0,0.2953869077770193,0.0,0.0,0.0,0.0,0.0,0.0,100.77403396747368,2941.738611958014,378.2170776994652,2144.844044388798
0.0,0.0,0.0,0.0,0.0,0.0,0.0,0.0,0.0,0.5389264964863405,0.10723855125254717,0.0,0.0,0.0,0.0,0.0,0.0,0.0,0.0,0.0,0.0,0.0,0.09681913879047606,0.0,0.20826691972414046,0.04874889374649585,0.0,0.0,0.0,0.0,87.85786512237364,13118.325281972251,388.8023309110974,1555.6967856978
0.0,0.6339017529419867,0.0,0.0,0.0,0.0,0.0,0.0,0.0,0.0,0.0,0.0,0.0,0.0,0.0,0.0,0.0,0.36609824705801325,0.0,0.0,0.0,0.0,0.0,0.0,0.0,0.0,0.0,0.0,0.0,0.0,130.621745754214,5460.9915732584095,454.04879351691136,582.4859680738076
0.0,0.0,0.0,0.0,0.0,0.0,0.0,0.0,0.0,0.0,0.0,0.0,0.0,0.0,0.0,0.0,0.0,0.0,0.0,0.0,0.0,0.0,0.8506035871796712,0.0,0.0,0.0,0.0,0.1493964128203288,0.0,0.0,24.493941345545565,17292.934103029413,492.0788807118263,818.2806137703664
0.6090914336783965,0.0,0.0,0.0,0.0,0.0,0.0,0.0,0.0,0.0,0.0557848913965087,0.0,0.0,0.0,0.0,0.0,0.0,0.0,0.0,0.0,0.0,0.0,0.0,0.0,0.0,0.0,0.0,0.0,0.33512367492509476,0.0,22.425357996793448,5718.0992376620825,272.2056802229532,872.8754106348989
0.0,0.0,0.0,0.0,0.0,0.0,0.0,0.0,0.0,0.0,0.0,0.42147407449706936,0.0,0.0,0.0,0.0,0.4314144685603049,0.0,0.0,0.0,0.0,0.0,0.0,0.0,0.0,0.0,0.0,0.0,0.1471114569426258,0.0,193.41131754567695,4586.275840662091,549.8883586613864,2634.5356729781834
0.0,0.0,0.0,0.0,0.0,0.0,0.1688057162235632,0.0,0.0,0.17243025420390165,0.0,0.0,0.0,0.08032156148709232,0.0,0.0,0.0,0.0,0.4391235875197341,0.0,0.0,0.0,0.0,0.03719481923488176,0.10212406133082691,0.0,0.0,0.0,0.0,0.0,136.2870631170335,7958.354365418036,422.022999817262,1410.7453392095667
0.0,0.0,0.0,0.5146428922674737,0.0,0.0,0.0,0.0,0.0,0.0,0.0,0.0,0.0,0.20750969616072537,0.0,0.0,0.0,0.0,0.0,0.0,0.0,0.0,0.0,0.0,0.0,0.27784741157180104,0.0,0.0,0.0,0.0,139.48055282560543,6711.713045688992,368.59652160653565,3197.046530065839
0.0,0.0,0.0,0.0,0.0,0.0,0.0,0.0,0.0,0.0,0.0,0.0,0.0,0.0,0.0,0.0,0.0,0.14718955472326636,0.0,0.0,0.0,0.0,0.0,0.0,0.8528104452767337,0.0,0.0,0.0,0.0,0.0,221.6076010195431,4516.39399556643,332.4351575244424,2841.0232038587383
0.0,0.0,0.0,0.2826208812982765,0.0,0.0,0.0,0.0,0.0,0.0,0.0,0.0,0.0,0.0,0.0,0.0,0.0,0.0,0.0,0.0,0.0,0.0,0.0,0.0,0.0,0.5795671684332127,0.13781195026851095,0.0,0.0,0.0,78.37649071854972,10683.93057672488,490.5451240722843,3286.8679844311437
0.0,0.11741726181460345,0.17988803551159901,0.0,0.0,0.0,0.0,0.13821157500673467,0.0,0.0,0.0,0.0,0.0,0.08725921471999452,0.0,0.0,0.0,0.0,0.0,0.22923609085329388,0.0,0.0,0.0,0.0,0.0,0.0,0.0,0.2479878220937745,0.0,0.0,10.75430516263261,9876.005995827594,460.14218068469137,1592.1582887233144
0.0,0.0,0.0,0.019155057240720405,0.0,0.06279733254417351,0.0,0.0,0.0,0.11825798187806442,0.0,0.0,0.12693606746217395,0.0,0.0,0.0,0.0,0.3248750363374464,0.0,0.0,0.062265102503744035,0.0,0.0,0.0,0.0,0.0,0.0,0.0,0.0,0.0,248.5243687214709,5126.411008906306,451.89173911882494,1043.2546115537405
0.0,0.0,0.0,0.0,0.5024416270048464,0.0,0.0,0.0,0.0,0.0,0.0,0.0,0.0,0.0,0.0,0.0,0.0,0.0,0.49755837299515354,0.0,0.0,0.0,0.0,0.0,0.0,0.0,0.0,0.0,0.0,0.0,92.45869615476452,5625.573096984551,691.4130747482968,1747.7638815556584
0.0,0.0,0.0,0.0,0.15887138399829442,0.0,0.0,0.0,0.3457283083805703,0.0,0.0,0.0,0.0,0.0,0.0,0.0,0.11717173563877258,0.0,0.0,0.04348632605945947,0.0,0.0,0.0,0.0,0.0,0.33474224592290314,0.0,0.0,0.0,0.0,109.24751428748759,9457.698209551461,522.8388741060202,2418.138271117169
0.0,0.0,0.0,0.06899610150165111,0.0,0.0,0.0,0.0,0.0,0.0,0.189686256563224,0.0,0.0,0.0,0.0,0.27661942651235244,0.0,0.09743873124638834,0.0,0.0,0.0,0.17536192122765878,0.0,0.0,0.0,0.0,0.0,0.0,0.0,0.1918975629487253,134.5303502379903,5772.233846213818,642.8833251035103,2286.603479694218
0.0,0.0,0.0,0.0,0.0,0.5867831796148135,0.0,0.0,0.0,0.0,0.0,0.0,0.0,0.0,0.0,0.0,0.0,0.0,0.0,0.0,0.0,0.0,0.0,0.0,0.0,0.0,0.41321682038518637,0.0,0.0,0.0,146.4393544791565,6613.496777325107,177.55362700592892,2435.628849589107
0.0,0.0,0.12786403353856182,0.0,0.0,0.0,0.0,0.0,0.0,0.0,0.0,0.0,0.0,0.0,0.24156650786231587,0.0,0.0,0.0,0.0,0.0,0.0,0.08919457283822207,0.0,0.0,0.0,0.26494919436660797,0.0,0.0,0.27642569139429235,0.0,5.247340557265486,10266.70991015135,610.6892423362342,2563.8993454921592
0.0,0.12632473216669687,0.18977497779072222,0.0,0.0,0.0,0.3941256681783936,0.0,0.2119855879105994,0.0,0.0,0.0,0.0,0.0,0.0,0.0,0.0,0.0,0.0,0.0,0.0,0.0,0.07778903395358797,0.0,0.0,0.0,0.0,0.0,0.0,0.0,98.43466697433176,9265.327385325976,373.59173448202483,1443.550037340946
0.0,0.0,0.0,0.0,0.0,0.0,0.31536233671901176,0.0,0.0,0.0,0.2799437725702381,0.0,0.0,0.0,0.0,0.0,0.0,0.0,0.0,0.0,0.0,0.099233710831755,0.0,0.158207628284581,0.0,0.0,0.0,0.0,0.14725255159441406,0.0,125.06369385861983,7520.4716053645025,555.7525910909267,1717.3386818552478
0.20255905752786915,0.0,0.0,0.06886095861448702,0.0,0.0,0.13894403797878058,0.0,0.0,0.37001697052624466,0.0,0.0,0.0,0.0,0.0,0.0,0.0,0.0,0.1755413365677084,0.0,0.0,0.0,0.0,0.0,0.0,0.0,0.04407763878491027,0.0,0.0,0.0,74.12546028663564,9604.459674975205,323.6718027219066,1023.1825923031017
0.0,0.0,0.0,0.0,0.1161794575735168,0.0,0.0,0.0,0.34007944154436326,0.0,0.0,0.0,0.0,0.15297884902136533,0.0,0.0,0.0,0.0,0.0,0.0,0.0,0.11981373063300044,0.0,0.21887904006043693,0.0,0.0,0.0,0.0,0.0,0.05206948116731728,91.39891681044035,5743.6248981452745,509.59300391134485,2672.0895020670755
0.25725272878065014,0.0,0.0,0.0,0.0,0.2320935073752783,0.0,0.10474222776071575,0.0,0.0,0.0,0.0,0.0,0.0,0.0,0.0,0.3596577962290257,0.0,0.0,0.0,0.0,0.0,0.0,0.006297383569043144,0.0,0.0,0.0,0.039956356285286855,0.0,0.0,112.84398728999057,5835.900238791905,297.82860182923093,1587.1021225006168
0.0,0.0,0.0,0.0,0.0,0.0,0.0,0.2059939926504187,0.0,0.0,0.32138440663167267,0.0,0.47262160071790865,0.0,0.0,0.0,0.0,0.0,0.0,0.0,0.0,0.0,0.0,0.0,0.0,0.0,0.0,0.0,0.0,0.0,140.4833992175924,7645.554520396666,406.2084207433638,973.3701690161264
0.0,0.0,0.0,0.0,0.0,0.0,0.0,0.0,0.0,0.0,0.0,0.0,0.0,0.0,0.0,0.0,0.0,0.0,0.0,0.0,0.19628948966042348,0.0,0.0,0.06925457936163935,0.2009249171895906,0.0,0.5335310137883466,0.0,0.0,0.0,105.25567044968642,8551.098973136432,255.33441749093905,1926.1389510304782
0.0,0.0,0.18700585486375754,0.0,0.0,0.0,0.10396124847662701,0.0,0.0,0.0,0.0,0.0,0.23760755296109815,0.0,0.0,0.0,0.0,0.0,0.0,0.3882339287844343,0.0,0.0,0.0,0.08319141491408298,0.0,0.0,0.0,0.0,0.0,0.0,39.56310933456887,5335.519525135997,276.34998207285514,1626.7905574642218
0.0,0.0,0.0,0.0,0.0,0.0,0.35969921088466844,0.0,0.0,0.0,0.46546056705355077,0.0,0.0,0.0,0.0,0.0,0.0,0.0,0.0,0.0,0.0,0.0,0.0,0.0,0.0,0.17484022206178082,0.0,0.0,0.0,0.0,171.06417728215376,9102.597148455023,679.777572112601,1528.960280519336
0.0,0.0,0.0,0.0,0.0,0.0,0.28373106267862547,0.0,0.0,0.0,0.0,0.0,0.0,0.0,0.0,0.0,0.0,0.0,0.0,0.0,0.0,0.0,0.5321170211114628,0.0,0.18415191620991195,0.0,0.0,0.0,0.0,0.0,87.35164364264517,14353.362126247204,407.29774189306636,1399.8147880607341
0.4369836782755351,0.0,0.0,0.0,0.0,0.0,0.0,0.0,0.17319388040988784,0.0,0.0,0.0,0.0,0.0,0.0,0.0,0.0,0.0,0.0,0.0,0.0,0.0,0.0,0.3898224413145771,0.0,0.0,0.0,0.0,0.0,0.0,40.872792878227145,4474.480376037263,348.08729481536426,1951.1356724581299
0.0,0.0,0.0,0.2422837553535943,0.0,0.0,0.0,0.0,0.0,0.0,0.0,0.0,0.0,0.0,0.0,0.0,0.0,0.0,0.0,0.1545942756891863,0.0,0.0,0.3541625839716212,0.0,0.0,0.0,0.24895938498559822,0.0,0.0,0.0,85.57201689825291,11032.581522843888,267.5073422677676,1728.3095418167825
0.0,0.0,0.0,0.08483504296642791,0.0,0.0,0.0,0.0,0.0,0.0,0.0,0.0,0.0,0.0,0.0,0.0,0.0,0.0,0.0,0.0,0.2934509380653617,0.0,0.0,0.0,0.6217140189682103,0.0,0.0,0.0,0.0,0.0,240.1000328792818,5763.265687604461,289.3351650421008,2340.1422334745052
0.0,0.0,0.0,0.0,0.0,0.0,0.0,0.0,0.0,0.0,0.0,0.0,0.0,0.0,0.12018272368503571,0.0,0.0,0.0,0.0,0.0,0.0,0.0,0.5171473406713419,0.0,0.0,0.0,0.0,0.0,0.36266993564362227,0.0,23.217062614095525,14422.557346802992,455.25637344734577,1173.0678111559805
0.0,0.12054655903583435,0.0,0.0,0.0,0.0,0.12590455431522574,0.29473300041017547,0.0,0.0,0.0,0.0,0.0,0.09788182897642514,0.0,0.1619751428696405,0.0,0.0,0.0,0.0,0.0,0.19895891439269892,0.0,0.0,0.0,0.0,0.0,0.0,0.0,0.0,34.194553114022824,11655.216885562406,436.54264369770266,1897.3899332009532
0.0,0.0,0.0,0.18601136159500745,0.0,0.0,0.0,0.0,0.0,0.0,0.0,0.0,0.0,0.0,0.0,0.0,0.0,0.0,0.0,0.0,0.0,0.0,0.4223824035594666,0.0,0.0,0.284443024820777,0.0,0.10716321002474906,0.0,0.0,70.79927802161266,14371.591744861029,525.591877322515,2164.36899745199
0.0,0.0,0.0,0.0,0.0,0.0,0.0,0.0,0.0,0.0,0.0,0.0,0.0,0.0,0.0,0.0,0.0,0.0,0.2029187923793945,0.0,0.0,0.0,0.0,0.7970812076206055,0.0,0.0,0.0,0.0,0.0,0.0,42.21361039410883,3711.551129279749,523.0281722120337,3022.0440324272695
0.0,0.0,0.0,0.0,0.0,0.0,0.0,0.0,0.0,0.0,0.0,0.0,0.0,0.0,0.0,0.0,0.0,0.0,0.0,0.0,0.48776671821366135,0.27236089312919604,0.0,0.0,0.0,0.0,0.0,0.0,0.0,0.23987238865714267,164.73767478198138,4880.579250469096,368.3902471392924,1211.1325947531543
0.0,0.3475630689878735,0.0,0.0715534304134721,0.0,0.0,0.0,0.0,0.0,0.0,0.0,0.0,0.0,0.29516200672002335,0.0,0.0,0.0,0.0,0.0,0.0,0.0,0.07451748269487311,0.0,0.0,0.21120401118375806,0.0,0.0,0.0,0.0,0.0,94.15911628338988,5766.904697208239,447.6229602225118,2620.207824920898
0.0,0.0,0.0,0.0,0.0,0.0,0.0,0.0,0.0,0.0,0.03568364829557103,0.0,0.10481522300953826,0.05212468169248997,0.0,0.0,0.3380498030337415,0.0,0.0,0.0,0.0,0.0,0.28418886861262505,0.18513777535603418,0.0,0.0,0.0,0.0,0.0,0.0,79.33744864136357,8007.2961559312835,443.38519901958307,2984.136743757135
0.0,0.0,0.0,0.0,0.0,0.0,0.0,0.0,0.0,0.0,0.0,0.0,0.0,0.0,0.0,0.3187790450008622,0.0,0.13179741963416042,0.0,0.07574103647552995,0.0,0.42538670164000075,0.0,0.0,0.0,0.0,0.0,0.0,0.04829579724944663,0.0,58.332037665199486,5461.1097103791435,633.359174540437,2460.9893514440337
0.0,0.19490391359940887,0.0,0.0,0.0,0.0,0.0,0.0,0.0,0.0,0.09187274110672221,0.0,0.0,0.0,0.0,0.0,0.0,0.0,0.0,0.0,0.0,0.0,0.18238253141808117,0.0,0.0,0.0,0.01889827411559518,0.1722652828047525,0.0,0.33967725695544,43.81083806331317,9626.202878454647,562.9040219954913,943.3151646139221
0.0,0.06732537726597317,0.0,0.0,0.19832201190399354,0.0,0.13464776619453706,0.0,0.0,0.09469717859789913,0.0,0.0,0.0,0.0,0.0,0.0,0.0,0.0,0.0,0.0,0.0,0.0,0.0,0.30186290302186664,0.20314476301573045,0.0,0.0,0.0,0.0,0.0,72.4231751265002,7035.803483190391,566.3515114181022,2851.5008080818684
0.0,0.0,0.0,0.9538543421083527,0.0,0.0,0.0,0.0,0.0,0.0,0.0,0.0,0.0,0.0,0.0,0.0,0.0,0.0,0.0,0.0,0.0,0.04614565789164731,0.0,0.0,0.0,0.0,0.0,0.0,0.0,0.0,226.97716578898874,3221.7382093081924,148.30273374713983,2749.7703039155394
0.0,0.0,0.0,0.0,0.38221660855557626,0.0,0.0,0.0,0.21480844642638372,0.0,0.0,0.0,0.08561408536165858,0.0,0.16337979759690716,0.0,0.0,0.0018761228908141467,0.0,0.0,0.0,0.1521049391686601,0.0,0.0,0.0,0.0,0.0,0.0,0.0,0.0,59.65715584910732,6416.764788491514,685.0128200460223,2191.5736116309554
0.0,0.06136972414588601,0.0,0.0,0.0,0.16306506316122948,0.0,0.13491096698848087,0.0,0.0,0.0,0.0,0.0,0.0,0.0,0.0,0.0,0.0,0.0,0.0,0.04371920326848733,0.0,0.24792457412040766,0.0,0.0,0.0,0.0,0.0,0.3490104683155088,0.0,78.42265865212703,12604.094574066477,330.15365839629135,1399.6665021880194
0.2829619462802754,0.0,0.0,0.18170330946333094,0.0,0.0,0.0,0.0,0.0,0.034532996545075384,0.0,0.0,0.0,0.0,0.30134495900393016,0.0,0.0,0.0,0.0,0.0,0.0,0.0,0.0,0.19945678870738803,0.0,0.0,0.0,0.0,0.0,0.0,53.37676007341585,5706.004021572657,457.91736864283564,2323.690827662256
0.0,0.0,0.0,0.0,0.0,0.0,0.0,0.0,0.0,0.22843642858321303,0.0,0.0,0.0,0.0,0.0,0.0,0.0,0.0,0.0,0.18809150170595654,0.0,0.0,0.0,0.0,0.0,0.0,0.0,0.5834720697108303,0.0,0.0,2.99721741452593,11665.21946235803,645.0349706252305,901.2163253981895
0.5091257148344354,0.0,0.0,0.0,0.0,0.0,0.0,0.0,0.0,0.0,0.0,0.0,0.0,0.0,0.12612137638538118,0.3647529087801833,0.0,0.0,0.0,0.0,0.0,0.0,0.0,0.0,0.0,0.0,0.0,0.0,0.0,0.0,18.63444189905427,5870.362278898111,489.4048457785038,2031.4118942044274
0.0,0.0,0.1560608914389879,0.0,0.0,0.0,0.0,0.13600155390979224,0.0,0.0,0.0,0.0,0.0,0.0,0.0,0.0,0.0,0.0,0.16110059914353597,0.0,0.0,0.0,0.0,0.22929842410413856,0.0,0.18156866981118014,0.0,0.0,0.13596986159236515,0.0,36.80063010964931,9228.025268381161,517.3154370698267,2485.362826196325
0.4700383223084974,0.0,0.0,0.0,0.0,0.0,0.0,0.0,0.0,0.0,0.0,0.0,0.0,0.0,0.0,0.5299616776915027,0.0,0.0,0.0,0.0,0.0,0.0,0.0,0.0,0.0,0.0,0.0,0.0,0.0,0.0,20.29561070130698,5642.460646638217,471.00908588806476,2165.5557040320136
0.0,0.0,0.29539976670685664,0.0,0.0,0.0,0.0,0.30521815854740936,0.0,0.0,0.0,0.0,0.0,0.399382074745734,0.0,0.0,0.0,0.0,0.0,0.0,0.0,0.0,0.0,0.0,0.0,0.0,0.0,0.0,0.0,0.0,31.025660471733886,9262.304587492774,330.4854601926257,2736.7680816328993
0.0,0.0,0.0,0.0,0.2122967723882958,0.0,0.0,0.2615352894643368,0.0,0.0,0.05135316521864922,0.0,0.0,0.0,0.0,0.0,0.0,0.0,0.0,0.0,0.0,0.27190948674915166,0.0,0.0,0.0,0.0,0.18447847599116604,0.0,0.018426810188400377,0.0,22.029334016590223,10108.5682270022,510.2636036504699,1884.3060008886614
0.0,0.0,0.0,0.0,0.0,0.0,0.0,0.0,0.0,0.0,0.0,0.0,0.0,0.6470486290960468,0.0,0.0,0.0,0.0,0.0,0.0,0.0,0.0,0.35295137090395323,0.0,0.0,0.0,0.0,0.0,0.0,0.0,56.19164113280018,9410.314416489377,454.4111871839437,2576.567541620627
0.0,0.0,0.0,0.0,0.479079674349994,0.0,0.0,0.0,0.0,0.0,0.0,0.0,0.0,0.0,0.0,0.0,0.0,0.0,0.0,0.0,0.0,0.0,0.0,0.520920325650006,0.0,0.0,0.0,0.0,0.0,0.0,1.9570424488824116,4638.5060271620505,686.7766723839982,3217.430122391013
0.0,0.0,0.0,0.0,0.0,0.0,0.0,0.0,0.0,0.0,0.0,0.0,0.0,0.0,0.0,0.0,0.08175810331218158,0.0,0.0,0.0,0.3850448994363119,0.0,0.0,0.5331969972515066,0.0,0.0,0.0,0.0,0.0,0.0,143.61815563020423,4377.193958458431,433.56557653425654,2565.1020537694912
0.0,0.0,0.0,0.2955597961012249,0.0,0.0,0.0,0.0,0.0,0.0,0.0,0.0,0.0,0.0,0.0,0.4042734697804659,0.0,0.0,0.07125119083246383,0.0,0.0,0.0,0.0,0.0,0.0,0.0,0.0,0.22891554328584546,0.0,0.0,103.66462320153178,7619.227131912829,591.7058902991447,2754.0561063928267
0.0,0.0,0.0,0.0,0.0,0.0,0.0,0.0,0.0,0.0,0.0,0.0,0.07264228459474442,0.0,0.36675296553976416,0.0,0.0,0.0,0.0,0.0,0.0,0.0,0.0,0.0,0.0,0.0,0.19120364259471806,0.0,0.0,0.36940110727077335,15.354141990170508,7322.740812379857,453.2039115673728,1647.818833397053
0.0,0.0,0.0,0.0,0.0,0.0,0.0,0.0,0.0,0.0,0.0,0.0,0.0,0.7373808345919811,0.0,0.0,0.0,0.0,0.0,0.0,0.0,0.0,0.0,0.0,0.0,0.0,0.0,0.2626191654080189,0.0,0.0,39.58396894641071,5847.679317816526,601.1176495058377,2888.792359897577
0.0,0.0,0.0,0.0,0.0,0.0,0.0,0.0,0.0,0.0,0.0,0.0,0.0,0.0,0.5039274262301016,0.0,0.0,0.0,0.0,0.3142062171470478,0.18186635662285078,0.0,0.0,0.0,0.0,0.0,0.0,0.0,0.0,0.0,64.23974889244514,6845.061299632366,558.6982467065186,1647.5143612898014
0.10558201428570994,0.0,0.0,0.0,0.09667338081743464,0.0,0.0,0.0,0.0,0.0,0.0,0.0,0.0,0.0,0.0,0.0,0.0,0.0,0.18449611014225906,0.0,0.0,0.0,0.0,0.0,0.0,0.0,0.0,0.0,0.3488914171462747,0.26435707760832167,46.65138885368933,6639.588449233158,418.3757126575074,1220.2408233267563
0.0,0.0,0.0,0.0,0.0,0.0,0.0,0.0,0.0,0.11188827540888045,0.0,0.0,0.0,0.40662007653074633,0.0,0.0,0.0,0.0,0.0,0.0,0.0,0.0,0.0,0.0,0.21878058770549175,0.0,0.0,0.2627110603548815,0.0,0.0,77.46053036193217,7880.158553745518,545.3022567615303,2544.1554080292403
0.2561084342126079,0.0,0.0,0.0,0.10844137914664846,0.0,0.11751115677734747,0.0,0.0,0.22185166978892848,0.0,0.03355362407740388,0.0,0.0,0.0,0.0,0.0,0.0,0.0,0.0,0.0,0.0,0.0,0.0,0.0,0.0,0.262533735997064,0.0,0.0,0.0,28.4089868939688,9432.561403798885,356.0775555470562,1416.0879952168586
0.0,0.2031658101982705,0.0,0.0,0.26433907237487214,0.0,0.0,0.006287429797290717,0.0,0.0,0.0,0.0,0.0,0.0,0.0,0.0,0.08984608641785564,0.2746565222461899,0.161705078965521,0.0,0.0,0.0,0.0,0.0,0.0,0.0,0.0,0.0,0.0,0.0,155.74297353145434,5472.046713970286,642.6334060974515,1302.9181141862928
0.0,0.0,0.0,0.0,0.0,0.11438195276946661,0.0,0.0,0.0,0.2002507904875406,0.0,0.3811340618486466,0.0,0.0,0.0,0.13658268053633496,0.0,0.0,0.0,0.0,0.1510244767380063,0.0,0.0,0.0,0.0,0.0,0.0,0.0,0.0,0.01662603762000496,209.99958076620425,7655.168984148414,607.2517007169317,2933.712362421493
0.0,0.08473213605807206,0.0,0.0,0.08774517250063947,0.0,0.0,0.044486981881765655,0.0,0.0,0.0,0.213804754117531,0.0,0.0,0.5049909252599545,0.0,0.0642400301820374,0.0,0.0,0.0,0.0,0.0,0.0,0.0,0.0,0.0,0.0,0.0,0.0,0.0,72.70400521180503,7382.408907338398,816.428981290403,2471.023743585491
0.0,0.0,0.0,0.14481176763404766,0.0,0.0,0.0,0.0,0.0,0.0,0.0,0.0,0.0,0.0,0.31383249175923456,0.0,0.0,0.0,0.0,0.0,0.0,0.0,0.0,0.0,0.0,0.5413557406067179,0.0,0.0,0.0,0.0,43.36706469343413,11354.253166329676,635.1018125647959,3186.60661261644
0.0,0.0,0.0,0.0,0.0,0.0,0.0,0.0,0.0,0.0,0.0,0.0,0.0,0.0,0.0,0.0,0.18639172604684487,0.0,0.0,0.0,0.0,0.0,0.0,0.0,0.0,0.0,0.0,0.0,0.6760126027089652,0.13759567124418975,32.578206183376324,6929.0122783475745,338.0943454253086,1255.638891511507
0.09481634949647758,0.0,0.07345765677010133,0.0,0.0,0.0,0.0,0.10168925511287827,0.0,0.0,0.0,0.0,0.0,0.0,0.0,0.0,0.0,0.0,0.0,0.0,0.0,0.0,0.0,0.7300367386205427,0.0,0.0,0.0,0.0,0.0,0.0,4.225804084518043,5754.827864766557,463.8428407287293,2949.291763108355
0.0,0.0,0.0,0.0,0.0,0.0,0.0,0.0,0.0,0.0,0.2619333955118419,0.0,0.0,0.5020468575688067,0.0,0.0,0.0,0.0,0.0,0.0,0.23601974691935143,0.0,0.0,0.0,0.0,0.0,0.0,0.0,0.0,0.0,171.63282561043354,4803.017364471814,588.5548755186661,2295.0479283067443
0.0,0.0,0.0,0.0,0.0,0.0,0.6072291498984229,0.0,0.0,0.0,0.0,0.0,0.0,0.0,0.0,0.0,0.0,0.0,0.0,0.0,0.0,0.0,0.0,0.39277085010157714,0.0,0.0,0.0,0.0,0.0,0.0,64.66350008070181,7042.453983772116,449.6191299656631,2067.251843490303
0.0,0.0,0.0,0.0,0.17452551940449168,0.0,0.0,0.0,0.0,0.0,0.0,0.0,0.10671105548456578,0.09189016442758648,0.0,0.0,0.0,0.20947186399028678,0.0,0.0,0.0,0.26806176314166175,0.0,0.0,0.14933963355140756,0.0,0.0,0.0,0.0,0.0,135.61163902557212,3740.1019538797636,551.9310814470101,2320.5533602448445
0.0,0.0,0.0,0.0,0.0,0.0,0.0,0.0,0.0,0.09655256422597493,0.3295542962386962,0.0,0.0,0.0,0.0,0.20457133841454614,0.0,0.0,0.0,0.0,0.11755941111226852,0.0,0.0,0.1371878938620963,0.0,0.0,0.0,0.0,0.11457449614641792,0.0,146.15054448126193,8131.723063112755,650.7338599542827,2197.9230526289207
0.0,0.48445220988370485,0.0,0.0,0.5155477901162953,0.0,0.0,0.0,0.0,0.0,0.0,0.0,0.0,0.0,0.0,0.0,0.0,0.0,0.0,0.0,0.0,0.0,0.0,0.0,0.0,0.0,0.0,0.0,0.0,0.0,4.763689893302399,6886.461729945683,652.9305744808843,1603.4369250142067
0.0,0.0,0.12701974736642063,0.25903669676839397,0.17467665503973592,0.0,0.0,0.0,0.0,0.0,0.0,0.28167764333215833,0.0,0.0,0.0,0.0,0.0,0.0,0.0,0.0,0.0,0.0,0.0,0.0,0.0,0.0,0.0,0.0,0.1575892574932913,0.0,164.14540703600468,5751.993588041535,552.6410709649266,3192.2753633059615
0.0,0.0,0.0,0.0,0.0922028094312109,0.14366328800162304,0.0,0.0,0.33037405958344096,0.0,0.0,0.0,0.0,0.0,0.0,0.0,0.0,0.0,0.0,0.0,0.0,0.0,0.0,0.43375984298372516,0.0,0.0,0.0,0.0,0.0,0.0,134.46020483582132,4914.885187541599,439.5439938410872,2631.619360835928
0.0,0.0,0.4039174919858087,0.0,0.0,0.0,0.20025416389814454,0.0,0.0,0.0,0.3386050493334367,0.0,0.0,0.0,0.0,0.0,0.0,0.0,0.0,0.0,0.0,0.0,0.0,0.05722329478261005,0.0,0.0,0.0,0.0,0.0,0.0,114.49271306642216,6691.047071640587,502.78185139783443,1948.933469286997
0.0,0.0,0.0,0.2550029403640351,0.0,0.0,0.4154199924386295,0.0,0.0,0.0,0.0,0.0,0.0,0.0,0.0,0.0,0.0,0.20916138081833408,0.0,0.0,0.12041568637900137,0.0,0.0,0.0,0.0,0.0,0.0,0.0,0.0,0.0,229.11566841677876,6557.800548359941,357.7726214667257,1410.1363591303711
0.0,0.1842781021684602,0.0,0.0,0.0,0.0,0.0,0.0,0.0,0.0,0.0,0.0,0.0,0.196624135545573,0.0,0.0,0.0,0.3428973895896491,0.0,0.0,0.0,0.2762003726963177,0.0,0.0,0.0,0.0,0.0,0.0,0.0,0.0,151.00705241237736,4353.011183090499,592.7330695129334,1753.2329553896582
0.0,0.0,0.0,0.0,0.0,0.45101944077099004,0.0,0.0,0.0,0.0,0.0,0.0,0.0,0.0,0.3900002844167876,0.0,0.0,0.0,0.0,0.0,0.0,0.0,0.0,0.0,0.15898027481222243,0.0,0.0,0.0,0.0,0.0,150.74336121820738,5767.910286492542,449.33121049464904,2889.7898479217724
0.0,0.0,0.3766834287884493,0.0,0.1378728084090678,0.0,0.0,0.0,0.0,0.0,0.0,0.0,0.0,0.24239050813119842,0.0,0.0,0.0,0.07514101771668091,0.07042441478815417,0.0,0.0,0.0,0.0,0.0,0.0,0.0,0.0,0.0974878221664493,0.0,0.0,52.11862167518929,6166.834383052939,562.6222855510789,2873.742522437406
0.0,0.0,0.0,0.0,0.0,0.0,0.0,0.0,0.0,0.0,0.0,0.0,0.165207736773489,0.0,0.0,0.0,0.0,0.0,0.4379322161167726,0.20920333989983708,0.0,0.0,0.0,0.18765670720990157,0.0,0.0,0.0,0.0,0.0,0.0,108.012059469289,4333.777865634303,413.5052573700164,1386.172335311778
0.040182344110608496,0.0,0.0,0.0,0.0,0.0,0.0,0.31700773649076697,0.14396945924295135,0.0,0.0,0.0,0.0,0.12687279951404495,0.0,0.0,0.0,0.0,0.0,0.0,0.0,0.0,0.0,0.0,0.0,0.37196766064162823,0.0,0.0,0.0,0.0,54.042449818309606,14603.703184896589,443.9617521469544,2467.654647403932
0.0,0.0,0.0,0.0,0.0,0.0,0.0,0.0,0.0,0.0,0.5634276652767164,0.0,0.43657233472328355,0.0,0.0,0.0,0.0,0.0,0.0,0.0,0.0,0.0,0.0,0.0,0.0,0.0,0.0,0.0,0.0,0.0,196.60472736770754,4605.825348597834,537.7643665087755,957.9367698170456
0.237134078291829,0.0,0.0,0.0,0.0,0.0,0.0,0.0,0.0,0.22039694910016205,0.0,0.19966246569490506,0.0,0.0,0.0,0.0,0.0,0.0,0.0,0.0,0.0,0.0,0.0,0.0,0.3428065069131039,0.0,0.0,0.0,0.0,0.0,144.91421583146393,7324.485414375591,397.48185721928115,2556.9937123605637
0.5838973589171629,0.0,0.0,0.0,0.0,0.0,0.0,0.2960086401587814,0.0,0.0,0.0,0.0,0.0,0.0,0.03179389992605994,0.0,0.0,0.0,0.0,0.0,0.0,0.0,0.0,0.0,0.0,0.0,0.0,0.08830010099799564,0.0,0.0,6.499753609185649,9737.225697811886,267.6429947891552,799.2984591250179
0.0,0.0,0.0,0.0,0.0,0.3134785395181639,0.0,0.0,0.0,0.0,0.0,0.0,0.0,0.21789151884730476,0.0,0.0,0.0,0.0,0.0,0.4686299416345313,0.0,0.0,0.0,0.0,0.0,0.0,0.0,0.0,0.0,0.0,89.95087756314379,4265.067425824413,269.7454410037309,2017.1473831523276
0.0,0.0,0.0,0.2954535749925841,0.0,0.0,0.0,0.0,0.0,0.0,0.0,0.0,0.0,0.0,0.0,0.0,0.0,0.0,0.0,0.0,0.3554685616819535,0.0,0.0,0.0,0.027100947044105216,0.32197691628135705,0.0,0.0,0.0,0.0,205.5486402844731,8536.926631475351,425.33743795637474,2471.9408967166264
0.0,0.0,0.0,0.0,0.0,0.0,0.0,0.24076122150275803,0.0,0.3566311037037316,0.0,0.0,0.0,0.0,0.0,0.0,0.0,0.0,0.0,0.0,0.0,0.0,0.0,0.0,0.0,0.0,0.0,0.0,0.4026076747935104,0.0,8.148442205816044,14329.619001180175,294.0728692538762,1097.1453630773385
0.20993105046622107,0.0,0.0,0.0,0.0,0.0,0.0,0.0,0.25696504412287885,0.0,0.0,0.0,0.0,0.0,0.0,0.0,0.0,0.2164627004764742,0.0,0.0,0.08660346067601954,0.0,0.0,0.0,0.2300377442584062,0.0,0.0,0.0,0.0,0.0,223.77445996185486,5172.80226192199,349.5738398709852,1384.6678905438653
0.0,0.0,0.0,0.0,0.0,0.0,0.0,0.0,0.0,0.0,0.0,0.0,0.0,0.0,0.0,0.0,0.6691792959538181,0.0,0.0,0.0,0.19862028424717346,0.0,0.0,0.0,0.0,0.13220041979900848,0.0,0.0,0.0,0.0,159.20684345597218,4945.237320751589,363.5471887825204,1584.313880088797
0.0,0.0,0.0,0.0,0.0,0.0,0.0,0.0,0.0,0.0,0.0,0.0,0.0,0.4189537949791282,0.0,0.06860044923568548,0.0,0.0,0.0,0.03392686591401648,0.039490389013652,0.439028500857518,0.0,0.0,0.0,0.0,0.0,0.0,0.0,0.0,47.86772086286909,4093.229496113557,507.7000641275682,2843.023654973411
0.0,0.0,0.0,0.0,0.0,0.0,0.0,0.0,0.0,0.0,0.0,0.0,0.0,0.0,0.3428265173661635,0.0,0.0,0.467188453636051,0.0,0.0,0.0,0.0,0.0,0.0,0.0,0.0,0.0,0.18998502899778538,0.0,0.0,170.3801954848735,6040.819726872596,741.9594294863577,1343.0342307124888
0.0,0.0,0.32520983589448715,0.0,0.0,0.0,0.0,0.20801003598174347,0.0,0.0,0.0,0.0,0.0,0.0,0.0,0.13177910565979778,0.33500102246397157,0.0,0.0,0.0,0.0,0.0,0.0,0.0,0.0,0.0,0.0,0.0,0.0,0.0,54.872738877781885,8671.979497306189,341.04910713730027,2203.8824902251936
0.0,0.09111230323773481,0.0,0.0,0.3954712000608774,0.2413613543230326,0.08772106382978692,0.0,0.0,0.0,0.0,0.0,0.0,0.0,0.0,0.0,0.0,0.0,0.0,0.10405914741446044,0.0,0.0,0.0,0.0,0.0,0.0,0.0,0.0802749311341077,0.0,0.0,85.54178076574316,6561.095660338855,610.5679713168597,2232.1767456432467
0.0,0.0,0.0,0.0,0.0,0.0,0.14476300999893646,0.0,0.0,0.0,0.20673995215747493,0.0,0.0,0.0,0.0,0.0,0.0,0.0,0.0,0.0,0.0,0.0,0.44178983921124715,0.0,0.0,0.0,0.0,0.20670719863234147,0.0,0.0,,14749.792849091238,632.7094528323556,965.8674179167194
0.0,0.0,0.0,0.512149010867859,0.044898998656244395,0.0,0.0,0.17444164063352974,0.0,0.0,0.0,0.0,0.10365354415770973,0.0,0.0,0.0,0.0,0.0,0.0,0.0,0.0,0.0,0.0,0.0,0.0,0.0,0.0,0.1648568056846572,0.0,0.0,142.82321827309528,7787.34266237394,305.06492622647903,
0.0,0.27980644162641055,0.0,0.0,0.0,0.7201935583735894,0.0,0.0,0.0,0.0,0.0,0.0,0.0,0.0,0.0,0.0,0.0,0.0,0.0,0.0,0.0,0.0,0.0,0.0,0.0,0.0,0.0,0.0,0.0,0.0,180.76617457015038,4484.317184091248,256.0173738829958,2135.9740678764856
0.0,0.0,0.0,0.0,0.0,0.0,0.0,0.0,0.0,0.0,0.0,0.0,0.0,0.0,0.0,0.0,0.14475612654236406,0.0,0.0,0.0,0.0,0.0,0.08420155802830094,0.0,0.0,0.0,0.0,0.043850960395213114,0.04173613576222251,0.6854552192718992,32.16503816075312,6702.9460025858325,351.9421836471956,860.5824462352725
0.0,0.0,0.0,0.0,0.0,0.0,0.2984119073531113,0.0,0.0,0.0,0.0,0.0,0.0,0.0,0.0,0.0,0.0,0.0,0.0,0.0,0.0,0.0,0.0,0.0,0.0,0.0,0.0,0.7015880926468887,0.0,0.0,30.471037370525767,10911.60869321164,758.1835496499064,954.4016959913391
0.0,0.0,0.0,0.0,0.0,0.0,0.0,0.0,0.0,0.0,0.0,0.0,0.0,0.11970685719012537,0.0,0.0903616862803629,0.0,0.0,0.0,0.0,0.0,0.0,0.26569049065178874,0.0,0.0,0.12566590575808048,0.10175951779770902,0.2968155423219334,0.0,0.0,24.363253510346297,14314.36741678286,680.8990784672369,2127.57596586787
0.0,0.0,0.0,0.0,0.0,0.0,0.0,0.0,0.0,0.0,0.0,0.0,0.0,0.0,0.0,0.0,0.0,0.0,0.0,0.0,0.0,0.0,0.0,0.0,0.0,0.28754940423345726,0.0,0.0,0.0,0.7124505957665429,7.58586506561274,7121.16712211381,400.4200081483904,1565.9919958488945
0.12550696389470506,0.0,0.0,0.0,0.0,0.0,0.0,0.0,0.0,0.05141061139459282,0.0,0.0,0.0,0.0,0.0,0.0,0.0,0.0,0.0,0.0,0.4369280895487338,0.0,0.0,0.09010412071948048,0.29605021444248786,0.0,0.0,0.0,0.0,0.0,209.31963648994832,5672.451145143501,302.1856851607732,1884.928705043262
0.0,0.0,0.0,0.0,0.254826655615675,0.0,0.0,0.0,0.0,0.0,0.0,0.0,0.0,0.0,0.0,0.0,0.0,0.0,0.0,0.0,0.0,0.0,0.0,0.0,0.0,0.0,0.0,0.0,0.0,0.7451733443843249,6.766908386067778,4325.030090128188,414.87031314382074,1305.597672954874
0.0,0.03572068564552695,0.0,0.0,0.27703284001329603,0.0,0.0,0.0,0.3052225816411833,0.0,0.0,0.0,0.0,0.0,0.0,0.0,0.0,0.0,0.0,0.0,0.0,0.0,0.0,0.0,0.38202389269999365,0.0,0.0,0.0,0.0,0.0,166.6848121284451,6380.318901059137,495.26281730197064,2355.2863453477444
0.0,0.0,0.0,0.0,0.0,0.0,0.0,0.0,0.0,0.0,0.0,0.0,0.0,0.0,0.0,0.0,0.0,0.0,0.9026174121428671,0.0,0.0,0.09738258785713294,0.0,0.0,0.0,0.0,0.0,0.0,0.0,0.0,164.8579096493736,4273.287824250795,455.3382991093635,784.6053801641938
0.0,0.0,0.0,0.0,0.0,0.0,0.0,0.0,0.0,0.687357223836303,0.0,0.0,0.0,0.0,0.0,0.0,0.0,0.0,0.0,0.0,0.0,0.0,0.0,0.0,0.0,0.14454284752026184,0.0,0.16809992864343515,0.0,0.0,2.444048075082954,14470.273799971877,455.74914344109834,1387.6647715147903
0.0,0.0,0.0,0.0,0.0,0.0,0.0,0.0,0.0,0.0,0.0,0.0,0.0,0.4005495919783923,0.0,0.0,0.0,0.0,0.0,0.0,0.0,0.0,0.0,0.0,0.0,0.5994504080216078,0.0,0.0,0.0,0.0,34.24384051928804,10713.685041006162,620.7749040029404,3288.8858205640677
0.0,0.0,0.0,0.0,0.0,0.0,0.0,0.0,0.0,0.0,0.0,0.0,0.0,0.0,0.0,0.0,0.0,0.0,0.0,0.0,0.22667950335168316,0.0,0.0,0.0,0.0,0.0,0.7733204966483168,0.0,0.0,0.0,70.02511812485653,8976.837113099225,186.67399454529635,1427.8897006439636
0.0,0.0,0.0,0.0,0.0,0.0,0.0,0.0,0.0,0.3071200274331945,0.0,0.0,0.25245895781004973,0.0,0.0,0.0,0.0,0.0,0.0,0.0,0.4270320086921273,0.0,0.0,0.0,0.0,0.01338900606462828,0.0,0.0,0.0,0.0,164.4401840933662,8434.230250801209,302.54168013160825,943.3023352503828
0.0,0.0,0.0,0.0,0.0,0.0,0.0,0.3175948698158793,0.0,0.0,0.0,0.0,0.4179696963907748,0.0,0.0,0.0,0.0,0.0,0.0,0.0,0.0,0.26443543379334594,0.0,0.0,0.0,0.0,0.0,0.0,0.0,0.0,51.9171938148233,8258.297807973446,296.41058532248644,1257.4274806249944
0.0,0.0,0.26493586897365706,0.0,0.3701365520218226,0.0,0.0,0.0,0.0,0.0,0.0,0.0,0.0,0.0,0.0,0.0,0.0,0.0,0.0,0.0,0.0,0.0,0.0,0.0,0.3146902976884631,0.0502372813160572,0.0,0.0,0.0,0.0,74.59153237067387,6122.909383431093,568.9369534027636,3277.272693445423
0.0,0.0,0.0,0.0,0.0,0.0,0.0,0.0,0.20817360313484345,0.0,0.0,0.472490984429853,0.0,0.0,0.0,0.16485764261126148,0.0,0.0,0.0,0.154477769824042,0.0,0.0,0.0,0.0,0.0,0.0,0.0,0.0,0.0,0.0,208.72857185480723,5969.958350414289,639.8040254453949,3100.734846854802
0.0,0.0,0.0,0.0,0.0,0.2673587567451348,0.0,0.0,0.0,0.0,0.0,0.0,0.0,0.0,0.0,0.0,0.0,0.0936915371892953,0.0,0.0,0.3029422086200948,0.0,0.336007497445475,0.0,0.0,0.0,0.0,0.0,0.0,0.0,226.24173453699154,9637.770789442508,365.0880658679505,1391.835145275083
0.39366173788986375,0.0,0.0,0.0,0.0,0.0,0.0,0.07625089439422193,0.0,0.0,0.21901765534568446,0.0,0.0,0.0,0.0,0.0,0.10844241996753537,0.0,0.0,0.0,0.0,0.0,0.0,0.20262729240269445,0.0,0.0,0.0,0.0,0.0,0.0,87.53509462072061,5395.8479126419525,415.46550727933203,1683.208573531172
0.0,0.0,0.0,0.4452620804316358,0.13803194695610105,0.0,0.0,0.0,0.0,0.0,0.0,0.0,0.021387082701925936,0.0,0.14605658831211032,0.0,0.21504294138491184,0.03421936021331513,0.0,0.0,0.0,0.0,0.0,0.0,0.0,0.0,0.0,0.0,0.0,0.0,165.63353937572086,4639.507894720549,447.6625848576233,2403.165689819396
0.0,0.0,0.0,0.0,0.0,0.12712274313058658,0.5100635843801427,0.0,0.0,0.0,0.2745597702704045,0.0,0.0,0.0,0.0,0.0,0.08825390221886634,0.0,0.0,0.0,0.0,0.0,0.0,0.0,0.0,0.0,0.0,0.0,0.0,0.0,175.16538649170946,7645.2035768529995,506.67367494422007,1300.3945925901794
0.0,0.0,0.128587593643492,0.42577399879026945,0.0,0.0,0.0,0.0,0.27330594080769566,0.0,0.05282548284351525,0.0,0.0,0.0,0.0,0.0,0.11950698391502779,0.0,0.0,0.0,0.0,0.0,0.0,0.0,0.0,0.0,0.0,0.0,0.0,0.0,204.37884110313746,4858.205251442281,256.1965034739001,2154.0701901939933
0.0,0.0,0.0,0.1980354394291721,0.0,0.2953989563987124,0.0,0.0,0.0,0.0,0.03730711281230783,0.0,0.0,0.0,0.0,0.0,0.16880996625511063,0.0,0.0,0.0,0.0,0.0,0.0,0.0,0.0,0.0,0.0,0.0,0.30044852510469694,0.0,175.70196750126843,5946.117835132176,300.40988355798004,2221.229407005989
0.0,0.0,0.0,0.0,0.0,0.0,0.0,0.0,0.0,0.0,0.0,0.0,0.0,0.0,0.18868611383322872,0.08572078641075499,0.5553770966669852,0.0,0.0,0.0,0.0,0.0,0.0,0.0,0.0,0.17021600308903123,0.0,0.0,0.0,0.0,86.55392662384925,6932.128179706096,496.3982442389812,2309.67378473923
0.0,0.3233442247370842,0.0,0.0,0.0,0.04199770451537766,0.0,0.0,0.0,0.0,0.0,0.0,0.0,0.0,0.0,0.0,0.0,0.0,0.0,0.27593328050408983,0.0,0.0,0.0,0.0,0.0,0.3587247902434482,0.0,0.0,0.0,0.0,21.501681093407804,10045.393441588536,485.3758845964659,2011.1327807921025
0.0,0.44424082037459167,0.0,0.0,0.0,0.0,0.0,0.0,0.0,0.0,0.5557591796254083,0.0,0.0,0.0,0.0,0.0,0.0,0.0,0.0,0.0,0.0,0.0,0.0,0.0,0.0,0.0,0.0,0.0,0.0,0.0,152.68688809394774,6774.320435648109,663.9845308021585,811.3952132688095
0.0,0.0,0.0,0.582781861743601,0.0,0.0,0.0,0.0,0.0,0.0,0.0,0.0,0.0,0.0,0.0,0.0,0.0,0.0,0.0,0.0,0.0,0.0,0.0,0.0,0.0,0.0,0.0,0.41721813825639886,0.0,0.0,134.16858361416428,7562.719220397108,446.05094693781075,2051.3909924337486
0.0,0.0,0.0,0.0,0.04137996555656852,0.09387119139821772,0.0,0.0,0.0,0.0,0.0,0.0,0.0,0.0,0.40080996802525387,0.0,0.3646601031927656,0.0,0.0,0.0,0.0,0.0,0.0,0.0,0.0,0.0,0.0,0.0,0.09927877182719431,0.0,83.64184319311225,6344.057080640362,577.1878370937864,2133.7615310766632
0.0,0.0,0.0,0.0,0.0,0.12465927597474395,0.0,0.0,0.0,0.0,0.0,0.0,0.0,0.0,0.0,0.0,0.0,0.4057231298455066,0.2895052105680234,0.0,0.0,0.0,0.0,0.0,0.0,0.18011238361172585,0.0,0.0,0.0,0.0,226.89127709254703,5957.277578648833,559.8203409228421,1568.688973799839
0.0,0.0,0.35940379486852314,0.0,0.3082457660135433,0.0,0.0,0.028124063199236733,0.0,0.0,0.0,0.0,0.0,0.0,0.0,0.0,0.0,0.09542265599264622,0.0,0.0,0.09479932622077666,0.0,0.0,0.0,0.0,0.0,0.0,0.0,0.11400439370527392,0.0,69.9608289990286,6188.636420909964,511.7311754059446,2443.7103071244765
0.0,0.21956909777532357,0.0,0.0,0.0,0.0,0.0,0.0,0.1713822197310259,0.0,0.0,0.0,0.0,0.0,0.0,0.0,0.0,0.0,0.14081494247612045,0.0,0.0,0.0,0.17827266988249857,0.0,0.0,0.09496888668344738,0.19499218345158417,0.0,0.0,0.0,81.45421223145073,11911.706977602309,434.0998808456406,1374.4961715637216
0.0,0.0,0.0,0.0,0.0,0.0,0.3283109830327102,0.39997726514408716,0.21755463217313847,0.04704747774072197,0.0,0.0,0.0,0.0,0.0,0.0,0.0,0.0,0.0,0.0,0.0,0.0,0.007109641909342093,0.0,0.0,0.0,0.0,0.0,0.0,0.0,87.83318268023001,14928.65708580821,253.6164536400627,882.301728800157
0.0,0.1696750527788456,0.0,0.0,0.0,0.0,0.2069156114312169,0.0,0.0,0.0,0.13012090122224812,0.0709901605957459,0.0,0.0,0.0,0.0,0.285998431186059,0.0,0.0,0.0,0.0,0.0,0.0,0.1362998427858846,0.0,0.0,0.0,0.0,0.0,0.0,127.24445277501432,6268.652135930348,544.5144797094968,1913.3297010663007
0.0,0.0,0.0,0.0,0.14285406433959877,0.0,0.442671875061868,0.14399888908376837,0.0,0.0,0.221717683155408,0.0,0.0,0.048757488359356733,0.0,0.0,0.0,0.0,0.0,0.0,0.0,0.0,0.0,0.0,0.0,0.0,0.0,0.0,0.0,0.0,119.93700534338576,10110.451975200564,536.9956122830285,1423.5526341437599
0.0,0.0,0.0,0.10197582691410467,0.08088273235384094,0.0,0.2564486678488425,0.0,0.0,0.0,0.0,0.0,0.0,0.0,0.0,0.0,0.17591891998606174,0.0,0.14221874333824408,0.0,0.0,0.0,0.0,0.0,0.0,0.0,0.0,0.2425551095589059,0.0,0.0,116.93981992454576,7989.524624143408,579.9028844366162,1550.8759500397412
0.0,0.0,0.0,0.0,0.0,0.0,0.0,0.0,0.0,0.0,0.0,0.0,0.0,0.0,0.0,0.38819148055637315,0.0,0.0,0.0,0.0,0.0,0.0,0.0,0.0,0.6118085194436269,0.0,0.0,0.0,0.0,0.0,148.7147887654899,6460.986557296478,455.2426991527557,3577.6575923888704
0.0,0.0,0.0,0.0,0.0,0.0,0.0,0.0,0.0,0.0,0.2640938229194623,0.0,0.0,0.0,0.7359061770805377,0.0,0.0,0.0,0.0,0.0,0.0,0.0,0.0,0.0,0.0,0.0,0.0,0.0,0.0,0.0,69.25278328571028,7595.652402140372,744.3446556105536,2070.12893324586
0.0,0.0,0.0,0.0,0.0,0.0,0.0,0.0,0.0,0.0,0.0,0.23992488830012257,0.0,0.0,0.0,0.0,0.0,0.0,0.6615318564168298,0.0,0.0,0.0,0.0,0.0,0.0,0.0,0.0,0.0,0.0,0.0,219.56643040515883,4337.998964144306,544.6098640591941,1422.0441233985252
0.0,0.0,0.0,0.31051083631163146,0.0,0.0,0.0,0.0,0.0,0.0,0.1678687456653732,0.0,0.0,0.0,0.0,0.0,0.1414666730083903,0.19428001457473576,0.18587373043986932,0.0,0.0,0.0,0.0,0.0,0.0,0.0,0.0,0.0,0.0,0.0,263.3272330704051,4202.657801226991,469.6892254991804,1525.8085778595691
0.0,0.0,0.0,0.0,0.13396407753622097,0.0,0.2119474439618991,0.0,0.0,0.21313039956116078,0.0,0.0,0.0,0.0,0.0,0.0,0.0,0.0,0.0,0.2162306627849621,0.0,0.0,0.22472741615575725,0.0,0.0,0.0,0.0,0.0,0.0,0.0,36.90672709715736,12025.10843672683,416.6381930982933,1164.5862329460203
0.0,0.0,0.0,0.0,0.0,0.0,0.0,0.0,0.0,0.2671399908720487,0.0,0.0,0.0,0.0,0.1274458816710383,0.0,0.0,0.0,0.0,0.0,0.0,0.0,0.3854464919992215,0.0,0.0,0.0,0.0,0.0,0.21996763545769163,0.0,16.519645898729255,14835.664684214651,432.7833647880806,1219.249186114983
0.0,0.0,0.0,0.0,0.0,0.0,0.3590582363273789,0.0,0.0,0.0,0.0,0.0,0.0,0.0,0.0,0.0,0.0,0.0,0.0,0.0,0.0,0.0,0.0,0.0,0.0,0.6409417636726211,0.0,0.0,0.0,0.0,35.57755627980894,13126.877676002678,595.389191826121,2721.22450462254
0.0,0.0,0.0,0.0,0.0,0.0,0.3951177629299408,0.0,0.0,0.0,0.0,0.0,0.49020458207451134,0.0,0.0,0.0,0.04914054608695767,0.0,0.0,0.0,0.0,0.0,0.0,0.0,0.06553710890859019,0.0,0.0,0.0,0.0,0.0,110.76765046352534,5868.848675150924,297.12217437361386,1085.1123174644515
0.0,0.0,0.0,0.0,0.37587352191351786,0.0,0.0,0.0,0.0,0.0,0.0,0.0,0.0,0.41808369518659855,0.0,0.0,0.2060427828998836,0.0,0.0,0.0,0.0,0.0,0.0,0.0,0.0,0.0,0.0,0.0,0.0,0.0,54.256344631380266,4501.381481400767,626.0420044363688,2679.8143885047702
0.0,0.0,0.0,0.0,0.0,0.0,0.0,0.0,0.0,0.21779303135523495,0.0,0.15691394246624413,0.0,0.0,0.0,0.0,0.2128577530822033,0.0,0.1595132132264534,0.0,0.0,0.0,0.0,0.0,0.0,0.0,0.0,0.14143510030125336,0.0,0.11148695956861068,121.7050895134088,8316.539536331533,568.8850618046156,1541.7099465042693
0.0,0.0,0.0,0.28646695970684094,0.07027505265437546,0.0,0.0,0.0,0.0,0.0,0.0,0.0,0.4046504749179837,0.0,0.0,0.0,0.0,0.0,0.0,0.0,0.0,0.0,0.0,0.0,0.0,0.0,0.23860751272079983,0.0,0.0,0.0,,5602.284430294968,239.9962069047265,1688.651673504948
0.0,0.0,0.0,0.0,0.0,0.0,0.0,0.13666521045500218,0.1611731431384722,0.0,0.0,0.0,0.0,0.0,0.0,0.19734930657354147,0.14394563821952255,0.0,0.0,0.21766210232312508,0.0,0.1432045992903366,0.0,0.0,0.0,0.0,0.0,0.0,0.0,0.0,78.51685750810715,8194.691422228596,424.47615594273424,1934.5789855886264
0.0,0.0,0.0,0.0,0.0,0.0,0.0,0.23985386194008712,0.7601461380599128,0.0,0.0,0.0,0.0,0.0,0.0,0.0,0.0,0.0,0.0,0.0,0.0,0.0,0.0,0.0,0.0,0.0,0.0,0.0,0.0,0.0,171.5778470473219,10456.276398065733,209.8940772637421,983.8885793220791
0.0,0.0,0.0,0.0,0.0,0.0,0.0,0.0,0.0,0.0,0.0,0.0,0.0,0.0,0.0,0.0,0.0,0.5635451108359084,0.0,0.0,0.0,0.2039946994577942,0.0,0.0,0.0,0.0,0.0,0.0,0.23246018970629748,0.0,197.33892180499626,4124.267678086122,564.2332416912186,1093.7390441767302
0.0,0.2613923982077274,0.0,0.0,0.0,0.0,0.0,0.0,0.0,0.0,0.21164566813039998,0.0,0.0,0.0,0.0,0.0,0.0,0.0,0.0,0.0,0.0,0.22889956954360194,0.29806236411827053,0.0,0.0,0.0,0.0,0.0,0.0,0.0,76.98449358063641,10692.21901863734,584.0697557749816,1204.3383739046676
0.0,0.07285339725578646,0.0,0.0,0.0,0.0,0.0,0.0,0.0,0.0,0.0,0.0,0.0,0.0,0.0,0.0,0.0,0.0,0.0,0.0,0.0,0.0,0.3296054388550332,0.0,0.0,0.1665562004605092,0.0,0.0,0.0,0.4309849634286712,17.122434600383247,11780.901219497444,438.84063781369923,1346.0048225873634
0.0,0.48821322392845823,0.0,0.0,0.0,0.0,0.5117867760715417,0.0,0.0,0.0,0.0,0.0,0.0,0.0,0.0,0.0,0.0,0.0,0.0,0.0,0.0,0.0,0.0,0.0,0.0,0.0,0.0,0.0,0.0,0.0,64.26100377202968,8734.255918491792,408.24675442931976,721.8297065257148
0.0,0.0,0.0,0.0,0.0,0.0,0.0,0.0,0.0,0.0,0.0,0.0,0.0,0.0,0.0,0.0890867212938096,0.0,0.0,0.0,0.5302209771638473,0.0,0.0,0.380692301542343,0.0,0.0,0.0,0.0,0.0,0.0,0.0,17.608724000247474,9913.863103473414,333.8748210500401,1032.2249895418063
0.0,0.017084223702863596,0.0,0.0,0.0,0.0,0.0,0.11149770637182825,0.0,0.0,0.0,0.0,0.0,0.0,0.0,0.0,0.0,0.0,0.0,0.0,0.0,0.0,0.4091479010835988,0.23726539705722685,0.0,0.0,0.0,0.0,0.40004279240017193,0.0,22.0839272192275,13447.969935790119,452.5197061654839,1742.310896128108
0.0,0.0,0.0,0.0,0.0,0.2649295566128926,0.0,0.38950880108173397,0.0,0.0,0.0,0.0,0.0,0.0,0.12284710425625243,0.0,0.0,0.0,0.0,0.0,0.0,0.0,0.047330429637219805,0.0,0.0,0.0,0.0,0.0,0.17538410841190136,0.0,79.15000951625379,13065.834022071736,310.89736040500753,1777.9066012444086
0.0,0.0,0.0,0.0,0.0,0.0,0.0,0.0,0.24309158498589678,0.0,0.0,0.0,0.0,0.0,0.0,0.0,0.0,0.7413333558725556,0.0,0.0,0.0,0.0,0.015575059141547744,0.0,0.0,0.0,0.0,0.0,0.0,0.0,322.0546828655665,3617.0021866743214,455.22029854625134,759.5542628164025
0.0,0.0,0.0,0.0,0.0,0.0,0.0,0.0,0.0,0.0,0.0,0.0,0.0,0.0,0.49167103698019665,0.0,0.0,0.0,0.5083289630198035,0.0,0.0,0.0,0.0,0.0,0.0,0.0,0.0,0.0,0.0,0.0,100.42316473701123,6234.944893596505,647.8533904121416,1514.4938483737963
0.0,0.06635867300708653,0.0,0.0,0.0,0.0,0.24574895823567833,0.25734271299851846,0.0,0.0,0.0,0.12457893729857596,0.23655069279560237,0.0,0.0,0.06942002566453821,0.0,0.0,0.0,0.0,0.0,0.0,0.0,0.0,0.0,0.0,0.0,0.0,0.0,0.0,99.65088502134076,10774.949219562406,373.48538060724775,1539.8308749406947
0.0,0.0,0.0,0.0,0.0,0.0,0.0,0.0,0.0,0.0,0.0,0.14404979180599428,0.30389877406800425,0.0,0.0,0.0,0.056631321318956096,0.03035153010859346,0.0,0.15586336990468658,0.30920521279376545,0.0,0.0,0.0,0.0,0.0,0.0,0.0,0.0,0.0,201.76344772907424,4361.497834038012,394.07727059247253,1474.2138985057222
0.0,0.0,0.0,0.0,0.2794183375147026,0.0,0.0,0.2511175426538751,0.0,0.0,0.0,0.0,0.0,0.0,0.0,0.0,0.0,0.0,0.0,0.0,0.0,0.0,0.0,0.0,0.0,0.0,0.0,0.4694641198314224,0.0,0.0,6.805245029162035,13459.536787097684,664.2827155765343,1417.4976513474571
0.0,0.0,0.0,0.0,0.0,0.0,0.0,0.0,0.0,0.0,0.0,0.0,0.0,0.0,0.0,0.45520967095012516,0.0,0.0,0.5447903290498748,0.0,0.0,0.0,0.0,0.0,0.0,0.0,0.0,0.0,0.0,0.0,121.38139373934041,6529.533292846716,600.3431850636404,2044.134497610602
0.0,0.14965394409823277,0.0,0.0,0.0,0.0,0.0,0.3719665248360675,0.0,0.0,0.0,0.0,0.0,0.0,0.0,0.0,0.07914395807599468,0.0,0.0,0.0,0.0,0.0,0.0,0.0,0.0,0.0,0.0,0.399235572989705,0.0,0.0,17.62451666444848,14026.010194660621,544.8572063633544,905.4338161986607
0.0,0.0,0.0,0.0,0.0,0.0,0.2626106760470414,0.0,0.2911755996746127,0.0,0.0,0.0,0.0,0.10285133533697091,0.0,0.0,0.0,0.0,0.0,0.0,0.0,0.24933472304513912,0.0,0.0,0.09402766589623594,0.0,0.0,0.0,0.0,0.0,117.22524697081784,6866.2336616687535,393.06797177167573,1900.4665472307347
0.0,0.0,0.0,0.0,0.0,0.0,0.0,0.0,0.0,0.0,0.0,0.0,0.0,0.0,0.0,0.0,0.0,0.0,0.0,0.0,0.0,0.25950729101731856,0.0,0.0,0.0,0.0,0.0,0.0,0.7404927089826815,0.0,7.135742328900969,7369.5088844960155,437.27068079419337,1481.804790393162
0.0,0.0,0.0,0.0,0.6947917400437619,0.0,0.0,0.0,0.0,0.0,0.0,0.0,0.0,0.0,0.10792299791435567,0.0,0.0,0.0,0.0,0.0,0.0,0.0,0.0,0.19728526204188254,0.0,0.0,0.0,0.0,0.0,0.0,0.3299115483772974,5510.491370373295,801.990755648243,2937.29918184848
0.0,0.0,0.0,0.0,0.0,0.0,0.0,0.0,0.0,0.2622387744033402,0.5637655942731689,0.0,0.0,0.06872541150282803,0.0,0.0,0.0,0.0,0.10527021982066292,0.0,0.0,0.0,0.0,0.0,0.0,0.0,0.0,0.0,0.0,0.0,196.347024411025,8284.894880649153,645.2885758531608,1085.601418118516
0.0,0.0,0.0,0.0,0.0,0.0,0.0,0.0,0.0,0.0,0.0,0.0,0.0,0.0,0.36484467288137545,0.0,0.0,0.0,0.0,0.0,0.0,0.0,0.0,0.0,0.0,0.12694861136002372,0.0,0.5082067157586008,0.0,0.0,2.956022031729093,11571.929788197802,893.341537148221,1942.5708081533742
0.0,0.0,0.0,0.2054489453724402,0.0,0.0,0.0,0.0,0.0,0.20848349348230738,0.0,0.0,0.0,0.0,0.0,0.41666591600683095,0.0,0.0,0.0,0.0,0.0,0.0,0.16940164513842138,0.0,0.0,0.0,0.0,0.0,0.0,0.0,71.86155700524009,10976.915355804094,495.7679842117819,2697.641303972779
0.0,0.0,0.0,0.0,0.0,0.0,0.0,0.0,0.0,0.0,0.0,0.0,0.0,0.0,0.0,0.0,0.0,0.5770623010093858,0.0,0.0,0.0,0.0,0.0,0.0,0.0,0.0,0.0,0.0,0.0,0.422937698990614,194.31880162556388,3018.8631574969177,436.8443451463064,678.4071356754553
0.5040344634150721,0.0,0.0,0.0,0.1781357232140843,0.0,0.0,0.0,0.0,0.0,0.0,0.0,0.0,0.0,0.0,0.0,0.0,0.0,0.0,0.3178298133708436,0.0,0.0,0.0,0.0,0.0,0.0,0.0,0.0,0.0,0.0,1.605590945047319,4453.342387955114,326.1157424660041,1003.1059890226519
0.0,0.0,0.11991410719750364,0.0,0.0,0.0,0.0,0.0,0.0,0.1815580204850277,0.0,0.20019537476829316,0.0,0.0,0.0898279714563347,0.3133861097611525,0.0,0.0,0.0,0.0,0.0,0.0,0.0,0.0,0.09511841633168837,0.0,0.0,0.0,0.0,0.0,107.21598547299321,8674.396516093642,678.6227369524887,3291.446283409131
0.0,0.0,0.0,0.0,0.0,0.0,0.0,0.0,0.0,0.0,0.0,0.0,0.0,0.0,0.0,0.0,0.0,0.0,0.3942504891612289,0.0,0.0,0.0,0.0,0.0,0.605749510838771,0.0,0.0,0.0,0.0,0.0,193.49336710153028,5469.498362883916,351.3426225341945,2108.1058263796485
0.0,0.0,0.0,0.29919734945301296,0.0,0.0,0.0,0.0,0.0,0.0,0.0,0.0,0.0,0.22228665719952176,0.0,0.0,0.0,0.0,0.0,0.0,0.0,0.0,0.0,0.4785159933474653,0.0,0.0,0.0,0.0,0.0,0.0,90.02527354818521,3667.094430163906,426.6426569781125,3298.391309048852
0.0,0.0,0.0,0.0,0.0,0.6359007054879972,0.0,0.0,0.0,0.3640992945120028,0.0,0.0,0.0,0.0,0.0,0.0,0.0,0.0,0.0,0.0,0.0,0.0,0.0,0.0,0.0,0.0,0.0,0.0,0.0,0.0,153.93729157230467,7285.769626066098,202.70380135330564,2143.07776761569
0.0,0.0,0.0,0.0,0.0,0.5625757035800377,0.43742429641996217,0.0,0.0,0.0,0.0,0.0,0.0,0.0,0.0,0.0,0.0,0.0,0.0,0.0,0.0,0.0,0.0,0.0,0.0,0.0,0.0,0.0,0.0,0.0,162.35473523982967,6247.904348533983,270.5228236680355,2149.8925810080486
0.0,0.0,0.0,0.0,0.0,0.0,0.0,0.0,0.07643495282681663,0.31569951706863697,0.0,0.0,0.0,0.0,0.0,0.0,0.0,0.0,0.0,0.0,0.0,0.0,0.1659246392263718,0.0,0.0,0.0,0.44194089087817473,0.0,0.0,0.0,24.944169995065835,13720.237604239637,270.3355321672997,1200.172220231107
0.0,0.0,0.0,0.0,0.17199587286359233,0.0,0.0,0.0,0.0,0.0,0.0,0.05736134153695652,0.0,0.0,0.0,0.0,0.0,0.0,0.0,0.0,0.0,0.13357691917970574,0.0,0.29691866192649086,0.0,0.0,0.0,0.3401472044932546,0.0,0.0,20.850171963928155,7241.981435669824,819.5316175652273,2637.317898395605
0.0,0.0,0.11333257881095615,0.0,0.0,0.43444679084361604,0.0,0.0,0.26398226613484554,0.0,0.0,0.0,0.0,0.0,0.0,0.0,0.0,0.0,0.0,0.0,0.0,0.0,0.0,0.0,0.0,0.0,0.0,0.0,0.18823836421058227,0.0,173.96161632406387,6126.214706096821,237.57558528492595,2303.06488803647
0.0,0.0,0.0,0.0,0.0,0.0,0.0,0.0,0.0,0.0,0.0,0.0,0.10908095437147734,0.0,0.0,0.0,0.0,0.27134179495659966,0.0,0.0,0.0,0.0,0.0,0.25704219546600793,0.0,0.0,0.36253505520591506,0.0,0.0,0.0,115.02587954208065,6356.314424588354,402.5061884760968,2020.0354000853429
0.0,0.0,0.0,0.0,0.0,0.0,0.0,0.0,0.0,0.0,0.053843415618782225,0.0,0.0,0.0,0.0,0.0,0.0,0.0,0.0,0.0,0.36560495205703836,0.2691356490562905,0.0,0.0,0.0,0.0,0.311415983267889,0.0,0.0,0.0,133.0912911731335,7008.897652600077,337.1311962988276,1522.746108808376
0.0,0.0,0.0,0.0,0.0,0.3490088763675062,0.0,0.0,0.0,0.0,0.0,0.6509911236324938,0.0,0.0,0.0,0.0,0.0,0.0,0.0,0.0,0.0,0.0,0.0,0.0,0.0,0.0,0.0,0.0,0.0,0.0,292.5606925491933,4166.711799849965,569.9148371073105,3663.3699296975633
0.0,0.0,0.0,0.0,0.0,0.0,0.0,0.0,0.0,0.0,0.41246903795934337,0.0,0.0,0.0,0.0,0.0,0.0,0.0,0.0,0.0,0.0,0.0,0.5875309620406566,0.0,0.0,0.0,0.0,0.0,0.0,0.0,124.42874738038103,13138.990710694408,590.0392481073296,912.1844240794032
0.0,0.0,0.0,0.06376972827550875,0.0,0.0,0.04597555409235851,0.0,0.0,0.050053006593561336,0.0,0.0,0.0,0.0,0.0,0.0,0.16982911117314106,0.0,0.0,0.0,0.0,0.3660221000638683,0.0,0.30435049980156204,0.0,0.0,0.0,0.0,0.0,0.0,53.05045671006402,4820.7680391801505,501.82918897195395,2541.136925639202
0.0,0.0,0.0,0.0,0.04244750045502674,0.0,0.0,0.28005383016891805,0.0,0.23869009049426967,0.0,0.0,0.0,0.0,0.0,0.0,0.0,0.0,0.0,0.0,0.0,0.36772505196813404,0.0,0.0,0.0,0.0,0.0,0.0,0.017400453966961223,0.053683072946690426,6.388699801734028,11608.8785426361,389.631973924925,1555.1805569200833
0.0,0.3426580207218101,0.0,0.11413005493745715,0.0,0.0,0.0,0.0,0.0,0.0,0.0,0.0,0.12920108241759673,0.0,0.0,0.0,0.0,0.0,0.0,0.0,0.0,0.0,0.0,0.0,0.0,0.0,0.0,0.0,0.41401084192313586,0.0,42.767561479390665,7981.790606656082,398.8346978348481,1267.6005095809364
0.0,0.24098012973382982,0.0,0.5205498382367513,0.0,0.0,0.0,0.0,0.0,0.0,0.0,0.0,0.0,0.0,0.0,0.0,0.0,0.23847003202941885,0.0,0.0,0.0,0.0,0.0,0.0,0.0,0.0,0.0,0.0,0.0,0.0,219.68795141645728,4994.58440509769,353.107372869511,1913.6857572753681
0.0,0.0,0.0,0.0,0.0,0.0,0.0,0.0,0.0,0.0,0.0,0.0,0.0,0.0,0.13269549833756758,0.0,0.0,0.0,0.0,0.0,0.0,0.0,0.0,0.0,0.0,0.0,0.5126461352875118,0.0,0.3546583663749205,0.0,7.183622344185331,10232.613708169769,342.06944556235896,1739.7872818307358
0.0,0.0,0.16778830899285027,0.0,0.07161264811150518,0.0,0.0,0.0,0.0,0.0,0.0,0.0,0.1834094795651043,0.0,0.0,0.0,0.0,0.0,0.0,0.0,0.0,0.0,0.5771895633305401,0.0,0.0,0.0,0.0,0.0,0.0,0.0,35.68196027180556,13851.682990393238,378.6957010477183,1417.8968648855098
0.0,0.0,0.0,0.0,0.15906788027483082,0.0,0.08766500133619635,0.0,0.0,0.18709931680399336,0.0,0.0,0.3103404658463915,0.05450996950404743,0.0,0.0,0.0,0.0,0.0,0.0,0.0,0.0,0.20131736623454036,0.0,0.0,0.0,0.0,0.0,0.0,0.0,55.09854493299972,9836.416309957178,465.45582518113224,1549.3343220124623
0.0,0.0,0.0,0.0,0.0,0.0,0.3184611486961192,0.0,0.0,0.1796813455358154,0.0,0.0,0.18857347110894215,0.0,0.0,0.04236946335897035,0.0,0.0,0.0,0.0,0.0,0.0,0.0,0.0,0.1891947933994214,0.0,0.08171977790073129,0.0,0.0,0.0,100.70036006410079,9554.851992640453,366.9649817059276,1753.4355304825117
0.0,0.20084389065338437,0.0,0.0,0.0,0.0,0.0,0.0,0.0,0.0,0.0,0.0,0.0,0.11388700586421646,0.0,0.0,0.0,0.0,0.22044630437910612,0.0,0.07332398299850632,0.13676564585536027,0.0,0.0,0.0,0.25473317024942654,0.0,0.0,0.0,0.0,91.06284917232554,8651.566652009033,592.7253490093559,2192.535010639218
0.10711772677256516,0.0,0.0,0.0,0.0,0.16195878573642278,0.0,0.0,0.0,0.0,0.24144221994278187,0.0,0.0,0.0,0.0,0.0,0.0,0.0,0.0,0.0,0.0,0.21401938022877126,0.0,0.0,0.2754618873194589,0.0,0.0,0.0,0.0,0.0,176.40882089446004,5386.195009503148,461.14722737504076,2437.701277946826
0.0,0.0,0.47291174730558366,0.0,0.0,0.0,0.0,0.0,0.0,0.0,0.0,0.0,0.0,0.0,0.0,0.0,0.0,0.0,0.10440623141833359,0.0,0.0,0.0,0.0,0.42268202127608273,0.0,0.0,0.0,0.0,0.0,0.0,27.928643862889803,4841.094792716354,413.8666897421537,3075.0525198379037
0.0,0.0,0.0,0.0,0.19782712582567408,0.0,0.0,0.0,0.0,0.0841647056640576,0.0,0.0,0.0,0.0,0.1684441664590458,0.15641385168228306,0.0,0.0,0.0,0.0,0.0,0.0,0.0,0.0,0.0,0.1611714889386358,0.0,0.0,0.0,0.23197866143030377,12.675216104304571,10007.320844324997,704.6431501630364,2736.211878918778
0.0,0.0,0.0,0.0,0.0,0.0,0.0,0.0,0.0,0.0,0.0,0.0,0.22011919724835813,0.0,0.0,0.0,0.0,0.0,0.0,0.0,0.0,0.042375899063160236,0.0,0.08893818067302936,0.2340035040143315,0.0,0.0,0.0,0.0,0.4145632190011209,88.09832819594502,4499.7967065024195,325.88648065422996,
0.0,0.0,0.0,0.0,0.0,0.0,0.0,0.22314887048504575,0.0,0.0,0.0,0.0,0.0,0.0,0.0,0.0,0.0,0.13053919605713432,0.0,0.0,0.0,0.2531256748069069,0.0,0.0,0.17857346441239721,0.0,0.0,0.0,0.21461279423851579,0.0,99.21511365346208,8698.357411209121,413.7638828510676,1851.9695154237754
0.27841538289886997,0.0,0.0,0.0,0.0,0.0,0.0,0.0,0.0,0.08693874238883986,0.0,0.0,0.0,0.0,0.0,0.0,0.2134799398518703,0.0,0.0,0.04242317281405409,0.0,0.0,0.0,0.37874276204636587,0.0,0.0,0.0,0.0,0.0,0.0,37.419235906777736,4641.100226459411,363.07192977714925,2070.6721859322515
0.0,0.0,0.0,0.24690714406600145,0.0,0.0,0.0,0.0,0.0,0.0,0.0,0.0,0.0,0.0,0.0,0.0,0.0,0.0,0.37617211954758284,0.0,0.0,0.0,0.0,0.3769207363864158,0.0,0.0,0.0,0.0,0.0,0.0,149.51711939382702,4381.2580129950165,442.6884890826945,2498.834084601872
0.0,0.0,0.0,0.0,0.0,0.0,0.30824229812529313,0.1898833287929358,0.0,0.0,0.0,0.28006964652508703,0.0,0.0,0.0,0.0,0.22180472655668398,0.0,0.0,0.0,0.0,0.0,0.0,0.0,0.0,0.0,0.0,0.0,0.0,0.0,153.4844437469922,8812.841445894814,439.8904790296944,2062.657451971492
0.0,0.0,0.0,0.05560488194181819,0.0,0.0,0.0,0.0,0.0,0.0,0.0,0.0,0.0,0.0,0.0,0.0,0.0,0.24302207922708208,0.0,0.0,0.09379202607203606,0.1786097649854407,0.0,0.0,0.12368051582220896,0.0,0.0,0.0,0.3052907319514142,0.0,177.00173306396067,5516.597206039735,447.8607701628439,1743.709993602737
0.0,0.0,0.0,0.0,0.0,0.3636122925556526,0.1613652736782634,0.0,0.0,0.0,0.0,0.0,0.0,0.0,0.0,0.0,0.0,0.0,0.0,0.0,0.0,0.0,0.0,0.0,0.0,0.0,0.0,0.0,0.0,0.4750224337660841,109.54838782539741,4881.455590062361,276.60819444339836,1582.7538596113582
0.0,0.0,0.0,0.0,0.0,0.0,0.0,0.0,0.0,0.1562032702134945,0.0,0.0,0.0,0.0,0.0,0.0,0.0,0.0,0.0,0.37027537934807864,0.08277822465147934,0.19508438798355188,0.0,0.0,0.0,0.0,0.0,0.19565873780339577,0.0,0.0,31.62106905553169,8028.585037728854,451.3472022404597,1195.9098036173186
0.0,0.0,0.0,0.0,0.0,0.26337062014935547,0.0,0.0,0.0,0.0828444530989012,0.0,0.0,0.0,0.0,0.0,0.0,0.0,0.0,0.3198226448239847,0.0,0.0,0.0,0.3339622819277588,0.0,0.0,0.0,0.0,0.0,0.0,0.0,153.28789523385018,10071.064243394381,384.25577886444967,1290.238661158495
0.0,0.10879584087403887,0.0,0.0,0.0,0.0,0.0,0.0,0.0,0.0,0.0,0.0,0.19424541313794175,0.0,0.0,0.18660066071834447,0.0,0.0,0.0,0.0,0.0,0.09901931252751144,0.30970815063751805,0.0,0.0,0.0,0.0,0.0,0.10163062210464541,0.0,42.94113079543785,11205.703373680035,497.0260723455646,1748.181265567701
0.0,0.0,0.0,0.0,0.0,0.14533544531308365,0.0,0.0,0.0,0.0,0.0,0.0,0.7281778395042136,0.0,0.0,0.0,0.0,0.0,0.0,0.12648671518270274,0.0,0.0,0.0,0.0,0.0,0.0,0.0,0.0,0.0,0.0,102.80269983748187,2869.3344464088614,215.00421553171884,1157.3635542387337
0.0,0.0,0.0,0.0,0.0,0.0,0.0,0.0,0.0,0.0,0.0,0.0,0.0,0.0,0.3276114228634034,0.0,0.0,0.0,0.0,0.0,0.0,0.0,0.0,0.0,0.06689272585993727,0.0,0.0,0.0,0.0,0.6054958512766595,21.220054315212955,6056.2153883262345,456.92851956728094,1499.6171368621556
0.0,0.0,0.0,0.0,0.0,0.0,0.49789264185401694,0.0,0.0,0.0,0.0,0.0,0.0,0.0,0.0,0.0,0.0,0.0,0.502107358145983,0.0,0.0,0.0,0.0,0.0,0.0,0.0,0.0,0.0,0.0,0.0,134.76066011454503,7275.046615206387,443.92624416168394,858.0983978455919
0.0,0.0,0.0,0.0,0.0,0.0,0.0,0.0,0.0,0.0,0.0,0.1420847012072739,0.0,0.0,0.0,0.0,0.0,0.0,0.34964553239018326,0.4023625015711695,0.0,0.0,0.0,0.10590726483137328,0.0,0.0,0.0,0.0,0.0,0.0,124.43525526578675,4376.743723583307,463.63120670660305,1527.3396668381279
0.0,0.0,0.0,0.0,0.23201648952080503,0.0,0.0,0.0,0.0,0.0,0.0,0.0,0.0,0.0,0.1349132448495229,0.0,0.0,0.0,0.0,0.0,0.0,0.14568530420640402,0.0,0.0,0.0,0.0,0.0,0.11455708809498509,0.19692044108315535,0.17590743224512748,1.487743790171268,7212.88719096021,749.0699205283124,1983.755106672535
0.277994019730418,0.0,0.0,0.0,0.0,0.0,0.0,0.0,0.20464907509448443,0.0,0.0,0.0,0.0,0.0,0.0,0.0,0.0,0.0,0.0,0.0,0.0,0.0,0.0,0.17766944353586078,0.1168795805017879,0.0,0.0,0.0,0.2228078811374488,0.0,64.16572783587895,6411.995068654303,366.3440956449367,1917.7995647991954
0.0,0.0,0.14726955921101859,0.0,0.0,0.0,0.0,0.0,0.45557179764825834,0.0,0.39715864314072313,0.0,0.0,0.0,0.0,0.0,0.0,0.0,0.0,0.0,0.0,0.0,0.0,0.0,0.0,0.0,0.0,0.0,0.0,0.0,228.24981254447232,5785.899420286979,502.92134615730816,1389.2963274632361
0.0,0.0,0.0,0.0,0.0,0.0,0.0,0.0,0.0,0.0,0.1389239878334178,0.19012860121054734,0.0,0.0,0.14215632012078658,0.0,0.0,0.0,0.0,0.0,0.18625980141030887,0.0,0.252719544092943,0.0,0.08981174533199648,0.0,0.0,0.0,0.0,0.0,204.17356576415017,,646.0811201952074,2147.878726212483
0.0,0.4520524547081666,0.0,0.0,0.0,0.0,0.0,0.20459046931849215,0.0,0.0,0.0,0.0,0.0,0.3433570759733413,0.0,0.0,0.0,0.0,0.0,0.0,0.0,0.0,0.0,0.0,0.0,0.0,0.0,0.0,0.0,0.0,30.673770996745933,9828.00721974292,411.9616063693492,1602.598059972496
0.0,0.0,0.1387584718597563,0.0,0.0,0.0,0.14330868732546048,0.0,0.0,0.0,0.0,0.0,0.0,0.0,0.0,0.0,0.0,0.0,0.0,0.0,0.0,0.3118574661289499,0.0,0.0,0.0,0.0,0.4060753746858333,0.0,0.0,0.0,19.02072086231994,7829.945517797295,334.6762525411365,2037.6153252904849
0.4279957727004185,0.0,0.0,0.0,0.0,0.0,0.0,0.0,0.0,0.0,0.0,0.0,0.0,0.0,0.0,0.0,0.0,0.0,0.0,0.0,0.0,0.0,0.0,0.0,0.0,0.0,0.5720042272995814,0.0,0.0,0.0,1.13746439011484,7546.717617424742,200.56050381288813,1158.8961777546906
0.0,0.0,0.0,0.0,0.0,0.4232800618956461,0.0,0.0,0.0,0.0,0.0,0.0,0.0,0.0,0.0,0.33667259313746956,0.24004734496688432,0.0,0.0,0.0,0.0,0.0,0.0,0.0,0.0,0.0,0.0,0.0,0.0,0.0,159.0091355598599,5490.800697271353,423.83717876550605,2856.031750422852
0.0,0.0,0.0,0.0,0.0,0.0,0.0,0.0,0.0,0.0,0.0,0.0,0.0,0.0,0.0,0.08447559335600381,0.0,0.0,0.0,0.0,0.0,0.0,0.0,0.0,0.0,0.0,0.0,0.0,0.0,0.9155244066439961,14.281192563028718,4792.353789529245,320.06793523938717,969.259429045596
0.0,0.0,0.0,0.0,0.0,0.35606341589478896,0.0,0.0,0.0,0.0,0.0,0.0,0.0,0.0,0.0,0.0,0.0,0.0,0.0,0.0,0.0,0.6439365841052112,0.0,0.0,0.0,0.0,0.0,0.0,0.0,0.0,92.82269730139464,3620.7149373247357,360.5693462649328,2421.3574497791847
0.0,0.0,0.0,0.0,0.0,0.10007829238950591,0.0,0.0,0.0,0.0,0.0,0.30754709290235216,0.0,0.0,0.07951678381556021,0.07294574498695965,0.0,0.0,0.0,0.0,0.1672504239957051,0.0,0.0,0.0,0.0,0.0,0.0,0.0,0.0,0.2726616619099171,199.784840868577,5785.515371790762,573.5865449930592,2513.6914575411347
0.0,0.0,0.0,0.0,0.353606679613612,0.0,0.0,0.27527232709199556,0.0,0.0,0.0,0.0,0.0,0.0,0.0,0.0,0.0,0.0,0.0,0.0,0.0,0.0,0.37112099329439246,0.0,0.0,0.0,0.0,0.0,0.0,0.0,14.05834609527472,14541.66433681553,535.402954035704,1541.3374430650213
0.0,0.0,0.0,0.0,0.0,0.0,0.0,0.0,0.0,0.0,0.0,0.0,0.6799848462406697,0.0,0.0,0.0,0.0,0.0,0.0,0.0,0.0,0.0,0.0,0.0,0.0,0.0,0.0,0.0,0.0,0.32001515375933026,68.79405628365383,3140.27846231491,246.1311613568721,816.4660554589498
0.1356741651946435,0.0,0.0,0.0,0.2990603709562421,0.0,0.0,0.0,0.0,0.0,0.0,0.18719602782573225,0.0,0.0,0.0,0.23083108875220873,0.0,0.0,0.0,0.0,0.07077282010562058,0.0,0.0,0.0,0.0,0.0,0.0,0.07646552716555285,0.0,0.0,104.9943644270625,6790.974042175817,761.0306920395354,2852.7856642475235
0.0,0.0,0.0,0.0,0.0,0.0,0.0,0.0,0.0,0.0,0.32549502446237916,0.0,0.0,0.0,0.0,0.0,0.0,0.0,0.0,0.0,0.0,0.0,0.0,0.6745049755376209,0.0,0.0,0.0,0.0,0.0,0.0,99.03916544283283,4170.801267335702,644.4316508933717,2590.730804486657
0.0,0.0,0.0,0.0,0.0,0.2773327133699937,0.0,0.0,0.0,0.0,0.0,0.0,0.0,0.17381204152851812,0.0,0.11901137972391646,0.0,0.0,0.0,0.0,0.0,0.0,0.28897497155124763,0.0,0.042960868903951156,0.09790802492237295,0.0,0.0,0.0,0.0,123.05363503305281,10406.468101045204,466.94789090140404,2871.193293144167
0.0,0.0,0.06903759746049676,0.0,0.0,0.043911524642293975,0.0,0.0,0.0,0.0,0.0,0.0,0.0,0.0,0.0,0.6652956570080183,0.0,0.03352639812540511,0.0,0.0,0.0,0.045070944673236676,0.0,0.0,0.0,0.0,0.0,0.0,0.0,0.14315787809054914,54.81472738543805,6603.078644839586,643.728895594963,3213.139859368479
0.0,0.5683756980106813,0.0,0.0,0.0,0.0,0.0,0.0,0.0,0.0,0.0,0.0,0.0,0.0,0.0,0.0,0.0,0.16647543217782804,0.0,0.0,0.0,0.0,0.0,0.26514886981149066,0.0,0.0,0.0,0.0,0.0,0.0,67.09698829342703,5820.566700722886,519.9417278017918,1419.9444875904212
0.0,0.0,0.0,0.0,0.0,0.0,0.0,0.0,0.0,0.0,0.0,0.0,0.0,0.0,0.0,0.0,0.23628832786634862,0.7637116721336513,0.0,0.0,0.0,0.0,0.0,0.0,0.0,0.0,0.0,0.0,0.0,0.0,282.5565174070264,2136.2655321601515,476.20768773332037,859.8448814957053
0.0,0.0,0.0,0.0,0.0,0.0,0.0,0.35725396141444765,0.0,0.0,0.0,0.0,0.0,0.0,0.0,0.0,0.0,0.0,0.0,0.0,0.0,0.0,0.6427460385855523,0.0,0.0,0.0,0.0,0.0,0.0,0.0,29.27873585885174,18813.766471275536,343.3711021825677,785.1147928194613
0.0,0.0,0.0,0.0,0.0,0.0,0.0,0.0,0.0,0.0,0.0,0.0,0.0,0.0,0.0,0.0,0.0,0.1559241911423951,0.0,0.0,0.0,0.0,0.0,0.0,0.0,0.0,0.0,0.0,0.8440758088576049,0.0,62.05846979779427,7815.0265659755105,371.0163226178822,1127.5183775894125
0.0,0.0,0.0,0.2607105888439877,0.0,0.22900794690076404,0.0,0.0,0.0,0.0,0.0,0.0,0.0,0.0,0.0,0.0,0.0,0.100955800006887,0.0,0.0,0.0,0.13582987284411094,0.0,0.0,0.0,0.0,0.27349579140425034,0.0,0.0,0.0,159.68571781314566,5676.380970244282,281.4185138952004,2342.270345694869
0.0,0.0,0.0,0.0,0.0,0.0,0.0,0.6354424829671798,0.0,0.0,0.0,0.0,0.0,0.0,0.0,0.0,0.36455751703282036,0.0,0.0,0.0,0.0,0.0,0.0,0.0,0.0,0.0,0.0,0.0,0.0,0.0,63.73698405969378,13181.920392425636,191.81489654771875,1007.6328459559626
0.0,0.0,0.0,0.0,0.0,0.28363938986335996,0.0,0.0,0.0,0.0,0.0,0.0,0.0,0.0,0.0,0.0,0.0,0.0,0.0,0.10078625895628586,0.0,0.0,0.0,0.0,0.0,0.6155743511803542,0.0,0.0,0.0,0.0,77.00442888652097,10613.033494635381,476.5745093527061,3372.2755813848703
0.22083222650807555,0.0,0.0,0.0,0.0,0.0,0.0,0.0,0.44893562955259997,0.0,0.0,0.0,0.0,0.0,0.0,0.0,0.15396370657093103,0.0,0.0,0.0,0.0,0.0,0.0,0.0,0.0,0.0,0.0,0.17626843736839334,0.0,0.0,135.91608708469516,6766.248811247431,382.8657971693173,1017.6142867761529
0.0,0.0,0.0,0.0,0.0,0.0,0.0,0.0,0.0,0.35063970122662824,0.0,0.0,0.0,0.0,0.0,0.0,0.0,0.0,0.0,0.0,0.0,0.22208224953318764,0.0,0.0,0.0,0.4272780492401841,0.0,0.0,0.0,0.0,7.959675261784166,12875.370827804898,562.6115348761984,2438.6428241292183
0.0,0.38766500688162153,0.0,0.0,0.0,0.0,0.0,0.0,0.0,0.0,0.0,0.0,0.0,0.0,0.0,0.0,0.0,0.0,0.6123349931183785,0.0,0.0,0.0,0.0,0.0,0.0,0.0,0.0,0.0,0.0,0.0,124.0706580133775,5717.556116330095,479.7505080558441,631.9276280870122
0.0,0.0,0.0,0.0,0.0,0.0,0.0,0.0,0.0,0.0,0.0,0.0,0.0,0.0,0.0,0.0,0.0,0.0,0.0,0.5093262456664646,0.0,0.0,0.0,0.0,0.0,0.0,0.0,0.0,0.0,0.4906737543335355,7.630220418011899,4259.98117264758,248.47529228234208,825.8344336072863
0.0,0.0,0.0,0.0,0.0,0.0,0.0,0.0,0.0,0.0,0.68680795368464,0.0,0.0,0.0,0.0,0.0,0.0,0.0,0.0,0.0,0.0,0.0,0.0,0.0,0.0,0.0,0.3131920463153599,0.0,0.0,0.0,206.79408187267134,7897.728338289604,627.0421328646821,1258.1509627561031
0.0,0.0,0.0,0.0,0.0,0.0,0.21279784896440931,0.0,0.0,0.0,0.0,0.4253333530805541,0.11509040155615975,0.0,0.0,0.0,0.2467783963988769,0.0,0.0,0.0,0.0,0.0,0.0,0.0,0.0,0.0,0.0,0.0,0.0,0.0,190.88420403003457,5192.700679579504,594.6292736357443,2529.1457869776737
0.18628950275905948,0.18955163323068241,0.0,0.0,0.0,0.0,0.0,0.0,0.0,0.0,0.08649845791965247,0.0,0.0,0.0,0.0,0.0,0.0,0.0,0.0,0.0,0.09843735246652237,0.0,0.0,0.0,0.43922305362408326,0.0,0.0,0.0,0.0,0.0,156.37780955078935,6352.202904773565,375.7097926649171,1878.8231711118447
0.0,0.0,0.6097621011141968,0.0,0.0,0.0,0.0,0.0,0.0,0.10053290866414562,0.0,0.0,0.0,0.0,0.0,0.0,0.0,0.1746545312413507,0.0,0.0,0.0,0.0,0.0,0.0,0.0,0.11505045898030689,0.0,0.0,0.0,0.0,69.96058224205333,6851.110032198255,412.1738120544699,2525.0194628501235
0.0,0.0,0.0,0.0,0.0,0.0,0.0,0.0,0.0,0.0,0.5821131896123353,0.0,0.0,0.0,0.026719529273915122,0.0,0.0,0.0,0.0,0.0,0.2612209690312957,0.0,0.0,0.0,0.0,0.0,0.1299463120824539,0.0,0.0,0.0,258.6748012436947,6850.512550424232,589.7250276312707,1140.2650013794148
0.0,0.3266303824148546,0.0,0.0,0.0,0.0,0.0,0.0,0.0,0.0,0.0,0.0,0.0,0.0,0.0,0.0,0.0,0.0,0.29802260407663783,0.0,0.0,0.0,0.0,0.29925726879685005,0.0,0.0,0.0,0.0,0.0,0.07608974471165761,62.06635406826433,5997.1790870433615,515.9345820043848,1697.1584732528738
0.0,0.0,0.0,0.0,0.0,0.0,0.0,0.0,0.8876940190499635,0.0,0.0,0.0,0.0,0.0,0.0,0.0,0.0,0.0,0.0,0.0,0.0,0.0,0.11230598095003656,0.0,0.0,0.0,0.0,0.0,0.0,0.0,189.0186232903829,8063.240584420623,226.71981421340453,981.2661273967441
0.0,0.512274821402639,0.0,0.0,0.0,0.0,0.0,0.0,0.0,0.0,0.0,0.0,0.0,0.0,0.10762971234935745,0.0,0.0,0.1475366808471558,0.0,0.0,0.0,0.0,0.0,0.0,0.23255878540084773,0.0,0.0,0.0,0.0,0.0,114.06638435014919,6735.6054786911845,500.32297389251886,1484.2088757928843
0.0,0.0,0.0,0.0,0.0,0.0,0.0,0.0,0.0,0.0,0.0,0.18166031000547753,0.0,0.19006338649186855,0.0,0.0,0.0,0.0,0.0,0.0,0.0,0.0,0.0,0.0,0.0,0.16925372958827373,0.0,0.0,0.0,0.4590225739143802,79.54808841256961,6936.7437453670245,468.2482058703278,2518.11053297877
0.0,0.0,0.0,0.0,0.0,0.0,0.0,0.0,0.0,0.0,0.0,0.0,0.23011038611614051,0.0,0.0,0.22903134957973528,0.0,0.0,0.0,0.0,0.3460765173360172,0.0,0.0,0.0,0.0,0.0,0.0,0.0,0.19478174696810704,0.0,155.50101249556602,6816.166963691673,399.3978778916886,1627.7921187156303
0.0,0.0,0.20247811800378943,0.0,0.0,0.0,0.0,0.0,0.0,0.0,0.18069175692216805,0.0,0.0,0.0,0.0,0.0,0.0,0.0,0.0,0.0,0.0,0.09853641474526803,0.1889050606581278,0.0,0.1740678820325619,0.15532076763808475,0.0,0.0,0.0,0.0,106.41911075853919,10229.526606555513,546.5475225155699,2541.8225960159884
0.0,0.0,0.0,0.0,0.0,0.0,0.0,0.0,0.0,0.0,0.0,0.0,0.17399632762124026,0.0,0.0,0.0,0.0,0.0,0.0,0.0,0.0,0.20265090599149876,0.0,0.0,0.0,0.0,0.0,0.0,0.6233527663872609,0.0,25.10378344374801,6248.790534261417,380.5249817194523,1516.480397918602
0.03757474742735464,0.0,0.0,0.0,0.27050837706509223,0.0,0.0,0.0,0.0,0.0,0.0,0.0,0.0,0.04200335810095854,0.054191087945480915,0.0,0.0,0.3427039707697047,0.0,0.0,0.0,0.0,0.0,0.0,0.0,0.0,0.0,0.0,0.0,0.25301845869140915,131.95607405583993,4415.498306478534,599.8037038173444,1626.333436360258
0.22163041657519642,0.0,0.0,0.0,0.0,0.20509070343345193,0.0,0.052513775423164384,0.0,0.0,0.0,0.0,0.0,0.30188737992434506,0.0,0.0,0.0,0.0,0.0,0.06055810626575548,0.0,0.0,0.0,0.0,0.0,0.0,0.0,0.0,0.1583196183780867,0.0,80.32640618677783,5498.747339779658,312.9762066449928,2314.428830584377
0.1578188692627923,0.0,0.0,0.0,0.4525571889993788,0.0,0.0,0.0,0.0,0.0,0.0,0.0,0.0,0.0,0.0,0.0,0.0,0.0,0.0,0.0,0.0,0.0,0.0,0.0,0.3896239417378289,0.0,0.0,0.0,0.0,0.0,93.53771190437972,5540.201012393792,569.0129290044197,2662.6716147859797
0.13734013777846646,0.0,0.0,0.0,0.0,0.0,0.13231448407598453,0.0,0.0,0.0,0.0,0.0,0.0,0.0,0.0,0.0,0.0,0.0,0.0,0.0,0.0,0.0,0.0,0.0,0.7303453781455491,0.0,0.0,0.0,0.0,0.0,162.33268038971858,5804.863346640257,264.2770192564825,2431.0953825013767
0.0,0.0,0.0,0.3473489022898347,0.0,0.0,0.14530415966990304,0.0,0.0,0.0,0.0,0.0,0.0,0.0,0.1977551345297237,0.0,0.0,0.0,0.0,0.0,0.0,0.0,0.30959180351053855,0.0,0.0,0.0,0.0,0.0,0.0,0.0,111.44971543077023,11273.22240395214,438.9658026134143,1963.6189508633458
0.0,0.0,0.0,0.0,0.0,0.0,0.0,0.0,0.0,0.0,0.0,0.0,0.0,0.6233145605144736,0.0,0.37668543948552635,0.0,0.0,0.0,0.0,0.0,0.0,0.0,0.0,0.0,0.0,0.0,0.0,0.0,0.0,44.3028323694729,5391.071083953556,541.3788271529186,3504.1723760039413
0.0,0.0,0.0,0.0,0.0,0.07591795390811511,0.0,0.1010123840772892,0.4063527406772826,0.0,0.0,0.270045882163216,0.0,0.0,0.0788225947521798,0.0,0.0,0.0,0.0,0.0,0.0,0.0,0.0,0.0,0.0678484444219172,0.0,0.0,0.0,0.0,0.0,225.45756598896378,8179.514920611505,458.9234082835132,2475.4786498717153
0.0,0.0,0.0,0.0,0.0,0.21939301147446816,0.0,0.0,0.27892191345087414,0.0,0.0,0.0,0.0,0.3137234394146706,0.0,0.0,0.0,0.0,0.0,0.0,0.15100513069176164,0.0,0.0,0.036956504968225376,0.0,0.0,0.0,0.0,0.0,0.0,194.3827183844971,5403.981700463945,336.47273487557715,2533.0601865721337
0.0,0.14017845494473333,0.0,0.0,0.07718965508750215,0.0,0.0,0.0,0.0,0.0,0.0,0.0,0.07108874423040412,0.0,0.0,0.0,0.0,0.0,0.0,0.0,0.0,0.0,0.0,0.355209580358203,0.2851328175227509,0.07120074785640641,0.0,0.0,0.0,0.0,76.28252999241074,6115.448230355274,523.9784386813334,3089.7309297561096
0.10046345820781129,0.0,0.0,0.0,0.0,0.12140427846432736,0.0,0.0,0.0,0.06736991714295537,0.0,0.0,0.0,0.0,0.0,0.0,0.0,0.22551422311452238,0.0,0.0,0.0,0.28403272043104544,0.0,0.0,0.0,0.0,0.0,0.0,0.20121540263933807,0.0,132.97646626690468,5138.146516957917,441.26735321285645,1734.4477374120415
0.0,0.4155770851862821,0.0,0.0,0.0,0.21418459079681865,0.0,0.0,0.0,0.0,0.0,0.0,0.0,0.08675361950827905,0.0,0.0,0.09587404488346397,0.0,0.0,0.12931092090494625,0.0,0.0,0.0,0.0,0.0,0.0,0.0,0.0,0.0,0.05829973872020988,88.01272860843915,5896.683327322909,345.83848275753803,1576.831358918633
0.0,0.0,0.0,0.0,0.0,0.0,0.24340055184359297,0.0,0.0,0.01930877173791333,0.0,0.0,0.0,0.0,0.0,0.0,0.0,0.37346220513944445,0.0,0.36382847127904927,0.0,0.0,0.0,0.0,0.0,0.0,0.0,0.0,0.0,0.0,175.79717871144024,4993.286874083735,416.6414402716265,759.9029255224616
0.0,0.0,0.0,0.0,0.7701254362256197,0.0,0.0,0.0,0.0,0.0,0.0,0.0,0.0,0.0,0.0,0.0,0.0,0.2298745637743804,0.0,0.0,0.0,0.0,0.0,0.0,0.0,0.0,0.0,0.0,0.0,0.0,81.16462328629629,4234.976080398577,793.2346909400828,2273.4571957266985
0.0,0.0,0.0,0.0,0.0,0.0,0.0,0.0,0.0,0.0,0.0,0.0,0.14182440959109463,0.0,0.0,0.0,0.0,0.0,0.0,0.0,0.0,0.39444491390265923,0.0,0.0,0.0,0.0,0.0,0.4637306765062463,0.0,0.0,16.124140068080848,6799.667038854335,698.14885577984,1439.3150700367885
0.0,0.0,0.0,0.0,0.0,0.0,0.0,0.0,0.0,0.0,0.0,0.0,0.0,0.0,0.0,0.0,0.0,0.0,0.0,0.0,0.0,0.0,0.43807781094294396,0.0,0.5619221890570562,0.0,0.0,0.0,0.0,0.0,142.7697832538979,10559.294737274196,332.9783278726083,2170.8817029674537
0.0,0.0,0.0,0.0,0.0,0.0,0.0,0.0,0.0,0.2247349382022473,0.11132088114006208,0.0,0.0,0.0,0.0,0.0,0.0,0.0,0.0,0.0,0.0,0.0,0.0,0.0,0.0,0.22470514253889884,0.4392390381187917,0.0,0.0,0.0,43.63938884749723,12740.78817404648,414.95817243592785,2026.1779249169965
0.0,0.0,0.0,0.0,0.3538044066544486,0.0,0.0,0.0,0.1240695228974666,0.0,0.0,0.5221260704480847,0.0,0.0,0.0,0.0,0.0,0.0,0.0,0.0,0.0,0.0,0.0,0.0,0.0,0.0,0.0,0.0,0.0,0.0,191.12677496938971,6047.773149853996,807.49952836503,3141.8097969220007
0.18346295469449586,0.0,0.3252721385619015,0.0,0.0,0.0,0.0,0.0,0.013755351916961976,0.0,0.0,0.0,0.378227084642891,0.050741890131552135,0.048540580052197545,0.0,0.0,0.0,0.0,0.0,0.0,0.0,0.0,0.0,0.0,0.0,0.0,0.0,0.0,0.0,49.07405550733644,4617.233303713912,311.2588319431521,1918.3943001764326
0.0,0.0,0.0,0.0,0.0,0.0,0.0,0.0,0.0,0.10385286546162033,0.0,0.0,0.0,0.0,0.0,0.0,0.0,0.0,0.0,0.0,0.04039690549289478,0.0,0.0,0.5182969935033847,0.0,0.0,0.0,0.0,0.2830516569356104,0.05440157860648971,20.756671883008188,6445.419440347074,469.48412622603877,2552.377015631736
0.0,0.0,0.0,0.0,0.0,0.0,0.196566322760811,0.0,0.0,0.0,0.0,0.0,0.0,0.0,0.05505635687030787,0.0,0.0,0.0,0.748377320368881,0.0,0.0,0.0,0.0,0.0,0.0,0.0,0.0,0.0,0.0,0.0,168.3519582910728,5928.071321411771,449.690011579331,799.0404443038747
0.0,0.20193645859860124,0.0,0.0,0.20587745606336988,0.0,0.0,0.0,0.0,0.0,0.0,0.04389147218018038,0.0,0.0,0.0,0.0,0.13566101530395883,0.0,0.0,0.4126335978538897,0.0,0.0,0.0,0.0,0.0,0.0,0.0,0.0,0.0,0.0,41.95379344673665,5429.417324445611,467.1088684449205,1539.2741058002994
0.0,0.0,0.0,0.0,0.0,0.0,0.0,0.0,0.0,0.0,0.0,0.0,0.0,0.0,0.0,0.5957598898535833,0.0,0.4042401101464167,0.0,0.0,0.0,0.0,0.0,0.0,0.0,0.0,0.0,0.0,0.0,0.0,168.9541528599947,5557.321855869005,690.6167432252507,2400.4635371317677
0.0,0.0,0.0,0.0,0.0,0.0,0.0,0.0,0.0,0.0,0.0,0.0,0.0,0.0,0.0,0.0,0.0,0.22896711155253985,0.0,0.0,0.0,0.0,0.0,0.0,0.39703591897434753,0.03650026728778899,0.0,0.0,0.0,0.3374967021853237,188.22715209811344,4901.410735740381,377.7080806746293,2016.6136148076025
0.0,0.0,0.0,0.0,0.0,0.0,0.0,0.0,0.0,0.0,0.0,0.0,0.0,0.35602588642982264,0.0,0.0,0.0,0.49676152765796255,0.0,0.0,0.0,0.0,0.0,0.0,0.0,0.0,0.1472125859122148,0.0,0.0,0.0,195.60271558408928,3734.174125463498,506.85877679485895,1750.1319297837151
0.0,0.0,0.0,0.0,0.1330057510181536,0.0,0.0,0.3709700808740615,0.0,0.0,0.0,0.0,0.0,0.0,0.0,0.0,0.0,0.0,0.0,0.0,0.0,0.33467702877655264,0.0,0.0,0.024116506640810362,0.0,0.0,0.13723063269042185,0.0,0.0,20.768387157014903,12470.160573026396,486.60222492308145,1734.1172023023973
0.0,0.0,0.0,0.0,0.0,0.0,0.0,0.0,0.12231085091585941,0.0,0.0,0.0,0.0,0.0,0.0,0.0,0.0,0.0,0.0,0.0,0.0,0.0,0.0,0.0,0.8776891490841408,0.0,0.0,0.0,0.0,0.0,211.81675280743826,5127.625166386487,276.1985919500399,2744.3219689277507
0.0,0.0,0.0,0.3483822698853681,0.0,0.0,0.0,0.2586365498018706,0.09029355744940941,0.0,0.0,0.0,0.0,0.0,0.19542024803056135,0.0,0.0,0.0,0.0,0.0,0.0,0.0,0.0,0.0,0.0,0.0,0.0,0.0,0.10726737483279046,0.0,126.17983423855975,10886.470914198502,347.6535304110249,2050.6914421917572
0.0,0.26738481928668045,0.0,0.033865126916441675,0.0,0.0,0.0,0.0,0.2201576492601255,0.0,0.0,0.0,0.0,0.0,0.25053050405689953,0.10452990285981699,0.0,0.0,0.0,0.0,0.0,0.0,0.0,0.0,0.0,0.0,0.0,0.0,0.12353199762003586,0.0,70.95962678034513,8324.977723908036,609.7183685688776,1740.610050349913
0.0,0.0,0.0,0.0,0.0,0.0,0.0,0.0,0.0,0.0,0.0,0.0,0.08321478653420572,0.20369714854063,0.0,0.0,0.0,0.0,0.0,0.16865226159752247,0.0,0.0,0.0,0.0,0.0,0.0,0.0,0.5444358033276417,0.0,0.0,18.50967657017523,9061.157564576493,664.3216184842107,1545.6948861305143
0.0,0.5333345176130548,0.0,0.34651003035471056,0.0,0.0,0.0,0.0,0.0,0.0,0.0,0.0,0.0,0.0,0.0,0.0,0.0,0.0,0.0,0.0,0.0,0.0,0.0,0.0,0.0,0.0,0.1201554520322345,0.0,0.0,0.0,92.87493310891531,7015.755788786375,305.49487673067983,1533.2924670034915
0.0,0.0,0.0,0.0,0.0,0.0,0.0,0.0,0.0,0.0,0.4457036235828921,0.0,0.0,0.0,0.0,0.0,0.0,0.0,0.0,0.0,0.0,0.0,0.0,0.0,0.0,0.0,0.0,0.0,0.5542963764171079,0.0,132.05900612921909,7842.758910190735,566.6645727024179,1209.1014940462346
0.0,0.0,0.0,0.14760490934786305,0.0,0.0,0.0,0.0,0.0,0.0,0.12686905455287684,0.0,0.0,0.0,0.0,0.0,0.0,0.0,0.10076173343238445,0.0,0.0,0.0,0.40987820382901363,0.0,0.0,0.0,0.0,0.0,0.21488609883786206,0.0,118.96516543179315,11722.572556878926,442.6800295052607,1271.0403701464193
0.0,0.0,0.0,0.0,0.0,0.27236948331546146,0.0,0.0,0.0,0.0,0.0,0.0,0.0,0.0,0.0,0.7276305166845385,0.0,0.0,0.0,0.0,0.0,0.0,0.0,0.0,0.0,0.0,0.0,0.0,0.0,0.0,90.1928591207168,6723.805262126567,607.1714272370516,3581.6893409634695
0.0,0.0,0.0,0.3566924755363476,0.0,0.0,0.0,0.0,0.0,0.0,0.0,0.05729562558935162,0.0,0.0,0.0,0.0,0.0,0.0,0.0,0.17110349663208949,0.0,0.0,0.031748155303241016,0.0108270362748928,0.0,0.0,0.0,0.37233321066407754,0.0,0.0,109.80142531355283,8179.792684583439,557.7025271891762,2008.3065374410214
0.0,0.0,0.0,0.0,0.0,0.4078202605120562,0.0,0.034381407782635015,0.135759084170423,0.12678259394994248,0.0,0.0,0.0,0.0,0.0,0.0,0.0,0.0,0.0,0.2952566535849433,0.0,0.0,0.0,0.0,0.0,0.0,0.0,0.0,0.0,0.0,141.5718245803506,6723.197651860617,213.12473418704573,1805.371395540736
0.0,0.0,0.0,0.18755263690696355,0.14561433764277648,0.0,0.0,0.08208752279578878,0.0,0.0,0.0,0.0,0.0,0.0,0.0,0.0,0.0,0.0,0.0,0.0,0.0,0.0,0.0,0.0,0.0,0.0,0.0,0.15496411628239679,0.4297813863720744,0.0,51.88070916771974,10178.626251843432,503.7349294466959,1886.6873329851842
0.0,0.0,0.0,0.0,0.0,0.0,0.08467501908586757,0.0,0.0,0.0,0.44329386565617884,0.0,0.0,0.0,0.0,0.0,0.0,0.0,0.0,0.0,0.0,0.19673071999202896,0.0,0.0,0.0,0.0,0.0,0.0,0.0,0.2753003952659245,146.16270545795922,6108.222315865319,625.6625515053165,1258.3309071206515
0.0,0.036814794475342916,0.0,0.0,0.0,0.0,0.0,0.0,0.0,0.0,0.0,0.0,0.45467899335823486,0.0,0.0,0.0,0.0,0.0,0.0,0.0,0.0,0.0,0.2039935168787479,0.0,0.0,0.0,0.0,0.0,0.17242645812186033,0.13208623716581394,64.15135184156142,8226.575275185785,332.0430312751367,997.4697859699759
0.0,0.049533569706364376,0.0,0.0,0.0,0.0,0.0318520532403612,0.0,0.0,0.0,0.0,0.0,0.0,0.1787500098387922,0.0,0.0,0.0,0.0,0.0,0.0,0.0,0.0,0.0,0.0,0.0,0.5660431406860129,0.0,0.0,0.1738212265284694,0.0,22.374822367550724,12023.034194316313,604.8492409003626,3176.733987910076
0.0,0.0,0.0,0.0,0.0,0.1971554729184071,0.0,0.12226714367875023,0.0,0.0,0.0,0.0,0.0,0.0,0.0,0.0,0.0,0.0,0.2891522106221477,0.0,0.0,0.0,0.0,0.05210128064772196,0.22937697771174964,0.10994691442122331,0.0,0.0,0.0,0.0,169.7487289481296,8211.100283824302,408.44412185484515,2395.216616881128
0.0,0.0,0.0,0.0,0.0,0.0,0.0,0.0,0.0,0.0,0.0,0.0,0.0,0.3449377047526993,0.0,0.0,0.0,0.0,0.0,0.0,0.0,0.0,0.24194954929120596,0.0,0.0,0.0,0.0,0.41311274595609465,0.0,0.0,26.98586321356893,11649.556742975208,660.5513582898234,1875.8306921715061
0.0,0.0,0.0,0.0,0.0,0.0,0.0,0.0,0.0,0.4963875407057951,0.0,0.0,0.0,0.0,0.0,0.5036124592942048,0.0,0.0,0.0,0.0,0.0,0.0,0.0,0.0,0.0,0.0,0.0,0.0,0.0,0.0,28.550849395139284,11289.910957730908,510.47291377326155,2329.1817594777012
0.0,0.651760001615004,0.0,0.0,0.07436277492746032,0.0,0.06975236227122264,0.0,0.0,0.0,0.0,0.0,0.0,0.0,0.0,0.0,0.0,0.0,0.0,0.0,0.204124861186313,0.0,0.0,0.0,0.0,0.0,0.0,0.0,0.0,0.0,69.0428715269293,8535.151743807703,473.4568083453828,869.5211649357296
0.0,0.0,0.0,0.0,0.0,0.0,0.8030150813732738,0.0,0.0,0.0,0.0,0.0,0.0,0.0,0.0,0.0,0.0,0.0,0.0,0.13893966057165458,0.0,0.0,0.058045258055071554,0.0,0.0,0.0,0.0,0.0,0.0,0.0,82.45182073143484,9089.618316779737,336.34224084033394,888.535022025679
0.0,0.0,0.0,0.0,0.0,0.0,0.0,0.0,0.0,0.0,0.3445211613982863,0.0,0.0,0.0,0.0,0.0,0.0,0.0,0.0,0.0,0.0,0.0,0.6554788386017136,0.0,0.0,0.0,0.0,0.0,0.0,0.0,114.59070385942228,14780.531670757719,560.4200713168802,846.2489594876733
0.0,0.0,0.0,0.0,0.0,0.0,0.0,0.19549125777475485,0.0,0.0,0.0,0.0,0.0,0.0,0.0,0.240311201298266,0.0,0.0,0.0,0.013657016150507946,0.0,0.0,0.032067088552498055,0.5184734362239732,0.0,0.0,0.0,0.0,0.0,0.0,14.618451937713447,9335.324492751844,533.0677626246795,3117.9674382817298
0.0,0.0,0.0,0.0,0.0,0.0,0.0,0.0,0.0,0.0,0.0,0.06430115446805303,0.0,0.0,0.0,0.0,0.35447093014457026,0.0,0.0,0.0,0.0,0.0,0.0,0.0,0.0,0.0,0.5812279153873767,0.0,0.0,0.0,70.49315991397091,7989.484124180487,271.0506001081881,1806.0512315341423
0.1930144822081471,0.0,0.0,0.0,0.0,0.0,0.0,0.0,0.0,0.19480396145691395,0.0,0.0,0.0,0.0,0.0,0.0,0.0,0.0,0.0,0.0,0.0,0.0,0.0,0.0,0.14132031543544007,0.4708612408994988,0.0,0.0,0.0,0.0,42.41584702058099,11671.934128066645,452.409237454406,2677.8242932529843
0.0,0.0,0.0,0.0,0.0,0.0,0.5179994359889329,0.0,0.0,0.0,0.0,0.0,0.0,0.0,0.0,0.0,0.0,0.0,0.0,0.0,0.0,0.0,0.0,0.48200056401106695,0.0,0.0,0.0,0.0,0.0,0.0,60.90114773183955,6742.984923552827,465.0509664868696,2208.973968214479
0.0,0.07475123684945846,0.0,0.0,0.0,0.0,0.0,0.17585510472667332,0.0,0.0,0.0,0.0,0.6183560841008202,0.0,0.0,0.0,0.0,0.0,0.0,0.0,0.0,0.0,0.0,0.0,0.0,0.0,0.0,0.0,0.0,0.13103757432304797,67.08588735758667,5910.438243430131,204.62665414881363,980.464086416451
0.0,0.09071246851586127,0.0,0.0,0.0,0.0,0.0,0.0,0.0,0.5047193810522176,0.0,0.0,0.0,0.0,0.0,0.0,0.0,0.0,0.0,0.0,0.0,0.0,0.0,0.0,0.0,0.4045681504319212,0.0,0.0,0.0,0.0,7.8633461203038095,15247.15075874555,485.48589750393586,1981.9208763368902
0.0,0.0,0.0,0.012591611479030656,0.21945057037250829,0.0,0.0,0.0,0.0,0.0,0.0,0.0,0.28235790403401323,0.0,0.0,0.0,0.0,0.0,0.0788109740179387,0.0,0.0,0.0,0.0,0.4067889400965092,0.0,0.0,0.0,0.0,0.0,0.0,46.90278582056067,4023.4341223548367,540.3106868863943,2466.203063734187
0.20540811314882026,0.0,0.0,0.0,0.0,0.0,0.0,0.0,0.0,0.0,0.0,0.0,0.0,0.0,0.0,0.0,0.0,0.0,0.3541323477523071,0.44045953909887253,0.0,0.0,0.0,0.0,0.0,0.0,0.0,0.0,0.0,0.0,75.54068570021232,4377.259101110163,306.803801862303,680.6374460655337
0.0,0.0,0.0,0.0,0.0,0.0,0.0,0.0,0.0,0.0,0.5228272238662349,0.0,0.0,0.0,0.0,0.4771727761337651,0.0,0.0,0.0,0.0,0.0,0.0,0.0,0.0,0.0,0.0,0.0,0.0,0.0,0.0,165.4691044021969,7230.091305384866,793.1230272286517,2430.5680274170973
0.0,0.0,0.0,0.0,0.0,0.0,0.0,0.0,0.0,0.0,0.0,0.0,0.5447217423606956,0.0,0.0,0.0,0.0,0.0,0.4552782576393044,0.0,0.0,0.0,0.0,0.0,0.0,0.0,0.0,0.0,0.0,0.0,139.99381946461048,3338.2010845602085,306.9812612670722,781.3001525881319
0.0,0.1276263627998406,0.0,0.0,0.0,0.0,0.0,0.0,0.17013176972353497,0.0,0.09716319091781733,0.0,0.0,0.0,0.0,0.0,0.0,0.0,0.0,0.0,0.0,0.0,0.0,0.0,0.404365718004459,0.11305863667779097,0.08765432187655724,0.0,0.0,0.0,169.7203696220689,8204.032940160418,442.61363028907516,2546.0758196230745
0.0,0.09510964515076523,0.0,0.0,0.0,0.0,0.0,0.0,0.0,0.0,0.0,0.0,0.0,0.11773645145506519,0.0,0.0,0.0,0.0,0.0,0.0,0.39047206217808533,0.0,0.0,0.0,0.26268472040202273,0.0,0.0,0.0,0.0,0.1339971208140617,213.763742545533,6205.40199903165,372.9084201370942,1809.6885073820656
0.0,0.0,0.0,0.08833919561271937,0.0,0.0,0.0,0.0,0.0,0.0,0.0,0.25540563798526045,0.0,0.47642578364493626,0.0,0.0,0.0,0.0,0.0,0.19350458708883078,0.0,0.0,0.0,0.0,0.0,0.0,0.04478446147496469,0.0,0.0,0.0,126.90523716433417,4326.45855878969,483.0939144693498,3149.6877685939103
0.0,0.0,0.0,0.0,0.0,0.0,0.0,0.0,0.0,0.2519136773362202,0.0,0.0,0.0,0.0,0.0,0.0,0.15602941275300464,0.0,0.0,0.0,0.0,0.0,0.0,0.0,0.0,0.0,0.0,0.3944650279196143,0.0,0.19759188199116087,23.277659209667096,10258.965360568764,605.1108355689564,1107.2999255246493
0.0,0.0,0.0,0.39928817504872166,0.16101845219331484,0.0,0.0,0.0,0.0,0.05026323102234584,0.0,0.23882378564454737,0.0,0.0,0.0,0.0,0.0,0.0,0.15060635609107043,0.0,0.0,0.0,0.0,0.0,0.0,0.0,0.0,0.0,0.0,0.0,209.94380234330472,5629.213675349642,495.90790597138346,2968.578250351497
0.0,0.0,0.0,0.0,0.0,0.0,0.0,0.0,0.0,0.0,0.0,0.0,0.0,0.0,0.0,0.0,0.0,0.0,0.0,0.0,0.0,0.48852292650216256,0.0,0.0,0.0,0.0,0.22376325089493324,0.2877138226029041,0.0,0.0,3.3212777125242625,8412.877193198483,590.662336880396,1735.1833518738345
0.0,0.0,0.0,0.5659817353263101,0.0,0.0,0.0,0.0,0.0,0.0,0.0,0.17255421618232136,0.0,0.05002565753516326,0.0,0.0,0.0,0.0,0.0,0.0,0.0,0.0,0.0,0.0,0.14987688788983167,0.0,0.0,0.0,0.0,0.06156150306637378,229.71074585992693,4307.250150692511,335.3722977756148,3243.268785929018
0.0,0.0,0.0,0.0,0.0,0.0,0.0,0.0,0.0,0.0,0.0,0.0,0.3498803046983881,0.0,0.517140881538495,0.0,0.0,0.0,0.0,0.0,0.0,0.0,0.0,0.0,0.1329788137631169,0.0,0.0,0.0,0.0,0.0,68.84402772779993,5982.761299115497,561.001533023572,2002.5764688521194
0.0,0.0,0.0,0.0,0.0,0.0,0.0,0.0,0.0,0.0,0.0,0.0,0.0,0.0,0.0,0.0,0.38260043157955564,0.0,0.0,0.0,0.0,0.0,0.0,0.0,0.0,0.0,0.0,0.0,0.0,0.6173995684204443,57.13967018878342,3902.0464967780135,311.6284226940748,988.9072893349737
0.0,0.0,0.0,0.0,0.0,0.0,0.16975634191541955,0.0,0.0,0.0,0.0,0.12058623793479295,0.0,0.0,0.0,0.0,0.0,0.0,0.27041967065945455,0.0,0.0,0.0,0.0,0.0,0.0,0.3056252999255948,0.13361244956473806,0.0,0.0,0.0,122.03358509869643,10052.733287897787,565.8382699018471,2443.7101222379065
0.26479335010647226,0.0,0.0,0.0,0.0,0.0,0.0,0.0,0.0,0.7352066498935278,0.0,0.0,0.0,0.0,0.0,0.0,0.0,0.0,0.0,0.0,0.0,0.0,0.0,0.0,0.0,0.0,0.0,0.0,0.0,0.0,4.963660509750607,11013.462634237872,241.56972808753773,772.2521057386797
0.0,0.0,0.0,0.0,0.0,0.0,0.0,0.0,0.0,0.0,0.0,0.0,0.0,0.0,0.0,0.0,0.37328529911118397,0.41786245857898635,0.0,0.0,0.0,0.0,0.2088522423098296,0.0,0.0,0.0,0.0,0.0,0.0,0.0,217.3700972486385,5881.008779590248,488.73325219045444,979.4256674141538
0.0,0.13254747012035606,0.0,0.0,0.0,0.32350725387956236,0.0,0.0,0.0,0.0,0.0,0.0,0.08056523735380942,0.0,0.0,0.0,0.0,0.0,0.0,0.0,0.2400416544471137,0.0,0.0,0.0,0.0,0.0,0.0,0.0,0.0,0.22333838419915844,163.81595590382682,5699.082346197994,285.48570649042455,1552.682767415994
0.0,0.0,0.0,0.0,0.0,0.0,0.0,0.0,0.0,0.0,0.0,0.5640413502463434,0.0,0.0,0.0,0.0,0.0,0.4359586497536566,0.0,0.0,0.0,0.0,0.0,0.0,0.0,0.0,0.0,0.0,0.0,0.0,329.94592751966985,3154.347348128592,676.0095073968143,2447.6357861882357
0.0,0.0,0.0,0.0,0.0,0.0,0.0,0.0,0.0,0.49317345133244556,0.0,0.0,0.0,0.0,0.5068265486675546,0.0,0.0,0.0,0.0,0.0,0.0,0.0,0.0,0.0,0.0,0.0,0.0,0.0,0.0,0.0,7.594665713354752,11520.042503309589,545.728355485516,1695.4712377752737
0.0,0.0,0.19642954220546674,0.0,0.0,0.0,0.0,0.0,0.25897956099812514,0.0,0.4742951463902922,0.0,0.0,0.0,0.0,0.07029575040611592,0.0,0.0,0.0,0.0,0.0,0.0,0.0,0.0,0.0,0.0,0.0,0.0,0.0,0.0,193.96114595678534,6929.066799741297,580.6283835596281,1628.5866336238082
0.0,0.0,0.0,0.0,0.0,0.0,0.0,0.0,0.0,0.0,0.0,0.0,0.7840838959351494,0.0,0.0,0.0,0.0,0.0,0.0,0.0,0.0,0.06993852296923016,0.0,0.0,0.0,0.0,0.0,0.14597758109562037,0.0,0.0,71.80770693481253,3894.3890349203293,331.53005166456603,947.0879699350995
0.32605422046387494,0.0,0.0,0.0,0.0,0.0,0.0,0.0,0.0,0.0,0.0,0.0,0.0,0.0,0.0,0.0,0.12129089487829106,0.0,0.0,0.08387945227342103,0.0,0.0,0.0,0.46877543238441294,0.0,0.0,0.0,0.0,0.0,0.0,24.00883365181955,3632.802518862404,399.6953979814322,2282.0975904259685
0.33170068257137825,0.0,0.0,0.0,0.0,0.0,0.0,0.0,0.0,0.0,0.0,0.0,0.0,0.0,0.0,0.0,0.0,0.6682993174286219,0.0,0.0,0.0,0.0,0.0,0.0,0.0,0.0,0.0,0.0,0.0,0.0,223.62261329212893,2593.5198411530428,431.9093710068499,655.8617035603604
0.0,0.0,0.0,0.0,0.19575649834087208,0.23971317558952426,0.0,0.13260021658533563,0.0,0.0,0.0,0.0,0.08525272903930946,0.0,0.0,0.0,0.0,0.0,0.0,0.17929370692471983,0.0,0.0,0.0,0.16738367352023875,0.0,0.0,0.0,0.0,0.0,0.0,79.20946025049564,7022.712215603647,434.6464674261094,2476.74819239678
0.0,0.0,0.0,0.0,0.0,0.0,0.0,0.0,0.0,0.0,0.0,0.0,0.0,0.0,0.0,0.0,0.0,0.0,0.0,0.0,0.0,0.5419182027088908,0.0,0.0,0.0,0.4580817972911092,0.0,0.0,0.0,0.0,5.6147248291027765,8698.058951185145,595.9843942932445,2711.5262362710846
0.0,0.0,0.0,0.0,0.5056370110514842,0.0,0.0,0.0,0.0,0.0,0.0,0.0,0.0,0.0,0.032210121470107066,0.0,0.0,0.0,0.0,0.0,0.0,0.4621528674784087,0.0,0.0,0.0,0.0,0.0,0.0,0.0,0.0,3.534670167524305,4925.983390900143,664.0890255037892,2416.9586981334337
0.0,0.0,0.0,0.09688368178937168,0.4930324221947393,0.0,0.0,0.0,0.0,0.0,0.0,0.19498236245208822,0.0,0.05390228435775859,0.12891256517608154,0.0,0.0,0.0,0.0,0.0,0.0,0.0,0.0,0.0,0.0,0.0,0.0,0.0322866840299607,0.0,0.0,90.33387554691417,6605.96786287078,820.539926275129,3199.6503278017594
0.10622666321876942,0.0,0.0,0.0,0.0,0.0,0.0,0.27028479927683763,0.0,0.0,0.0,0.0881941280366507,0.0,0.0,0.0,0.4452602421164184,0.0,0.09003416735132386,0.0,0.0,0.0,0.0,0.0,0.0,0.0,0.0,0.0,0.0,0.0,0.0,83.41791332457665,10649.765007535587,556.789150808313,2777.224076986275
0.0,0.2808211062091905,0.0,0.0,0.0,0.0,0.0,0.0,0.0,0.0,0.0,0.0,0.0,0.0,0.23882493174846317,0.0,0.0,0.0,0.0,0.07768553907766887,0.0,0.048281870888048785,0.0,0.0,0.0,0.35438655207662867,0.0,0.0,0.0,0.0,7.815341035567953,11134.368854633967,654.8551911359993,2374.9577228158178
0.0,0.0,0.0,0.0,0.0,0.0,0.0,0.450979946214826,0.0,0.0,0.0,0.0,0.0,0.0,0.0,0.0,0.0,0.0,0.0,0.0,0.0,0.0,0.0,0.0,0.0,0.0,0.0,0.5490200537851739,0.0,0.0,7.534299597833895,15875.330146218359,524.7732336801198,824.6859396262706
0.0,0.0,0.0,0.0,0.0,0.0,0.0,0.07374503220504972,0.0,0.0,0.0,0.3842104616190025,0.0,0.0,0.0,0.0,0.0,0.30672206072852437,0.0,0.0,0.0,0.0,0.0,0.0,0.0,0.0,0.0,0.0,0.0,0.23532244544742353,227.17161418433017,5507.505951343947,594.0811270651651,2187.6162398450997
0.0,0.0,0.0,0.5945133080838046,0.0,0.0,0.0,0.0,0.0,0.0,0.0,0.0,0.0,0.0,0.0,0.0,0.0,0.0,0.0,0.0,0.40548669191619546,0.0,0.0,0.0,0.0,0.0,0.0,0.0,0.0,0.0,265.3061110925475,4475.499505551058,205.78460395258466,1981.2933183647278
0.0,0.0,0.0,0.19676861435405008,0.0,0.0,0.0,0.15805626676260515,0.0,0.0,0.37886917123481156,0.0,0.0,0.0,0.0,0.0,0.0,0.0,0.0,0.12464533049030778,0.0,0.0,0.0,0.0,0.14166061715822537,0.0,0.0,0.0,0.0,0.0,210.51002875754577,7960.037675761026,468.09088321416976,1647.2123820272225
0.0,0.0,0.0,0.0,0.0,0.31766420061469336,0.0,0.0,0.0,0.27795399278769795,0.0,0.0,0.0,0.0,0.0,0.0,0.24376608991003418,0.0,0.0,0.0,0.0,0.0,0.0,0.12409386396522176,0.0,0.036521852722352706,0.0,0.0,0.0,0.0,124.58437619833146,7161.140133351583,309.64335383094686,2344.8347648574845
0.0,0.0,0.6068894320299373,0.0,0.0,0.14609039196036072,0.0,0.0,0.0,0.0,0.0,0.0,0.0,0.0,0.0,0.0,0.0,0.0,0.0,0.0,0.0,0.0,0.0,0.18986985187489044,0.0,0.0,0.057150324134811574,0.0,0.0,0.0,41.42595129050286,5478.395538866341,307.03469735808096,3311.132167965582
0.0,0.0,0.0,0.0,0.0,0.0,0.0,0.0,0.0,0.0,0.0,0.5537001619177304,0.0,0.10331819227492013,0.0,0.0,0.0,0.0,0.23462442296322242,0.0,0.0,0.0,0.007344371054601722,0.0,0.0,0.0,0.0,0.10101285178952532,0.0,0.0,221.8207816255946,5216.39140444752,754.3135945952378,2952.5812518993325
0.0,0.0,0.0,0.0,0.0,0.0,0.09691699120186144,0.5563732183235279,0.06571727287915417,0.2584858770516297,0.0,0.0,0.0,0.0,0.0,0.0,0.0,0.0,0.02250664054382678,0.0,0.0,0.0,0.0,0.0,0.0,0.0,0.0,0.0,0.0,0.0,43.25985043226781,17838.041126914846,212.91367552140278,867.4774036979311
0.35279408032931925,0.0,0.0,0.0,0.0,0.0,0.0,0.0,0.0,0.0,0.0,0.0,0.0,0.40283408872015736,0.0,0.0,0.2443718309505234,0.0,0.0,0.0,0.0,0.0,0.0,0.0,0.0,0.0,0.0,0.0,0.0,0.0,56.44779438693341,3341.6747799369987,339.65388810806644,1982.9908666628469
0.5430107796928583,0.0,0.0,0.0,0.0,0.0,0.0,0.0,0.0,0.0,0.0,0.0,0.0,0.0,0.4569892203071418,0.0,0.0,0.0,0.0,0.0,0.0,0.0,0.0,0.0,0.0,0.0,0.0,0.0,0.0,0.0,4.55951254000731,5525.944360798552,442.3652204485304,1402.5342430847384
0.0,0.0,0.0,0.11224889260894752,0.0,0.0,0.0,0.0,0.0,0.0,0.08595542492382374,0.0,0.0,0.0,0.0,0.0,0.0,0.0,0.03387902344958438,0.5119053764111584,0.0,0.0,0.0,0.029936478316607545,0.0,0.0,0.0,0.0,0.0,0.22607480428987825,69.15348189293019,4971.90654522382,307.3878337074616,1201.0278824363893
0.0,0.0,0.0,0.0,0.0,0.0,0.16309817103663088,0.0,0.0,0.0,0.0,0.0,0.0,0.0,0.5464758763019845,0.0,0.0,0.0,0.0,0.2904259526613847,0.0,0.0,0.0,0.0,0.0,0.0,0.0,0.0,0.0,0.0,19.77041347735676,7139.289166368845,556.0619053962349,1723.2999784251192
0.0,0.0,0.2345941843075368,0.0,0.0,0.0,0.0,0.0,0.0,0.0,0.0,0.0,0.0,0.0,0.2989204117103774,0.0,0.0,0.0,0.0,0.0,0.0,0.0,0.46648540398208566,0.0,0.0,0.0,0.0,0.0,0.0,0.0,17.716652254226712,13036.336429834384,559.0340866863903,1955.1273111965306
0.3144767865396495,0.096197485003464,0.0,0.0,0.0,0.0,0.2198707159226475,0.0,0.0,0.0,0.0,0.0,0.0,0.0,0.0,0.0,0.0,0.0,0.0,0.176425723069239,0.0,0.0,0.0,0.1930292894649998,0.0,0.0,0.0,0.0,0.0,0.0,29.96684808123507,5957.530953875845,353.0324500086718,1286.5948068307086
0.0,0.0,0.0,0.0,0.0,0.02293151609725666,0.0,0.0,0.0,0.012388269696665169,0.0,0.09232075864778255,0.0,0.0,0.2868784808113235,0.0,0.0,0.0,0.0,0.0,0.0,0.0,0.0,0.0,0.0,0.0,0.0,0.0,0.0,0.5854809747469721,40.00575612625374,5944.566395303401,514.0440766732689,1676.8990372665821
0.0,0.07349321198351345,0.0,0.17410532758614952,0.0,0.0,0.0,0.0,0.15438932826506607,0.0,0.0,0.0,0.0,0.0,0.0,0.0,0.19542643634358242,0.0,0.0,0.0,0.0,0.0,0.05909572031950619,0.3434899755021822,0.0,0.0,0.0,0.0,0.0,0.0,119.26499197362511,5694.97079634187,390.85085491183656,2601.167021173638
0.0,0.0,0.0,0.2065217828711993,0.0,0.0,0.0,0.0,0.0,0.0,0.0,0.0,0.0,0.0,0.0,0.0,0.0,0.0,0.0,0.0,0.0,0.0,0.0,0.0,0.0,0.0,0.0,0.0,0.5841112847548025,0.20936693237399814,58.80656964899978,6984.803035663666,314.4655818957521,1480.2572244189348
0.0,0.0,0.0,0.0,0.0,0.11440770444143174,0.0,0.0,0.0,0.0,0.0,0.0,0.27719679605444286,0.0,0.0,0.38106386399365666,0.0,0.0,0.0,0.0,0.0,0.0,0.0,0.0,0.0,0.22733163551046867,0.0,0.0,0.0,0.0,77.45052257393994,8220.359879173602,558.0767678159804,2807.3517776453136
0.0,0.3436560182871966,0.0,0.0,0.0,0.0,0.0,0.0,0.0,0.0,0.0,0.0,0.23576414029085827,0.0,0.0,0.0,0.0,0.0,0.0,0.0,0.0,0.0,0.0,0.0,0.0,0.0,0.42057984142194527,0.0,0.0,0.0,28.395030743454182,8165.01089862023,275.3795173068599,1254.6465391675129
0.07481209800168626,0.0,0.0,0.0,0.0,0.0,0.0,0.0,0.0,0.18212763302375415,0.0,0.0,0.0,0.0,0.0,0.0,0.40415048225808764,0.0,0.0,0.0,0.0,0.0,0.10734993273185901,0.0,0.0,0.23155985398461298,0.0,0.0,0.0,0.0,62.778582714508076,10303.109282912537,456.83997038009295,1934.813742401539
0.0,0.0,0.3076069679328404,0.0,0.0,0.0,0.28816503813246624,0.0,0.0,0.275531114001699,0.0,0.0,0.0,0.0,0.0,0.0,0.0,0.0,0.0,0.0,0.12869687993299414,0.0,0.0,0.0,0.0,0.0,0.0,0.0,0.0,0.0,65.02911068095828,9900.570748763825,353.3892994439597,1721.5796610516788
0.0,0.0,0.44565732873556013,0.0,0.0,0.0,0.18577423719026162,0.0,0.0,0.0,0.0,0.0,0.0,0.0,0.0,0.0,0.0,0.0,0.0,0.0,0.03794053464294914,0.0,0.0,0.0,0.0,0.0,0.0,0.33062789943122933,0.0,0.0,29.38682079161437,9055.632809969824,541.4117436964895,1945.9911380160522
0.0,0.0,0.0,0.0,0.0,0.0,0.028728236531941093,0.0,0.0,0.31144828524336643,0.0,0.0,0.0,0.0,0.23718375600369987,0.0,0.0,0.0,0.0,0.0,0.0,0.0,0.0,0.0,0.057840236057421925,0.0,0.0,0.0,0.0,0.3647994861635708,24.244639567144254,9077.432427966836,433.8237840406459,1512.0219223392335
0.0,0.0,0.0,0.0,0.0,0.1628624458994877,0.0,0.0,0.0,0.0,0.0,0.0,0.0,0.0,0.14477606228270953,0.0,0.0,0.0,0.0,0.0,0.2674553558682574,0.0,0.0,0.0,0.0,0.021154708720349975,0.0,0.28144237571365827,0.0,0.1223090515155373,130.17151909201175,8528.290229995693,585.0299048910182,1671.1648825211546
0.14384437164144243,0.0,0.0,0.0,0.16357945587463904,0.06587249347286447,0.0,0.0,0.06579892356815326,0.0,0.0,0.0,0.0,0.0,0.0,0.27477761319573335,0.0,0.0,0.0,0.0,0.0,0.0,0.0,0.0,0.28612714224716773,0.0,0.0,0.0,0.0,0.0,126.32676149083866,6206.889589262457,498.7467531739767,3077.8301217092794
0.0,0.0,0.0,0.0,0.19700381941461673,0.0,0.0,0.0,0.0,0.0,0.23095720852872087,0.4252205403486372,0.0,0.0,0.0,0.0,0.0,0.14681843170802508,0.0,0.0,0.0,0.0,0.0,0.0,0.0,0.0,0.0,0.0,0.0,0.0,246.6674385771905,4867.28829205999,886.2234163490928,2675.1906502556108
0.0,0.0,0.0,0.0,0.0,0.0,0.0,0.0,0.5490367430165333,0.0,0.221457957536828,0.0,0.0,0.0,0.0,0.2148503441469174,0.0,0.0,0.0,0.0,0.0,0.0,0.0,0.0,0.0,0.0,0.0,0.01465495529972142,0.0,0.0,211.68102785770506,7055.251447143705,536.1155391504832,1763.918737491188
0.0,0.0,0.2992192706932142,0.0,0.0,0.0,0.0,0.0,0.0,0.0,0.0,0.0,0.0,0.0,0.0,0.0,0.0,0.0,0.7007807293067858,0.0,0.0,0.0,0.0,0.0,0.0,0.0,0.0,0.0,0.0,0.0,142.46450316623944,4682.639450649844,432.7015689080075,1386.86612145937
0.0,0.0,0.0,0.0,0.0,0.0,0.0,0.0,0.0,0.0,0.0,0.0,0.12147678805949051,0.0,0.24766074442402777,0.0,0.25877776234923255,0.0,0.0,0.0,0.0,0.0,0.0,0.0,0.18878506699803074,0.12648995667530558,0.0,0.05680968149391296,0.0,0.0,93.90501938341208,7914.711488796033,547.379606063444,2549.6797556474903
0.0,0.0,0.0,0.0,0.0,0.0,0.0,0.0,0.0,0.0,0.0,0.0,0.0,0.0,0.0,0.0,0.0,0.0,0.0,0.0,0.0,0.0,0.0,0.23674802878165976,0.0,0.0,0.0,0.0,0.7632519712183402,0.0,9.50077664722373,7680.383216401877,362.03923478235316,1855.3693735669513
0.0,0.07083375436484943,0.0,0.14986205019620577,0.1626180774335201,0.0,0.0,0.0,0.0,0.0,0.0,0.0,0.0,0.0,0.0,0.0,0.0,0.0,0.0,0.0,0.18320371577155609,0.0,0.10674854444467864,0.32673385778918984,0.0,0.0,0.0,0.0,0.0,0.0,103.24945368458555,6801.542387936338,521.5070360234184,2672.357905232463
0.0,0.0,0.0,0.020273916880576892,0.0,0.0,0.5006531585932497,0.0,0.0,0.0,0.0,0.0,0.0,0.0,0.0,0.3268050802623773,0.0,0.0,0.0,0.0,0.0,0.0,0.0,0.0,0.0,0.0,0.0,0.0,0.0,0.15226784426379633,77.2134376513728,8725.307959933833,508.2167783917123,1960.990828709335
0.12760400868959673,0.0,0.0,0.0,0.0,0.0,0.0,0.0,0.0,0.0,0.0,0.0,0.0,0.0,0.0,0.0,0.0,0.0,0.0,0.0,0.0,0.0,0.0,0.0,0.0,0.0,0.8723959913104034,0.0,0.0,0.0,1e-06,9645.84529305443,173.56517019492506,1420.8053594578093
0.0,0.0,0.0,0.08140799199846334,0.15034489950022706,0.0,0.0,0.0,0.0,0.0,0.0,0.0,0.40974349889909073,0.0,0.0,0.0,0.2596674326871627,0.0,0.0,0.0,0.0,0.0,0.0,0.0,0.0,0.0,0.0,0.0,0.09883617691505611,0.0,98.81693257665874,3995.3341306703965,377.7075304859335,1678.1647599709872
0.13309399789575715,0.0,0.018713124853411398,0.0,0.0,0.1192107179448143,0.0,0.0,0.2683986992392771,0.0,0.0,0.0,0.0,0.0,0.0,0.0,0.0,0.0,0.0,0.0,0.0,0.0,0.46058346006674017,0.0,0.0,0.0,0.0,0.0,0.0,0.0,113.7283938343372,12397.396787147289,347.8460608964288,1218.5832200765956
0.0,0.0,0.0,0.14536758478596018,0.0,0.1949483742751394,0.0,0.0,0.0,0.0,0.0,0.4247558734308221,0.0,0.0,0.0,0.0,0.0,0.0,0.0,0.0,0.0,0.0,0.0,0.0,0.0,0.0,0.0,0.0,0.2349281675080784,0.0,225.7047531702783,5684.199603013927,513.4042431229415,3381.3987602206253
0.0,0.5612949122038947,0.0,0.0,0.0,0.0,0.0,0.0,0.0,0.0,0.0,0.0,0.0,0.22030530383499322,0.0,0.0,0.1083109079326871,0.11008887602842496,0.0,0.0,0.0,0.0,0.0,0.0,0.0,0.0,0.0,0.0,0.0,0.0,65.81037301335826,5776.875439240574,474.69759631104097,1373.104575734441
0.0,0.0,0.0,0.0,0.0,0.31279896388682205,0.0,0.0,0.0,0.0,0.0,0.0,0.0,0.0,0.0,0.0,0.0,0.0,0.0,0.0,0.0,0.0,0.0,0.687201036113178,0.0,0.0,0.0,0.0,0.0,0.0,77.4784470668157,3726.4399484301352,448.19665288773285,3551.967434960234
0.0,0.0960468614768067,0.0,0.0,0.0,0.0,0.25695870471987065,0.15493862565565622,0.0,0.0,0.0,0.0,0.0,0.0,0.0,0.0,0.0,0.2635201700811228,0.0,0.0,0.0,0.0,0.10421623030601965,0.0,0.0,0.0,0.0,0.0,0.0,0.12431940776052387,134.06945278224498,9706.081085880283,448.1856217370014,813.8501936861005
0.0,0.0,0.0,0.0,0.0,0.38784011415641173,0.058014721273695474,0.0,0.0,0.0,0.0,0.0,0.0,0.0,0.0,0.0,0.0,0.1534350189907553,0.0,0.0,0.0,0.0,0.2866676627541453,0.0,0.0,0.0,0.054814811365481365,0.0,0.059227671459510786,0.0,183.08614143050312,8508.813244242581,354.02043660235387,1651.1069965751099
0.15125294087993504,0.0,0.7354942417605885,0.0,0.0,0.0,0.0,0.0,0.0,0.0,0.0,0.0,0.0,0.02586503831178888,0.0,0.0,0.0,0.0,0.0,0.0,0.0,0.0,0.0,0.0,0.0,0.0,0.0,0.0,0.0,0.08738777904768769,4.981858321068264,5243.09903344737,265.7338944969642,2510.57872178885
0.0,0.0,0.0,0.0,0.0,0.24532575020576075,0.0,0.0,0.0,0.0,0.0,0.0,0.11641919928914571,0.1274157411044236,0.103105388856338,0.0,0.0,0.1438112668516332,0.0,0.0,0.0,0.0,0.2639226536926985,0.0,0.0,0.0,0.0,0.0,0.0,0.0,169.58601480799058,8146.954233544071,424.06611579709613,2017.633862543435
0.0,0.0,0.0,0.0,0.0,0.0,0.0,0.0,0.0,0.0,0.0,0.0,0.0,0.0,0.0,0.2654976787059381,0.0,0.0,0.0,0.0,0.0,0.0,0.0,0.7345023212940618,0.0,0.0,0.0,0.0,0.0,0.0,13.67668916785248,4560.393550402254,593.5201575891066,3561.0505727409627
0.0,0.3049884368230171,0.0,0.0,0.0,0.0,0.0,0.0,0.0,0.0,0.0,0.10764158172074553,0.057683354726255825,0.061110808120634436,0.0,0.15229128422813282,0.0,0.31628453438121445,0.0,0.0,0.0,0.0,0.0,0.0,0.0,0.0,0.0,0.0,0.0,0.0,187.4933639831716,5977.753021834459,640.1131624209481,1797.2198371544387
0.0,0.0,0.0,0.0,0.0,0.0,0.7208410448507964,0.0,0.2791589551492035,0.0,0.0,0.0,0.0,0.0,0.0,0.0,0.0,0.0,0.0,0.0,0.0,0.0,0.0,0.0,0.0,0.0,0.0,0.0,0.0,0.0,133.316094060812,8965.328770875338,337.2751154695493,976.2994804738291
0.12020549191567381,0.0,0.0,0.0,0.0,0.0,0.0,0.0,0.0,0.0,0.0,0.0,0.0,0.0,0.0,0.0,0.0,0.05003742961840053,0.0,0.0,0.0,0.13990873191382922,0.4957048821039116,0.0,0.0,0.0,0.0,0.0,0.0,0.1941434644481849,41.111953312069204,11896.40255141402,441.3900502745105,1010.2656875902329
0.0,0.19810793187372336,0.0,0.0,0.36176250924093667,0.0,0.0,0.0,0.0,0.0,0.0,0.0,0.0,0.0,0.0,0.0,0.08666710267774905,0.0,0.0,0.0,0.0,0.0,0.06579471481810201,0.0,0.0,0.0,0.0,0.046102440773854655,0.0,0.24156530061563442,13.668368066327144,7614.251173413718,636.7823814948744,1660.5912406363186
0.0,0.0,0.0,0.0,0.0,0.0,0.0,0.0,0.0,0.0,0.35274077168402346,0.22790052111317,0.0,0.0,0.0,0.0,0.0,0.0,0.0,0.0,0.0,0.0,0.0,0.21017271816743688,0.0,0.2091859890353697,0.0,0.0,0.0,0.0,185.37901304073026,7382.467671248225,791.8393016681596,3089.109047284818
0.0,0.0,0.0,0.0,0.0,0.0,0.0,0.0,0.0,0.0,0.0,0.4071578066460383,0.0,0.0,0.0,0.0,0.0,0.0,0.0,0.0,0.0,0.0,0.5928421933539618,0.0,0.0,0.0,0.0,0.0,0.0,0.0,137.52350938699303,12131.088563005927,581.6476256860157,2090.6565211636153
0.0,0.0,0.0,0.0,0.0,0.0,0.0,0.0,0.0,0.0,0.0,0.0,0.0,0.0,0.0,0.0,0.0,0.0,0.09616243322878805,0.0,0.0,0.0,0.3988598240263864,0.0,0.0,0.236428874525513,0.26854886821931245,0.0,0.0,0.0,33.944952171950604,15207.741040590567,459.12058839800545,1886.2455538721706
0.0,0.0,0.0,0.0,0.0,0.3009564094794551,0.0,0.0,0.0,0.0,0.0,0.0,0.0,0.0,0.0,0.0,0.0,0.0,0.0,0.24375946181065689,0.4552841287098879,0.0,0.0,0.0,0.0,0.0,0.0,0.0,0.0,0.0,223.4413537899943,4869.990230229943,249.9108252854955,1549.8945738010634
0.0,0.10740212286373982,0.0,0.0,0.1447278139066533,0.0,0.6501760446493576,0.0,0.0,0.0,0.0,0.0,0.0,0.0,0.0,0.0,0.0,0.0,0.0,0.0,0.0,0.0,0.0,0.0,0.0,0.0,0.0,0.04738636001280663,0.0,0.0,70.66176856519988,8791.434103126718,533.3401596697732,1247.25008445596
0.0,0.0,0.0,0.0,0.18056596414784973,0.17782974021929268,0.0,0.0,0.0,0.0,0.0,0.0,0.0,0.029252696908298507,0.0,0.0,0.0,0.17943784486654585,0.0,0.0,0.0,0.0,0.0,0.0,0.0,0.43291375385801323,0.0,0.0,0.0,0.0,110.24941012937519,9485.89517663754,635.1199813952037,3087.378150830841
0.0,0.0,0.0,0.0,0.0,0.0,0.0,0.247300031301289,0.0,0.0,0.0,0.08301251058088802,0.0,0.0,0.12030052646907358,0.0,0.0,0.0,0.0,0.0,0.0,0.0,0.0,0.0,0.0,0.0,0.0,0.0,0.0,0.5493869316487495,32.78322034268253,9085.060245560235,375.09181222141035,1185.104614058322
0.0,0.0,0.0,0.0,0.0,0.0,0.5265707635108361,0.0,0.0,0.037270768273247705,0.0,0.0,0.26069028385238363,0.0,0.0,0.0,0.0,0.0,0.0,0.0,0.0,0.0,0.0,0.0,0.0,0.0,0.0,0.0,0.1754681843635325,0.0,70.37986455140683,8019.917750950661,342.5591493430995,993.6324392840909
0.0,0.04429222127577408,0.0,0.0,0.0,0.0,0.0,0.0,0.0,0.0,0.0,0.0,0.1353616432135219,0.0,0.38968909100749216,0.06863123773288464,0.0,0.0,0.0,0.0,0.0,0.0,0.0,0.0,0.3204714295608868,0.0,0.04155437720944031,0.0,0.0,0.0,100.08927349001988,7666.128583680251,536.9940764292384,2601.736651616965
0.0,0.0,0.0,0.0,0.0,0.14506974573490805,0.0,0.0,0.0,0.0,0.0,0.0,0.0,0.0,0.0,0.0,0.0,0.0,0.5210605227799412,0.0,0.0,0.3338697314851508,0.0,0.0,0.0,0.0,0.0,0.0,0.0,0.0,147.03842937948923,4145.568980663752,450.5071615138653,1550.0003485443067
0.0,0.0,0.0,0.0,0.0,0.3072852327009929,0.0,0.0,0.0,0.0,0.062152317382988376,0.0,0.0,0.0,0.0,0.0,0.0,0.0,0.0,0.0,0.22414667000912877,0.0,0.0,0.0,0.4064157799068901,0.0,0.0,0.0,0.0,0.0,267.86573208361386,5004.369704696718,326.7225714332594,2517.094387527756
0.07219424150537898,0.0,0.0,0.0,0.09230081075470059,0.2224788449883748,0.0,0.0,0.0,0.0,0.0,0.0,0.0,0.2996584699050615,0.0,0.0,0.0,0.25133970328348626,0.0,0.0,0.0,0.0,0.062027929562997804,0.0,0.0,0.0,0.0,0.0,0.0,0.0,183.25027009530262,4756.26361634168,511.87976748379003,2352.0107309666096
0.0,0.0,0.0,0.0,0.0,0.0,0.0,0.0,0.0,0.0,0.5183939552287099,0.0,0.0,0.08942234359310575,0.0,0.0,0.0,0.0,0.0,0.0,0.0,0.0,0.0,0.0,0.0,0.0,0.0,0.0,0.0,0.3921837011781844,155.91802501123513,5637.089392124025,630.8875455312344,1237.9214396737264
0.0,0.0,0.0,0.0,0.5531670995325854,0.0,0.0,0.0,0.0,0.0,0.0,0.0,0.0,0.0,0.0,0.0,0.0,0.0,0.0,0.0,0.0,0.0,0.0,0.0,0.0,0.0,0.4468329004674147,0.0,0.0,0.0,3.589803218477261,8068.281242181614,602.7566090398876,2193.8265389302815
0.0,0.2767242037098098,0.24943460923724822,0.0,0.0,0.0,0.0,0.10430636627836003,0.0,0.0,0.18552891739406646,0.0,0.0,0.0,0.0,0.0,0.0,0.0,0.18400590338051562,0.0,0.0,0.0,0.0,0.0,0.0,0.0,0.0,0.0,0.0,0.0,96.36570987231772,8929.71057689029,456.37456930347565,1475.0158544669125
0.0,0.0,0.01631692244970111,0.0,0.0,0.0,0.0,0.16966007287660687,0.0,0.15632073522984094,0.0,0.0,0.0,0.0,0.0,0.0,0.14079619719975622,0.0,0.0,0.0,0.0,0.0,0.07084158595525898,0.0,0.0,0.0,0.0,0.0715590225962923,0.0,0.0,42.482310597344885,14248.64118508818,392.839707912493,1212.9730530393829
0.0,0.0,0.3152435535480048,0.0,0.0,0.07667593888827252,0.0,0.0,0.0,0.0,0.18733056766999936,0.0,0.0,0.24400620521376673,0.0,0.0,0.15949339584712097,0.0,0.0,0.0,0.0,0.0,0.0,0.0,0.0,0.0,0.0,0.0,0.017250338832835693,0.0,112.64229857628811,5264.2818185028955,477.0003961425645,2606.090508827965
0.10699318098132445,0.0,0.0,0.0,0.0,0.0,0.10341290574038933,0.0,0.0,0.0,0.0,0.0,0.0,0.0,0.16738486249521634,0.0,0.2375823782650065,0.20262170868576004,0.0,0.0,0.0,0.1820049638323034,0.0,0.0,0.0,0.0,0.0,0.0,0.0,0.0,125.38828561749993,4690.830762594318,528.3591206807649,1566.7222806607729
0.0,0.19633274766393066,0.0,0.0,0.0,0.0,0.18920809579903092,0.0,0.21624687473390433,0.13116281480658246,0.2670494669965518,0.0,0.0,0.0,0.0,0.0,0.0,0.0,0.0,0.0,0.0,0.0,0.0,0.0,0.0,0.0,0.0,0.0,0.0,0.0,156.20710295197568,8890.80223204432,496.4448236461004,1035.8494870514685
0.22266472485733618,0.0,0.0,0.0,0.0,0.0,0.0,0.0,0.0,0.05750652108295049,0.0,0.0,0.0,0.0,0.4714287287196756,0.0,0.0,0.0,0.0,0.0,0.24840002534003766,0.0,0.0,0.0,0.0,0.0,0.0,0.0,0.0,0.0,83.36352958031922,6998.698838106495,567.6357905020716,1646.722961202209
0.0,0.0,0.04344418882465347,0.0,0.0,0.0,0.0,0.0,0.0,0.0,0.0,0.0,0.0,0.0,0.0,0.0,0.0,0.0,0.0,0.0,0.0,0.0,0.0,0.0,0.0,0.0,0.0,0.683782414118044,0.0,0.27277339705730236,1.3952454681255064,9353.393134180664,686.174389921508,1114.0595198930084
0.0,0.0,0.2600716457224422,0.0,0.18609757646540143,0.0,0.0,0.0,0.0,0.0,0.0,0.0,0.0,0.0,0.0,0.0,0.0,0.0,0.0,0.0,0.0,0.0,0.0,0.0,0.0,0.0,0.018720445380177256,0.535110332431979,0.0,0.0,1e-06,9176.135927694952,779.35802248953,1877.258302788048
0.0,0.0,0.0,0.0,0.0,0.0,0.0,0.31661537557573377,0.0,0.0,0.1631035022542669,0.0,0.0,0.0,0.0,0.0,0.2752201949426721,0.0,0.0,0.18751428376897689,0.0,0.0,0.0,0.0,0.0,0.05754664345835031,0.0,0.0,0.0,0.0,99.628197523,10360.065864088674,373.30064086290866,1271.5467252515657
0.0,0.0,0.0,0.0,0.0,0.0,0.0,0.0,0.0,0.0,0.0,0.0,0.29192709260341354,0.0,0.0,0.0,0.3916924443351776,0.0,0.0,0.0,0.0,0.0,0.0,0.3163804630614088,0.0,0.0,0.0,0.0,0.0,0.0,92.62154382388351,3066.8247326157048,369.5106637952942,1992.5221775293253
0.0,0.0,0.0,0.0,0.0,0.0,0.5752004220300084,0.0,0.0,0.0,0.0,0.0,0.0,0.0,0.0,0.0,0.0,0.0,0.0,0.32207682477195243,0.0,0.0,0.0,0.0,0.0,0.0,0.0,0.0,0.0,0.10272275319803907,60.814850327637345,7305.909607791526,314.4304548593068,869.489909550848
0.0,0.0830627837229225,0.0,0.0,0.4176624981538818,0.0,0.0,0.0,0.0,0.0,0.0,0.0,0.0,0.0,0.0,0.0,0.0,0.38038329863954684,0.0,0.0,0.0,0.0,0.11889141948364902,0.0,0.0,0.0,0.0,0.0,0.0,0.0,144.44277412442406,6646.347461823185,731.43716781852,2662.818998632497
0.0,0.0,0.0,0.0,0.0,0.0,0.0,0.0,0.0,0.0,0.0,0.0,0.0,0.0,0.0,0.09743225876575631,0.0,0.23543974928179487,0.0,0.05636739032388903,0.0,0.0,0.45066728484891583,0.0,0.16009331677964403,0.0,0.0,0.0,0.0,0.0,145.52287915235223,12036.317956206349,516.5475274151046,1546.9693977774616
0.0,0.0,0.31796639631537726,0.0,0.0,0.0,0.0,0.04476278611998162,0.0,0.0,0.0,0.0,0.0,0.0,0.0,0.0,0.0,0.0,0.3108632959685496,0.0,0.0,0.0,0.0,0.32640752159609143,0.0,0.0,0.0,0.0,0.0,0.0,70.55538286700063,5792.833248195978,456.0534819287577,2486.85848945281
0.0,0.0,0.0,0.0,0.0,0.0,0.5557469741818273,0.0,0.0,0.0,0.0,0.0,0.0,0.0,0.0,0.4442530258181727,0.0,0.0,0.0,0.0,0.0,0.0,0.0,0.0,0.0,0.0,0.0,0.0,0.0,0.0,75.5071295776496,8843.30079947545,573.8192507502193,2141.5308996918106
0.0,0.0,0.0,0.0,0.0,0.4724947531006293,0.0,0.0,0.0,0.0,0.0,0.05338423683321912,0.0,0.0,0.0,0.25276030409638583,0.10673920602931138,0.11462149994045429,0.0,0.0,0.0,0.0,0.0,0.0,0.0,0.0,0.0,0.0,0.0,0.0,223.500900511693,5054.480009950261,448.3400581694726,2964.3774037290104
0.0,0.0,0.0,0.05057798629803888,0.0,0.0,0.0,0.1479517256011626,0.0,0.0,0.0,0.0,0.36522702466622103,0.0,0.0,0.0,0.0,0.05163136792495339,0.0,0.0,0.0,0.0,0.15844915551929933,0.0,0.22616273999032477,0.0,0.0,0.0,0.0,0.0,139.14637464182724,9493.34094732448,313.1744631500955,1638.311909665685
0.0,0.0,0.0,0.0,0.17264405282617207,0.0,0.0,0.0,0.0,0.0,0.0,0.0,0.0,0.0,0.0,0.0,0.0,0.0,0.0,0.0,0.0,0.0,0.6492456777650275,0.0,0.0,0.0,0.0,0.1781102694088005,0.0,0.0,26.331936856000574,15162.42593943623,629.533544476796,1231.962478124546
0.0,0.33344361916398596,0.0,0.0,0.045668961708687346,0.23794482451795912,0.0,0.0,0.0,0.0,0.0,0.0,0.0,0.0,0.0,0.0,0.0,0.18505715310444323,0.0,0.1978854415049243,0.0,0.0,0.0,0.0,0.0,0.0,0.0,0.0,0.0,0.0,132.48781902503737,5323.906284302554,392.8483332069787,1388.6662905501053
0.0,0.0,0.0,0.0,0.0,0.0,0.0,0.0,0.0,0.16967318238603363,0.0,0.0,0.0,0.0,0.18861601342592169,0.0,0.07909831194901883,0.0,0.1426044254144318,0.0,0.23938610611337932,0.0,0.0,0.0,0.0,0.0,0.0,0.0,0.1806219607112147,0.0,134.45690520520324,8751.964308154073,455.6325745017127,1438.5904921698461
0.0,0.0,0.0,0.0,0.0,0.4886807791954982,0.0,0.0,0.0,0.0,0.1327978572112136,0.0,0.20058785766315898,0.0,0.0,0.0,0.0,0.0,0.0,0.0,0.0,0.0,0.0,0.0,0.17793350593012924,0.0,0.0,0.0,0.0,0.0,246.98971147183295,4402.553213254604,306.01832311105926,2367.4005846602126
0.0,0.0,0.0,0.0,0.0,0.0,0.0,0.0,0.21749641713656298,0.0,0.0,0.0,0.0,0.0,0.0,0.0,0.0,0.0,0.0,0.0,0.0,0.0,0.0,0.2126552771050145,0.0,0.0,0.0,0.0,0.5698483057584225,0.0,56.58004378792345,7297.946101136589,383.8178414976876,1677.334302353483
0.10918265594425398,0.0,0.0,0.23770401514113562,0.0,0.0,0.178584943305663,0.0,0.0,0.0,0.0,0.0,0.0,0.0,0.20417307245067925,0.0,0.0,0.0,0.0,0.0,0.0,0.06586712971645012,0.20448818344181807,0.0,0.0,0.0,0.0,0.0,0.0,0.0,90.71677065722835,9505.757581445168,437.33882699928563,1817.9872790055797
0.2456073651748748,0.0,0.0,0.0,0.0,0.0,0.0,0.0,0.0,0.0,0.0,0.0,0.0,0.0,0.0,0.0,0.0,0.08489915702701008,0.0,0.17393459601805067,0.0,0.0,0.0,0.0,0.3410094763296062,0.0,0.0,0.0,0.0,0.15454940545045817,114.2854741152751,4614.384377032318,288.00015214971916,1814.0207492743336
0.0,0.16605422208534448,0.0,0.0,0.0,0.0,0.1897051948432415,0.0,0.0,0.0,0.0,0.0,0.0,0.0,0.0,0.10312411819699561,0.0,0.04625062730834593,0.2062366891206377,0.0,0.0,0.2886291484454349,0.0,0.0,0.0,0.0,0.0,0.0,0.0,0.0,96.30469878709665,6441.702831336601,551.9046340878676,1524.0270793857235
0.0,0.0,0.2391044728165019,0.0,0.0,0.0,0.0,0.0,0.0,0.12901045184162832,0.0,0.0,0.0,0.0,0.0,0.0,0.0,0.0,0.0,0.0,0.0,0.0,0.4025619937597906,0.0,0.0,0.2293230815820791,0.0,0.0,0.0,0.0,23.35873002459285,15114.266405957209,465.1130450115706,2192.228430143492
0.11773059834913924,0.0,0.10771054534825314,0.0,0.20742227858385745,0.0,0.0689738701270778,0.0,0.0,0.0,0.0,0.0,0.0,0.0,0.0,0.04334493332782935,0.0,0.0,0.0,0.0,0.0,0.0,0.0,0.0,0.0,0.0,0.0,0.4548177742638431,0.0,0.0,11.85064964164106,9356.336783328205,772.7916432300713,1748.7296957331766
0.39901001696226057,0.0,0.08547652673658483,0.0,0.0,0.0,0.0,0.0,0.0,0.3358789349637351,0.0,0.0690883656623453,0.0,0.0,0.0,0.0,0.0,0.0,0.0,0.0,0.0,0.0,0.0,0.11054615567507411,0.0,0.0,0.0,0.0,0.0,0.0,27.705600939601883,7824.809798635923,329.6890105918468,1670.277863757507
0.0,0.0,0.0,0.0,0.0,0.0,0.0,0.0,0.0,0.0,0.0,0.0,0.0,0.0,0.0,0.728514372877564,0.0,0.0,0.0,0.0,0.0,0.0,0.271485627122436,0.0,0.0,0.0,0.0,0.0,0.0,0.0,44.546506534794275,10909.505095365337,673.650663654573,2865.478275891365
0.21231181880054106,0.0,0.0,0.0,0.050883730944011794,0.0,0.0,0.3900300549459233,0.0,0.0,0.0,0.0,0.0,0.0,0.16378312610126647,0.0,0.0,0.0,0.0,0.0,0.0,0.0,0.0,0.0,0.0,0.06111720242048183,0.12187406678777574,0.0,0.0,0.0,10.305658325897632,14074.30611410218,379.62915638644034,1586.889303559114
0.11239486561877651,0.0,0.0,0.12487336881294137,0.0,0.0,0.03225187218462368,0.0,0.0,0.0,0.0,0.0,0.0,0.0,0.0,0.0,0.0,0.0,0.0,0.0,0.16865798607542368,0.0,0.0,0.0,0.5038306699132128,0.0,0.0,0.05799123739502181,0.0,0.0,223.11416618900208,5957.15216061835,321.69133932660907,2313.9534223505366
0.0,0.0,0.0,0.0,0.18126263146071855,0.0,0.0,0.09008441061376475,0.0,0.0,0.0,0.0,0.0,0.0,0.0,0.0,0.0,0.3418937733640189,0.0,0.0,0.0,0.0,0.3867591845614979,0.0,0.0,0.0,0.0,0.0,0.0,0.0,134.64377744044623,10938.487376054565,566.250370460755,1165.6937415412322
0.0,0.0,0.0,0.0,0.049407443198190036,0.0,0.0,0.0,0.0,0.0,0.0,0.21600095863251528,0.0,0.17044644798979716,0.0,0.0,0.5641451501794975,0.0,0.0,0.0,0.0,0.0,0.0,0.0,0.0,0.0,0.0,0.0,0.0,0.0,164.6246907347966,3475.2936368421247,487.1700893007485,2469.005580469153
0.0,0.0,0.0,0.28646695970684094,0.07027505265437546,0.0,0.0,0.0,0.0,0.0,0.0,0.0,0.4046504749179837,0.0,0.0,0.0,0.0,0.0,0.0,0.0,0.0,0.0,0.0,0.0,0.0,0.0,0.23860751272079983,0.0,0.0,0.0,,5602.284430294968,239.9962069047265,1688.651673504948
0.0,0.0,0.0,0.0,0.0,0.11503763830124505,0.0,0.0,0.0,0.0,0.0,0.0,0.0,0.0,0.3250544423376616,0.0,0.0,0.0,0.0,0.0,0.0,0.0,0.15892564576542395,0.0,0.15377726911797834,0.0,0.06437638446154714,0.0,0.18282862001614403,0.0,69.86658576364619,10002.434359466326,527.23083792551,2371.3470645447023
0.0,0.0,0.0,0.0,0.0,0.0,0.0,0.5711401577766789,0.0,0.0,0.0,0.0,0.0,0.0,0.0,0.0,0.0,0.0,0.0,0.0,0.0,0.0,0.0,0.42885984222332113,0.0,0.0,0.0,0.0,0.0,0.0,5.660409117526046,12923.742449713585,299.15690773107355,2032.8036096438932
0.0,0.0,0.0,0.0,0.0,0.0,0.0,0.0,0.15539836515376154,0.0,0.0,0.0,0.0,0.0,0.0,0.0,0.0,0.0,0.0,0.0,0.0,0.0,0.0,0.0,0.0,0.0,0.0,0.0,0.8446016348462385,0.0,38.57858846132148,8559.361667068632,318.05495087007955,1247.1915767153241
0.0,0.0,0.0,0.0,0.0,0.0,0.0,0.0,0.0,0.0,0.0,0.0,0.0,0.25437053445797925,0.0,0.0,0.0,0.0,0.07270791245647797,0.0,0.0,0.0,0.3974902127789779,0.0,0.07742184251383209,0.0,0.0,0.0,0.19800949779273289,0.0,68.46111136561014,11756.476875973323,450.2684824138992,1692.578558811702
0.0,0.0,0.0,0.10998653553408719,0.0,0.22218496765037712,0.0,0.0,0.0,0.0,0.0,0.3486224285418542,0.08867981273059342,0.0,0.0,0.0,0.06653873088095309,0.0,0.0,0.0,0.0,0.0,0.16398752466213493,0.0,0.0,0.0,0.0,0.0,0.0,0.0,223.3547030509393,6959.025853468113,509.5145272183246,3040.735725135146
0.6322045350597226,0.0,0.0,0.0,0.0,0.0,0.0,0.0,0.0,0.0,0.0,0.0,0.0,0.0,0.0,0.0,0.0,0.0,0.0,0.0,0.0,0.0,0.0,0.0,0.0,0.0,0.0,0.0,0.3677954649402775,0.0,6.510256801146096,,236.14657787519738,883.7799867743441
0.0,0.0,0.17655483310726425,0.0,0.0,0.10382675062669693,0.0,0.0,0.0,0.0,0.0,0.0,0.0,0.0,0.0,0.0,0.0,0.0,0.03854144781809061,0.0,0.4460109716429066,0.0,0.1107980760657853,0.0,0.12426792073925652,0.0,0.0,0.0,0.0,0.0,222.0628979673162,7628.400811872099,327.61109496831176,1672.4134964971222
0.0,0.0,0.0,0.3969029765180245,0.0,0.0,0.09491470864992226,0.0,0.063953686686597,0.0,0.07464718434646155,0.0,0.2617324263655113,0.0,0.0,0.0,0.0,0.0,0.0,0.0,0.0,0.0,0.10784901743348337,0.0,0.0,0.0,0.0,0.0,0.0,0.0,183.71278123963725,6732.166610393128,312.3265540355865,1770.2692278359382
0.0,0.0,0.045398635902179275,0.0,0.0,0.3033757691357099,0.0,0.0,0.0,0.0,0.0,0.0,0.0,0.0,0.0,0.06293923352609945,0.0,0.0,0.0,0.3201141617934527,0.0,0.0,0.0,0.2681721996425587,0.0,0.0,0.0,0.0,0.0,0.0,85.76053582631938,4271.763182663492,322.7731700408422,2863.3440531912897
0.0,0.0,0.0,0.0,0.0,0.0,0.0,0.0,0.0,0.0,0.31121266849890067,0.0,0.0,0.0,0.0,0.0,0.0,0.0,0.0,0.0,0.0,0.0,0.0,0.6887873315010994,0.0,0.0,0.0,0.0,0.0,0.0,91.1459548286743,4303.413134528941,657.2980394882416,2637.2231553382676
0.0,0.0,0.0,0.0,0.15182962291636515,0.0,0.0,0.0,0.0,0.0,0.0,0.0,0.0,0.22431843429868875,0.18429881014562544,0.0,0.0,0.0,0.026117455377528097,0.0,0.0,0.0,0.0,0.0,0.27904498582747245,0.0,0.0,0.13439069143432003,0.0,0.0,96.61660892831159,6624.378782729383,667.1814353996417,3065.359267135831
0.0,0.0,0.0,0.0,0.0,0.0,0.0,0.0,0.0,0.1989076426350802,0.053925180619867716,0.0,0.0,0.0,0.0,0.0,0.1605621953557467,0.0,0.0,0.0,0.0,0.0,0.1856987646519959,0.04812519785729922,0.0,0.3527810188800103,0.0,0.0,0.0,0.0,53.99543129862186,13632.066276404305,585.914927921069,2408.3839624540606
0.0,0.0,0.0,0.0,0.0,0.0,0.0,0.24525271866867193,0.0,0.0,0.41721992095703414,0.0,0.10249177902182931,0.0,0.0,0.0,0.0,0.0,0.0,0.0,0.0,0.0,0.11834306534130465,0.0,0.0,0.0,0.0,0.04536664706999815,0.0,0.07132586894116187,141.487645666202,11699.474009874079,519.6308557096477,977.1622976857235
0.15998325089054036,0.0,0.0,0.0,0.4731462572761045,0.15441903246000008,0.0,0.0,0.0,0.0,0.0,0.0,0.0,0.0,0.0,0.0,0.0,0.0,0.0,0.0,0.0,0.0,0.0,0.0,0.0,0.11245485588611392,0.09999660348724106,0.0,0.0,0.0,43.63477880355644,7291.337167042646,615.940143540347,2665.0288921773204
0.0,0.19530460163796562,0.0,0.0,0.0,0.0,0.0,0.0,0.0,0.0,0.0,0.0,0.0,0.0,0.14859339252439824,0.0,0.07908384532301123,0.0,0.0,0.0,0.0,0.0,0.25275173162843106,0.0,0.0,0.32426642888619384,0.0,0.0,0.0,0.0,26.096052273074218,13349.61247162736,606.5266414303225,2220.4126079588327
0.0,0.0,0.0,0.0,0.18024946893278246,0.12368482741372183,0.12226588011925037,0.0,0.0,0.0,0.0,0.0,0.2647126585539933,0.0,0.0,0.0,0.0,0.0,0.10364548055058075,0.0,0.0,0.20544168442967128,0.0,0.0,0.0,0.0,0.0,0.0,0.0,0.0,100.27247496322111,4779.37446101451,494.53892545411196,1859.5462803093965
0.0,0.0,0.0,0.0,0.0,0.0,0.0,0.0,0.0,0.0,0.0,0.0,0.15355770224014473,0.0,0.2880703454172562,0.0,0.0,0.0,0.0,0.0,0.0,0.0,0.0,0.0,0.0,0.0,0.0,0.0,0.5583719523425991,0.0,19.180201644415884,8120.727255058317,492.56399818784604,1629.6016848547247
0.0,0.0,0.16028842692300485,0.0,0.0,0.0,0.0,0.0,0.0,0.0,0.0,0.0,0.0,0.36269120940101646,0.0935921935454241,0.0,0.09863510624549733,0.16486199709996271,0.0,0.0,0.0,0.0,0.11993106678509448,0.0,0.0,0.0,0.0,0.0,0.0,0.0,104.89559155945011,6375.9523424312165,507.8520920582277,2661.4335967528136
0.0,0.0,0.0,0.0,0.23808092212603232,0.0,0.0,0.0,0.0,0.0,0.0,0.0,0.0,0.0,0.0,0.15177758517665327,0.0,0.17337180265686178,0.0,0.0,0.0,0.0,0.0,0.0,0.29697673960464555,0.0,0.0,0.02106796415251371,0.0,0.1187249862832936,149.84638791812128,5763.101163292116,644.0220937061977,2682.322971731324
0.0,0.0,0.0,0.0,0.0,0.0,0.0,0.0,0.0,0.0,0.0,0.0,0.0,0.0,0.0,0.0,0.0,0.0,0.0,0.6365575797617207,0.0,0.0,0.0,0.0,0.0,0.3634424202382792,0.0,0.0,0.0,0.0,6.175139206950119,7817.986443703844,365.3184532199781,1845.1669208297246
0.0,0.0,0.0,0.0,0.0,0.0,0.0,0.0,0.1360127488565975,0.15835802788915587,0.0,0.0,0.0,0.0,0.0,0.21107604887739487,0.0,0.4945531743768517,0.0,0.0,0.0,0.0,0.0,0.0,0.0,0.0,0.0,0.0,0.0,0.0,217.23226850004713,5936.422313578368,574.7344174686649,1379.5353993454073
0.0,0.0,0.0,0.0,0.0,0.0,0.0,0.13593202753849432,0.0,0.0,0.0,0.2676396652005834,0.0,0.0,0.0,0.0,0.0,0.0,0.3230161736819246,0.0,0.0,0.0,0.08335466940978661,0.190057464169211,0.0,0.0,0.0,0.0,0.0,0.0,162.9362751504446,8251.559230425179,574.5908864051153,2372.0155560027233
0.0,0.0,0.0,0.0,0.0,0.0,0.0,0.0,0.0,0.0,0.08380549212607787,0.0,0.21852850255968378,0.0,0.0,0.0,0.16270782281165327,0.0,0.21129885049493183,0.0,0.0,0.0,0.12533980683511053,0.0,0.0,0.0,0.0,0.1983195251725428,0.0,0.0,129.6996499162106,7404.912402905246,569.6504812413895,1075.767299869638
0.0,0.0,0.0,0.24722001203678368,0.0,0.0,0.0,0.0,0.0,0.0,0.0,0.0,0.0,0.0,0.0,0.0,0.0,0.2697214323985094,0.0,0.0,0.0,0.0,0.48305855556470695,0.0,0.0,0.0,0.0,0.0,0.0,0.0,165.16539657316306,10700.96235467215,433.34239743350383,1317.212710258654
0.0,0.0,0.0,0.0,0.0,0.48622025682438913,0.0,0.0,0.0,0.0,0.0,0.0,0.0,0.0,0.0,0.0,0.0,0.0,0.0,0.0,0.0,0.0,0.0,0.0,0.5137797431756109,0.0,0.0,0.0,0.0,0.0,242.6386633464317,5041.099245750698,233.73956201174488,3110.2409010592423
0.0,0.0,0.0,0.0,0.0,0.44431983534111585,0.0,0.0,0.0,0.0,0.0,0.0,0.0,0.0,0.0,0.0,0.0,0.0,0.0,0.0,0.0,0.5556801646588841,0.0,0.0,0.0,0.0,0.0,0.0,0.0,0.0,114.38132510340625,3718.614071606216,349.1340296229194,2497.9380807263537
0.0,0.0,0.0,0.0,0.0,0.0,0.0,0.0,0.0,0.0,0.0,0.0,0.0,0.0,0.0,0.0,0.05545300965064065,0.0,0.0,0.0,0.0,0.0,0.05045042252859179,0.0,0.39653769945928125,0.0,0.49755886836148633,0.0,0.0,0.0,96.23611462595801,9082.578049758218,255.20894808578157,2319.84045399653
0.0,0.0,0.0,0.0,0.0,0.0,0.0,0.0,0.0,0.0,0.0,0.0,0.35137842770156913,0.0,0.0,0.0,0.0,0.21456150688485714,0.0,0.0,0.0,0.0,0.0,0.0,0.0,0.0,0.0,0.0,0.43406006541357356,0.0,125.45431583261075,5922.073954238686,360.98607805209343,1082.325722090268
0.0,0.0,0.0,0.0,0.0,0.0,0.0,0.0,0.0,0.0,0.0,0.0,0.0,0.0,0.6473319448404616,0.0,0.0,0.0,0.0,0.0,0.0,0.0,0.0,0.0,0.0,0.0,0.35266805515953836,0.0,0.0,0.0,0.8525393418907046,9580.942960557273,583.7750184759816,2191.141498151312
0.0,0.0,0.0,0.0,0.2229822870356383,0.0,0.0,0.0,0.0,0.0,0.0,0.0,0.0,0.0,0.0,0.0,0.03852459038184018,0.0,0.0,0.0,0.0,0.0,0.44023763997813087,0.0,0.0,0.0,0.0,0.0,0.0,0.29825548260439066,21.094729398383482,11440.594946706466,498.5347107608487,1385.7084281408895
0.0,0.2544485003928411,0.0,0.07811164456639376,0.0,0.0,0.0,0.0,0.0,0.0,0.0,0.21246701729970605,0.0,0.3609547966846199,0.0,0.0,0.0,0.0,0.0,0.09401804105643932,0.0,0.0,0.0,0.0,0.0,0.0,0.0,0.0,0.0,0.0,113.09964455568205,5295.75947949288,551.8034231331698,2833.699823768141
0.4824949150424921,0.0,0.0,0.0,0.0,0.16383381603207323,0.0,0.0,0.0,0.0,0.0,0.0,0.0,0.0,0.0,0.0,0.0,0.0,0.0,0.0,0.0,0.35367126892543477,0.0,0.0,0.0,0.0,0.0,0.0,0.0,0.0,44.261738031873236,3670.5581386472263,310.9976315290503,1614.388152816117
0.0,0.0,0.0,0.0,0.0,0.20664049338102483,0.0,0.0,0.0,0.0,0.0,0.0,0.2743940523026268,0.0,0.0,0.0,0.318836297125484,0.0,0.0,0.0,0.0,0.0,0.0,0.0,0.0,0.0,0.0,0.0,0.0,0.20012915719086422,139.30044821479865,3542.686644369946,267.0928742575627,1627.6276478169568
0.0,0.0,0.0,0.16418680793631799,0.34569396758497883,0.0,0.06822045314746102,0.0,0.0,0.0,0.0,0.0,0.0,0.0,0.0,0.0,0.0,0.0,0.0,0.0,0.0,0.0,0.20174026787944174,0.06539628590808132,0.0,0.0,0.15476221754371908,0.0,0.0,0.0,67.21762929906455,10197.469195195845,576.2750240482309,2355.287964005041
0.0,0.0,0.0,0.23637228299756105,0.0,0.0,0.0,0.0,0.0,0.2396216676041528,0.0,0.0,0.0,0.0,0.0,0.0,0.0,0.0,0.0,0.10345022442773573,0.0,0.0,0.21578659527343266,0.0,0.0,0.0,0.0,0.20476922969711767,0.0,0.0,73.77730108749594,12103.826993825072,456.9406006279331,1612.5418089589934
0.0,0.0,0.0,0.0,0.0,0.0,0.0,0.0,0.46932933150943357,0.0,0.0,0.0,0.0,0.0,0.0,0.0,0.0,0.0,0.0,0.0,0.0,0.0,0.0,0.0,0.0,0.0,0.0,0.5306706684905663,0.0,0.0,104.83790076488022,9938.8435404489,585.7835562298804,1111.280552265181
0.3309282471773749,0.0,0.0,0.0,0.0,0.0,0.0,0.0,0.0,0.0,0.0,0.0,0.0,0.0,0.0,0.0,0.0,0.0,0.0,0.0,0.0,0.0,0.4830686021852734,0.0,0.0,0.0,0.0,0.1860031506373515,0.0,0.0,19.487839721798203,12215.163512885698,442.35754293076565,768.3242502268439
0.0,0.0,0.0,0.0,0.0,0.0,0.0,0.0,0.0,0.0,0.0,0.3735227458247481,0.0,0.0,0.0,0.0,0.0,0.08987075842756376,0.1896618685353164,0.0,0.0,0.17148865457065565,0.0,0.0,0.0,0.0,0.0,0.17545597264171608,0.0,0.0,200.55693025553458,6211.505147055107,764.3495310592023,2373.9195071383533
0.07531492956684323,0.0,0.0,0.13154917747174483,0.0,0.0,0.0,0.0,0.18539708483760167,0.0,0.0,0.0,0.0,0.0,0.0,0.0,0.0,0.0,0.0,0.0582832406064837,0.0,0.0,0.0,0.0,0.5494555675173267,0.0,0.0,0.0,0.0,0.0,210.52226354975008,5434.532334263263,268.810958582583,2567.479013754813
0.0,0.1605405372846887,0.0,0.0,0.0,0.0,0.0,0.016410516618544216,0.0,0.0,0.0,0.0,0.0,0.0,0.0,0.0,0.0,0.0,0.0,0.27167833353531123,0.0,0.19586954768809445,0.35550106487336136,0.0,0.0,0.0,0.0,0.0,0.0,0.0,20.467487565946065,11369.002040420217,410.6905400329748,1150.50978932374
0.0,0.0,0.0,0.14673477673061894,0.0,0.12598781979068,0.0,0.09444464238494014,0.0,0.0,0.0,0.0,0.0,0.0,0.0,0.0,0.0,0.0,0.0,0.318312783036768,0.0,0.0,0.0,0.0,0.0,0.0,0.0,0.3145199780569929,0.0,0.0,78.6113586380188,8744.788864751106,437.2294177660255,1437.831387199216
0.0,0.0,0.0,0.0,0.0,0.0,0.0,0.0,0.0,0.0,0.0,0.0,0.0,0.2943489062859017,0.10152395316208976,0.0,0.0,0.0,0.012831069769473586,0.5113241967244714,0.0,0.0,0.0,0.07997187405806348,0.0,0.0,0.0,0.0,0.0,0.0,21.367675510436637,4324.278171095565,391.346537905917,1958.5611781370203
0.0,0.0,0.0,0.08208946920330212,0.0,0.0,0.0,0.7674670074460697,0.0,0.0,0.0,0.0,0.0,0.0,0.0,0.0,0.0,0.0,0.0,0.15044352335062824,0.0,0.0,0.0,0.0,0.0,0.0,0.0,0.0,0.0,0.0,36.664070457033155,17009.67107666069,146.43636093459216,945.2752928906493
0.5282594332205475,0.0,0.0,0.0,0.0,0.0,0.0,0.0,0.04427738401567487,0.0,0.0,0.0,0.0,0.0,0.0,0.42746318276377765,0.0,0.0,0.0,0.0,0.0,0.0,0.0,0.0,0.0,0.0,0.0,0.0,0.0,0.0,28.03043901536992,5634.10658713454,432.4105840274059,2022.9797211877278
0.0,0.15981031190943526,0.0,0.0,0.4480963856100346,0.0,0.0,0.0,0.0,0.0,0.0,0.0,0.0,0.0,0.0,0.0,0.0,0.0,0.0,0.0,0.0,0.3110336908173163,0.08105961166321389,0.0,0.0,0.0,0.0,0.0,0.0,0.0,8.02207739479206,7189.71126606305,692.4850596521776,2319.4898632539753
0.11878571633970313,0.1654909193097054,0.0,0.0,0.0,0.0,0.0,0.0,0.45749284525438794,0.0,0.051681086780347586,0.0,0.0,0.0,0.0,0.0,0.0,0.0,0.0,0.0,0.0,0.0,0.0,0.0,0.0,0.0,0.20654943231585585,0.0,0.0,0.0,134.64555026530917,7774.448241374644,276.7042947963251,1140.2284164557916
0.0,0.0,0.0,0.14701397268834948,0.3289788400563645,0.05124975111286336,0.0,0.0,0.3711814888329024,0.0,0.0,0.0,0.0,0.0,0.0,0.0,0.0,0.0,0.0,0.0,0.0,0.0,0.0,0.0,0.01985078945477411,0.0,0.0817251578547464,0.0,0.0,0.0,144.13180147046606,7346.528444053418,457.1360643967216,2117.81970002583
0.0,0.0,0.0,0.0,0.0,0.0,0.0,0.0,0.0,0.0,0.0,0.0,0.0,0.42639268274396536,0.0,0.0,0.0,0.0,0.0,0.32489371969024977,0.0,0.0,0.0,0.04907249354893298,0.0,0.0,0.0,0.03615103254742577,0.16349007146942632,0.0,26.450936610386428,5223.024400143751,439.1443428888549,2394.3078627401123
0.0,0.0,0.1477273332255026,0.6277720266668169,0.0,0.0,0.0,0.0,0.0,0.22450064010768067,0.0,0.0,0.0,0.0,0.0,0.0,0.0,0.0,0.0,0.0,0.0,0.0,0.0,0.0,0.0,0.0,0.0,0.0,0.0,0.0,146.25469704176135,6591.376993976473,205.09183469705837,2412.500936553938
0.0,0.0,0.0,0.3287373281247555,0.0,0.0,0.0,0.6712626718752444,0.0,0.0,0.0,0.0,0.0,0.0,0.0,0.0,0.0,0.0,0.0,0.0,0.0,0.0,0.0,0.0,0.0,0.0,0.0,0.0,0.0,0.0,93.9096918471021,15016.084536698016,139.15683278014205,1465.8561322505561
0.0,0.1448484351895246,0.0,0.0932371372551572,0.0,0.0,0.0,0.301220737958449,0.0,0.0,0.169673705964704,0.0,0.0,0.0,0.0,0.0,0.0,0.0,0.0,0.0,0.2158826136442568,0.0,0.0,0.0,0.0751373699879084,0.0,0.0,0.0,0.0,0.0,172.84792483606157,12015.37544420347,383.1310441244722,1349.6067977864554
0.0,0.0,0.0,0.2674022574100306,0.0,0.0,0.0,0.12020824255185913,0.0,0.0,0.0,0.36024351576154057,0.0,0.0,0.0,0.0,0.0,0.2521459842765697,0.0,0.0,0.0,0.0,0.0,0.0,0.0,0.0,0.0,0.0,0.0,0.0,268.89534193431587,6057.189217868465,529.3554721098876,2646.493421329436
0.0,0.0545970058372328,0.0,0.35249310068820966,0.0,0.0,0.16645012106953835,0.0,0.0,0.0,0.0,0.0,0.0,0.0,0.0,0.0,0.0,0.14635674012390018,0.0,0.0,0.0,0.0,0.0,0.0,0.0,0.0,0.22260337227046637,0.0,0.0,0.05749966001065262,166.2685157482925,6886.624410067517,280.8972184226476,1919.7624137205555
0.0,0.0,0.0,0.0,0.0,0.0,0.0,0.0,0.0,0.0,0.0,0.04358203811840331,0.0,0.2430579034642844,0.2020733741224371,0.0,0.0,0.0,0.0,0.0,0.11106972756703397,0.0,0.0,0.0,0.03299421891520666,0.36722273781263454,0.0,0.0,0.0,0.0,73.61936298125164,10291.38262911241,681.5822090093188,3373.5939156571094
0.0,0.0,0.0,0.0,0.0,0.0,0.0,0.0,0.0,0.0,0.0,0.0,0.0,0.0,0.0,0.0,0.0,0.0,0.0,0.0,0.0,0.0,0.0,0.0,0.370847694044244,0.0,0.0,0.0,0.0,0.6291523059557561,84.46880831013321,4934.040416606883,278.72952077335935,1693.6607859517328
0.0,0.0,0.1898357163138909,0.0,0.0,0.0,0.0,0.0,0.0,0.0,0.39990677461995333,0.0,0.0,0.0,0.0,0.0,0.0,0.0,0.0,0.0,0.0,0.0,0.2259943882795713,0.0,0.0,0.0,0.0,0.0,0.0,0.1842631207865845,135.3013450654453,8650.639544057723,530.7373531227975,1266.9375500343049
0.0,0.0,0.0,0.0,0.0,0.0,0.0,0.0,0.0,0.0,0.0,0.0,0.5806556594338618,0.0,0.0,0.0,0.0,0.29747846911392944,0.12186587145220876,0.0,0.0,0.0,0.0,0.0,0.0,0.0,0.0,0.0,0.0,0.0,173.89646277841126,2671.792595934602,390.0977829336724,838.0333701553737
0.0,0.0,0.0,0.0,0.0,0.0,0.0,0.0,0.0,0.5677000153726661,0.0,0.0,0.0,0.0,0.0,0.0,0.0,0.0,0.0,0.0,0.0,0.0,0.0,0.0,0.0,0.0,0.0,0.0,0.43229998462733377,0.0,7.359410203429289,12091.467292784822,322.29317673239876,1096.560889178766
0.21171129360655697,0.0,0.0,0.0,0.0,0.0,0.0,0.0,0.0,0.0,0.0,0.0,0.07019070292440048,0.0,0.0,0.0,0.0,0.0,0.0,0.0,0.0,0.4189441555579234,0.0,0.29915384791111915,0.0,0.0,0.0,0.0,0.0,0.0,13.208889816881909,3770.1182881884765,464.33526658425654,2425.0899459244547
0.0,0.0,0.0,0.0,0.0,0.0,0.0,0.0,0.0,0.0,0.0,0.0,0.0,0.0,0.17133218288820018,0.0,0.1795954414106022,0.0,0.0,0.0,0.0,0.0,0.0,0.6490723757011976,0.0,0.0,0.0,0.0,0.0,0.0,28.90439010323421,4105.784928129391,546.5006714021463,3139.4627721725815
0.0,0.0,0.0,0.0,0.6749006438347576,0.0,0.0,0.0,0.0,0.17935893885369475,0.0,0.0,0.0,0.0,0.0,0.0,0.0,0.0,0.0,0.0,0.0,0.14574041731154774,0.0,0.0,0.0,0.0,0.0,0.0,0.0,0.0,5.091782297456304,6971.621024627378,715.8911112881822,2431.1425051698525
0.0,0.0,0.3026412908419367,0.0,0.08266775515155611,0.0,0.0,0.0,0.0,0.0,0.0,0.0,0.0,0.32312110926496274,0.0,0.0,0.0,0.0,0.0,0.0,0.0,0.0,0.044232488453420774,0.0,0.0,0.24733735628812373,0.0,0.0,0.0,0.0,27.15538197810452,8091.861301768121,531.8583270217551,3436.9392046995395
0.09864713659830972,0.0,0.0,0.6319297133338457,0.0,0.0,0.0,0.0,0.0,0.0,0.0,0.0,0.0,0.0,0.0,0.0,0.0,0.05841780470734337,0.0,0.0,0.0,0.033524548754806635,0.0,0.0,0.0,0.0,0.0,0.1774807966056946,0.0,0.0,193.30663157982988,5691.277898551778,330.063878588954,2161.503054926497
0.0,0.0,0.0,0.0,0.1216476124175877,0.0,0.1483258954184633,0.0,0.0,0.0,0.0,0.0,0.11348784584788563,0.0,0.0,0.0,0.0,0.0,0.0,0.10490883748224153,0.0,0.0,0.0,0.0,0.18619744436326882,0.0,0.32543236447055285,0.0,0.0,0.0,74.36710118493947,8169.500125709618,338.0723792658951,1906.1128905696814
0.0,0.0,0.4838871086819067,0.0,0.0,0.0,0.0,0.0,0.0,0.0,0.0,0.0,0.0,0.0,0.0,0.0,0.0,0.0,0.0,0.0,0.0,0.0,0.13422736087074688,0.3818855304473463,0.0,0.0,0.0,0.0,0.0,0.0,11.542204604292543,6689.719255486149,418.60630380365797,2857.0898643649175
0.0,0.0,0.0,0.0,0.0,0.0,0.0,0.0,0.0,0.0,0.0,0.0,0.022547527617766468,0.0,0.0,0.0,0.0,0.0,0.0,0.0,0.0,0.0,0.0,0.9174611150565889,0.0,0.0,0.0,0.0,0.059991357325644715,0.0,12.32740075297501,4012.80296718334,507.37515851060994,3160.8299592323
0.0,0.0,0.0,0.0,0.0,0.0,0.0,0.0,0.0,0.0,0.0,0.20061280030972942,0.5302591256154653,0.0,0.0,0.0,0.0,0.20387241757392374,0.0,0.0,0.0,0.0,0.06525565650088158,0.0,0.0,0.0,0.0,0.0,0.0,0.0,187.13059955988257,4261.8105251762645,440.62366795168225,1502.2040070785438
0.0,0.0,0.29564139404388645,0.0,0.0,0.0,0.0,0.0,0.0,0.0,0.0,0.09864139797599909,0.0,0.0,0.0,0.0,0.12138361523001646,0.0,0.0,0.0,0.0,0.40266540319500577,0.0,0.0,0.0,0.0,0.0,0.0816681895550923,0.0,0.0,57.20908157430554,4887.381184258815,553.2227362212773,2416.83426038367
0.0,0.0,0.0,0.0,0.0,0.0,0.0,0.0,0.0,0.0,0.0,0.0,0.0,0.0,0.0,0.0,0.0,0.0,0.0,0.0,0.0,0.0,0.0,0.3479231593391679,0.21683330313558302,0.0,0.0,0.0,0.0,0.435243537525249,54.407081124045696,4758.205191709591,391.1121769644324,2362.698528320415
0.0,0.0,0.0,0.0,0.0,0.0,0.0,0.0,0.0,0.0,0.0,0.0,0.0,0.0,0.0,0.0,0.0,0.0,0.0,0.0,0.0,0.0,0.0,0.3063241410141663,0.6936758589858337,0.0,0.0,0.0,0.0,0.0,152.71225452308138,4412.087698174743,380.43220944786174,3462.36256463679
0.02710047408838099,0.0,0.0,0.3200917241120953,0.0,0.0,0.0,0.0,0.0,0.0,0.44723594946595796,0.0,0.0,0.0,0.11433214309357725,0.0,0.09123970923998856,0.0,0.0,0.0,0.0,0.0,0.0,0.0,0.0,0.0,0.0,0.0,0.0,0.0,217.75991465433876,5550.803040057258,552.8826036815236,1893.1055513503168
0.0,0.5133798450098396,0.0,0.0,0.0,0.0,0.0,0.0,0.0,0.0,0.0,0.0,0.0,0.0,0.0,0.0,0.0,0.0,0.0,0.0,0.0,0.0,0.0,0.0,0.0,0.0,0.0,0.0,0.0,0.48662015499016037,12.306547676500143,6264.477465617881,354.3491930725132,657.34297000932
0.0,0.38374052097241257,0.0,0.0,0.0,0.0,0.47834646538310205,0.0,0.0,0.0,0.0,0.0,0.0,0.0,0.0,0.0,0.0,0.0,0.0,0.0,0.0,0.0,0.13791301364448535,0.0,0.0,0.0,0.0,0.0,0.0,0.0,57.187395370725284,10827.623496023356,475.57302103290533,824.9986772119208
0.0,0.0,0.183447470554877,0.0,0.0,0.0,0.816552529445123,0.0,0.0,0.0,0.0,0.0,0.0,0.0,0.0,0.0,0.0,0.0,0.0,0.0,0.0,0.0,0.0,0.0,0.0,0.0,0.0,0.0,0.0,0.0,83.26331336711786,8636.162896081787,353.0837459889475,1288.123317441089
0.12007949690056527,0.0,0.0,0.0,0.0,0.0,0.0,0.0,0.02026657333770162,0.0,0.0,0.1422736644332722,0.0,0.2457274892777651,0.0,0.07329800306891963,0.0,0.0,0.0,0.0,0.0,0.0,0.0,0.0,0.0,0.0,0.0,0.0,0.0,0.3983547729817762,79.0337120795897,5027.399788272132,448.9374738211711,2340.758162004849
0.0,0.0,0.039812829562316646,0.0,0.0,0.48088688309864347,0.0,0.0,0.2294100220089019,0.0,0.0,0.0,0.0,0.0,0.0,0.0,0.0,0.0,0.0,0.21128081270283602,0.0,0.0,0.0,0.0,0.0,0.0,0.0,0.03860945262730203,0.0,0.0,185.54567995814853,4858.872681865842,213.80692308480187,2037.1623162914636
0.0,0.0,0.0,0.0,0.0,0.20892967791422626,0.0,0.0,0.0,0.0,0.05633058355367625,0.0,0.0,0.0,0.0,0.60989437315827,0.12484536537382745,0.0,0.0,0.0,0.0,0.0,0.0,0.0,0.0,0.0,0.0,0.0,0.0,0.0,116.46054379780004,6530.438723156047,583.6242793488067,2925.4165629714503
0.0,0.0,0.0,0.0,0.6843599766888738,0.0,0.0,0.0,0.0,0.0,0.1629820502645288,0.0,0.0,0.15265797304659745,0.0,0.0,0.0,0.0,0.0,0.0,0.0,0.0,0.0,0.0,0.0,0.0,0.0,0.0,0.0,0.0,60.15815487881346,5527.607577623202,820.7434776608486,2499.6696257995995
0.0,0.3482656373749767,0.35075124890210974,0.0,0.0,0.0,0.0,0.0,0.0,0.0,0.0,0.0,0.0,0.0,0.1830364647711995,0.0,0.0,0.0,0.0,0.0,0.0,0.0,0.0,0.0,0.0,0.0,0.0,0.0,0.11794664895171408,0.0,8.380412628216433,7610.413631767197,482.1712942307909,2103.537551597238
0.0,0.0,0.23320697095299253,0.0,0.0,0.2219527659024625,0.0,0.0,0.0,0.0,0.0,0.0,0.0,0.0,0.0,0.0,0.0,0.0,0.0,0.0,0.20629606502801845,0.0,0.3385441981165265,0.0,0.0,0.0,0.0,0.0,0.0,0.0,145.30307767494025,10580.98001584388,330.91049236026623,1817.98374747297
0.0,0.0,0.0,0.0,0.0,0.0,0.0,0.44058913317809845,0.0,0.0,0.0,0.0,0.0,0.0,0.0,0.0,0.0,0.0,0.0,0.0,0.0,0.0,0.0,0.0,0.5594108668219016,0.0,0.0,0.0,0.0,0.0,139.81047216059204,11307.517315382569,215.29983670024677,2193.6726654952454
0.0,0.0,0.0,0.0,0.0,0.6538060477366477,0.0,0.0,0.0,0.0,0.0,0.0,0.0,0.34619395226335237,0.0,0.0,0.0,0.0,0.0,0.0,0.0,0.0,0.0,0.0,0.0,0.0,0.0,0.0,0.0,0.0,177.62681074712486,3591.890447224641,284.50751272745333,2999.8817059105822
0.0,0.40638603399957623,0.0,0.36021200938653203,0.0,0.0,0.0,0.0,0.0,0.0,0.0,0.0,0.0,0.0,0.0,0.0,0.0,0.0,0.0,0.0,0.0,0.0,0.0,0.0,0.0,0.0,0.0,0.1501135320084026,0.08328842460548914,0.0,,7604.647290123253,400.1249594096712,1480.4641320914259
0.0,0.14501924768356403,0.0,0.0,0.0,0.0,0.08743630177587344,0.0,0.0,0.0,0.554633134138752,0.0,0.0,0.0,0.0,0.0,0.0,0.0,0.0,0.0,0.0,0.0,0.0,0.0,0.21291131640181038,0.0,0.0,0.0,0.0,0.0,223.6366931274729,7029.554900173629,637.7800079412269,1477.087587106092
0.14322362145409478,0.0,0.0,0.0,0.0,0.0,0.0,0.0,0.0,0.0,0.0,0.0,0.0,0.0,0.21941260440174637,0.0,0.0,0.0,0.0,0.0,0.0,0.0,0.0,0.4173364067029667,0.0,0.0,0.2200273674411923,0.0,0.0,0.0,6.408034662493152,6940.587595848539,481.0566540281193,2824.555820882008
0.0,0.0,0.0,0.0,0.0,0.0,0.0,0.0,0.0,0.0,0.0,0.2296030038916861,0.0,0.0,0.0,0.0,0.0,0.0,0.032276357673020124,0.7381206384352937,0.0,0.0,0.0,0.0,0.0,0.0,0.0,0.0,0.0,0.0,76.72349040116309,3986.932688197282,359.9773885022242,1355.7844266220004
0.0,0.0,0.0,0.0,0.0,0.0,0.0,0.0,0.0,0.0,0.0,0.0,0.0,0.0,0.0,0.0,0.0,0.0,0.0,0.0,0.0,0.32313525677921645,0.0,0.0,0.40557006236433474,0.0,0.0,0.27129468085644887,0.0,0.0,91.9027519721816,7156.63434656056,538.7684830065889,2382.4927430884172
0.0,0.0,0.0,0.0,0.1644290626307856,0.0,0.32942758844708636,0.0,0.0,0.08535183264747115,0.0,0.0,0.0,0.0,0.0,0.26522569206235436,0.0,0.05173429739140905,0.10383152682089347,0.0,0.0,0.0,0.0,0.0,0.0,0.0,0.0,0.0,0.0,0.0,92.10727087448115,8985.171024155885,618.325779787446,2041.082262387662
0.0,0.09367597080938062,0.0,0.0,0.22251310719414644,0.0,0.0,0.0,0.04430521661709711,0.0,0.0,0.0,0.053026799662462626,0.0,0.26153351759742816,0.0,0.0,0.0,0.0,0.0,0.0,0.0,0.0,0.0,0.0,0.0,0.0,0.0,0.0,0.324945388119485,24.62282235084636,6555.433495666538,616.9135686700572,1778.9796370950344
0.0,0.0,0.0,0.0,0.0,0.0,0.0,0.0,0.0,0.0,0.0,0.0,0.0,0.0,0.0,0.0,0.0,0.0,0.0,0.0,0.0,0.6867398990305187,0.3132601009694815,0.0,0.0,0.0,0.0,0.0,0.0,0.0,14.807859246715811,8369.840494404676,483.79793772166704,1624.3075343224764
0.0,0.0,0.0,0.0,0.0,0.0,0.107742773660525,0.0,0.0,0.0,0.0,0.0,0.0,0.0,0.0,0.09144515442926442,0.0,0.3787372005934522,0.0,0.0,0.0,0.0,0.0,0.0,0.0,0.0,0.0,0.0,0.0,0.42207487131675836,152.88602100882983,4481.699028443062,506.1417601020787,1048.7760953844252
0.0,0.0,0.0,0.0,0.0,0.0,0.1663141380193706,0.0,0.0,0.0,0.0,0.0,0.0,0.0,0.0,0.0,0.0,0.18554644246237925,0.6481394195182503,0.0,0.0,0.0,0.0,0.0,0.0,0.0,0.0,0.0,0.0,0.0,214.3409373029683,5209.600615435479,480.5624640304799,671.8381350017473
0.0,0.0,0.0,0.0,0.0,0.0,0.0,0.0932362000597089,0.0,0.0,0.2573846299896199,0.0,0.0,0.0,0.1471248790609224,0.33072718014318175,0.0,0.0,0.0,0.0,0.0,0.0,0.0,0.0,0.0,0.0,0.0,0.0,0.17152711074656699,0.0,99.82080798782168,9426.111693424038,711.2908346222307,2345.5108591316257
0.0,0.0,0.0,0.0,0.0,0.1873962268169264,0.0,0.0,0.0,0.0,0.1449335333356066,0.0,0.0,0.0,0.0,0.0,0.14234704707545034,0.0,0.04687087922997205,0.0,0.0,0.0,0.0,0.15995746437222033,0.0,0.0,0.0,0.0,0.0,0.31849484916982435,134.10599683342306,4790.815444228125,383.49434840226724,1963.34706573873
0.0613730509228844,0.0,0.312985192414116,0.0,0.09674027468505259,0.0,0.0,0.0,0.0,0.0,0.0,0.08077960606007852,0.0,0.0,0.0,0.0,0.0,0.0,0.0,0.20413933572325227,0.0,0.0,0.0,0.0,0.0,0.24398254019461618,0.0,0.0,0.0,0.0,30.919496250306967,8520.679325191495,501.99319332135303,3094.38309419839
0.0,0.0,0.0,0.0,0.0,0.0,0.0,0.0,0.395174628183663,0.0,0.0,0.0,0.0,0.0,0.0,0.0,0.0,0.0,0.0,0.24099718307080373,0.0,0.0,0.0,0.0,0.12551756851324888,0.0,0.0,0.23831062023228447,0.0,0.0,122.78686891761977,7227.396559237565,406.3224455484929,1400.601237608235
0.0,0.21726007219825666,0.0,0.0,0.0,0.0,0.0,0.0,0.0,0.0,0.11370887561439057,0.0,0.0,0.07748556162699055,0.0,0.0,0.0,0.0,0.07565958830205104,0.0,0.5158859022583112,0.0,0.0,0.0,0.0,0.0,0.0,0.0,0.0,0.0,222.20974928039493,6405.469068653239,447.0481884434342,1066.7096094390392
0.0,0.0,0.0,0.0,0.0,0.0,0.0,0.014441530870238656,0.0,0.0,0.3051759851783796,0.2343711374617228,0.0,0.0,0.0,0.0,0.0,0.0,0.0,0.0,0.0,0.0,0.2494450267603692,0.0,0.0,0.0,0.1724850644517443,0.02408125527754547,0.0,0.0,179.8774301811137,11198.302286618662,617.4682869837472,1860.338793503267
0.0,0.7830335658672185,0.0,0.0,0.21696643413278155,0.0,0.0,0.0,0.0,0.0,0.0,0.0,0.0,0.0,0.0,0.0,0.0,0.0,0.0,0.0,0.0,0.0,0.0,0.0,0.0,0.0,0.0,0.0,0.0,0.0,8.490734943801229,7540.034740352898,500.1664178915497,1002.6620229614724
0.0,0.3882062209254766,0.2286157212372156,0.0,0.0,0.0,0.3390264174730254,0.0,0.0,0.0,0.0,0.0,0.0,0.0,0.04415164036428241,0.0,0.0,0.0,0.0,0.0,0.0,0.0,0.0,0.0,0.0,0.0,0.0,0.0,0.0,0.0,44.092522666244065,9135.051898319478,410.4096757504297,1485.293588007623
0.0,0.0,0.0,0.0,0.0,0.0,0.0,0.0,0.0,0.0,0.0,0.0,0.0,0.0,0.0,0.0,0.0,0.0,0.0,0.0,0.0,0.0,0.0,0.0,0.23305257592438744,0.0,0.7669474240756127,0.0,0.0,0.0,49.77223722952099,9667.366479439033,194.83579457813917,1954.2669549140535
0.0,0.0,0.0,0.0,0.0,0.0,0.08665102228618754,0.0,0.0,0.0,0.0,0.0,0.0,0.0,0.0,0.0,0.0,0.0,0.0,0.0,0.34447284140312273,0.0,0.0,0.0,0.0,0.0,0.0,0.11762568361454495,0.0,0.4512504526961447,119.19984429069082,6843.334391334414,408.97166043156705,868.1275097100231
0.0,0.0,0.0,0.0,0.0,0.0,0.0,0.0,0.0,0.0,0.0,0.0,0.0,0.0,0.0,0.0,0.0,0.0,0.0,0.11561937167391442,0.0,0.0,0.0,0.3183019640660699,0.13163876029423116,0.0,0.10621110939370405,0.0,0.0,0.3282287945720805,38.9145367065864,5374.95265149367,363.84991247972846,2403.9706784573564
0.0,0.0,0.0,0.0,0.0,0.0,0.0,0.0,0.0,0.0,0.0,0.0,0.0,0.0,0.0,0.0,0.0,0.760731830983109,0.0,0.0,0.0,0.0,0.0,0.0,0.0,0.0,0.0,0.2392681690168908,0.0,0.0,254.37150083126815,4194.302504420273,671.9695001173493,763.5566137235517
0.0,0.0,0.0,0.0,0.0,0.6569126805907909,0.0,0.0,0.0,0.0,0.0,0.34308731940920906,0.0,0.0,0.0,0.0,0.0,0.0,0.0,0.0,0.0,0.0,0.0,0.0,0.0,0.0,0.0,0.0,0.0,0.0,264.7576169527369,4084.2792772691228,388.3000354293329,3251.3964239862103
0.0,0.0,0.0,0.0,0.0,0.07782022908813209,0.0,0.0,0.0,0.0,0.0,0.0,0.0,0.0,0.0,0.0,0.0,0.0,0.0,0.922179770911868,0.0,0.0,0.0,0.0,0.0,0.0,0.0,0.0,0.0,0.0,21.288703861040418,3597.172222967396,165.89426176886582,877.9020848560322
0.0,0.0,0.16733640823006576,0.185639671386117,0.0,0.0,0.0,0.0,0.0,0.0,0.0,0.0,0.0,0.0,0.21878946615227227,0.15738389631635208,0.0,0.0,0.0,0.0,0.0,0.0,0.0,0.0,0.0,0.2708505579151929,0.0,0.0,0.0,0.0,58.897503302132584,9021.323019707303,609.5089581071818,3633.6547906358296
0.0,0.0,0.0,0.0,0.0,0.1646391457566576,0.0,0.0,0.0,0.0,0.0,0.0,0.036990162578508415,0.0,0.0,0.0,0.16656323740361462,0.0,0.0,0.0,0.0,0.0,0.0,0.45143772666710147,0.0,0.0,0.0,0.0,0.0,0.18036972759411787,82.40625137321952,3982.723455105637,431.68545136744945,2727.1288597690154
0.0,0.0,0.0,0.0,0.0,0.0,0.0,0.0,0.0,0.0,0.0,0.0,0.0,0.0,0.0,0.19541873733533738,0.0,0.0,0.0,0.0,0.8045812626646627,0.0,0.0,0.0,0.0,0.0,0.0,0.0,0.0,0.0,242.83362332169298,5529.767607028696,387.45335750431565,1263.2416630559924
0.33155039278532245,0.0,0.24930896797361485,0.0,0.0,0.0,0.0,0.0,0.26239385853190594,0.0,0.0,0.0,0.0,0.11906791962179042,0.0,0.0,0.011883349602393189,0.0,0.0,0.0,0.0,0.0,0.0,0.0,0.0,0.0,0.0,0.025795511484973256,0.0,0.0,75.91093531580735,5989.856317501776,293.8418747085917,1876.6171802035344
0.0,0.0,0.0,0.3879705093244658,0.0,0.0,0.0,0.0,0.0,0.0,0.0,0.0,0.40785786132529694,0.0,0.06596877890895542,0.0,0.0,0.0,0.0,0.0,0.0,0.0,0.0,0.0,0.0,0.13820285044128197,0.0,0.0,0.0,0.0,142.1886558265299,5317.046142492314,313.7263452084212,2157.3876366737163
0.0,0.19110340285635202,0.0,0.0,0.0,0.0,0.0,0.0,0.0,0.0,0.22098305055046039,0.0,0.0,0.0,0.0,0.0,0.0,0.0,0.0,0.19949891040816883,0.0,0.0,0.0,0.0,0.0,0.17774029809689473,0.0,0.0,0.0,0.21067433808812402,76.41615919630678,7897.715371065688,554.3593425256091,1405.741137256474
0.0,0.0,0.0,0.0,0.0,0.788232377527175,0.0,0.0,0.0,0.0,0.0,0.0,0.0,0.0,0.0,0.21176762247282496,0.0,0.0,0.0,0.0,0.0,0.0,0.0,0.0,0.0,0.0,0.0,0.0,0.0,0.0,192.59883964966315,4361.819100584108,289.9530707661325,2897.7615203863993
0.0,0.0,0.0,0.0,0.0,0.0,0.0,0.0,0.0,0.7819534996849725,0.0,0.0,0.0,0.0,0.2180465003150275,0.0,0.0,0.0,0.0,0.0,0.0,0.0,0.0,0.0,0.0,0.0,0.0,0.0,0.0,0.0,2.667510841037352,12931.94713726891,413.44412419831565,1215.9108811658564
0.0,0.0,0.0,0.0,0.0,0.0,0.0,0.0,0.0,0.0,0.17503790587613857,0.0,0.0,0.0,0.0,0.0,0.09346524319025752,0.0,0.0,0.0,0.06523486045337461,0.6662619904802294,0.0,0.0,0.0,0.0,0.0,0.0,0.0,0.0,86.35270217360613,4148.189472163983,543.3696413106314,1760.8335105727915
0.0,0.22899739242444464,0.0,0.0,0.0,0.0,0.0,0.0,0.0,0.0,0.0,0.0,0.0,0.0,0.0,0.0,0.3799168888245991,0.0,0.0,0.0,0.0,0.0,0.0,0.0,0.30598681542237594,0.0,0.0,0.0,0.0,0.08509890332858039,135.8108933589046,5156.143876238066,366.03786857086004,1715.5988679379298
0.0,0.0,0.0,0.0,0.0,0.0,0.0,0.0,0.0,0.0,0.0,0.0,0.0,0.0,0.0,0.2558762555897341,0.0,0.0,0.540805438132305,0.0,0.0,0.0,0.20331830627796105,0.0,0.0,0.0,0.0,0.0,0.0,0.0,129.797835785539,8644.93319972487,534.881805848035,1491.33190266787
0.0,0.0,0.0,0.18439513013548228,0.0,0.0,0.0,0.0,0.0,0.0,0.0,0.0,0.0,0.15784724240342787,0.0,0.0,0.0,0.0,0.2518088455675974,0.0,0.0,0.2890593351334099,0.11688944676008245,0.0,0.0,0.0,0.0,0.0,0.0,0.0,126.71221594641666,6159.225091454351,469.3741324122276,2154.332071369083
0.0,0.0,0.0,0.0,0.0,0.0,0.0,0.0,0.0,0.0,0.0,0.0,0.0,0.0,0.0,0.4717649880243928,0.0,0.5282350119756072,0.0,0.0,0.0,0.0,0.0,0.0,0.0,0.0,0.0,0.0,0.0,0.0,214.6333478739407,4566.067977736635,672.2243502548166,2026.573897614055
0.0,0.0,0.11061062220987458,0.0,0.0,0.0,0.0,0.0,0.17491518846665166,0.0,0.0,0.1035221278323836,0.0,0.0,0.0,0.0,0.0,0.0,0.0,0.0,0.0,0.0,0.0,0.0,0.0,0.42111085104378215,0.0,0.0,0.0,0.1898412104473081,78.68263742177437,11599.686197448023,588.5505458708221,2808.3645245793314
0.0,0.0,0.0,0.0,0.0,0.0,0.0,0.0,0.31491885781537804,0.0,0.0,0.0,0.0,0.0,0.07327467418938957,0.0,0.0,0.0,0.0,0.1607279182799253,0.0,0.0,0.046011728098353216,0.03828657315981605,0.3667802484571378,0.0,0.0,0.0,0.0,0.0,159.33549549463856,7141.717241916134,359.3647690568628,2168.6191813649575
0.0,0.0,0.0,0.285582843921374,0.0,0.0,0.0,0.0,0.23573049979024835,0.11653853430691073,0.0,0.0,0.0,0.0,0.0,0.0,0.0,0.0,0.0,0.0,0.0,0.19801543172889055,0.0,0.02036416877317325,0.0,0.0,0.0,0.0,0.0,0.14376852147940317,148.5477177579545,6194.193729078333,323.0283281270407,1898.2748839360886
0.0,0.0,0.0,0.3411417509217376,0.0,0.0,0.0,0.0,0.0,0.0,0.0,0.0,0.0,0.0,0.0,0.3258882868607292,0.0,0.0,0.0,0.0,0.0,0.0,0.0,0.0,0.0,0.0,0.0,0.0,0.0,0.0,147.82407498181007,6038.875175077283,446.4660451182839,3295.699341474423
0.6085739649874948,0.1283307185799266,0.0,0.0,0.0,0.0,0.0,0.0,0.0,0.0,0.0,0.0,0.0,0.0,0.0,0.0,0.2630953164325786,0.0,0.0,0.0,0.0,0.0,0.0,0.0,0.0,0.0,0.0,0.0,0.0,0.0,40.51953873748798,4300.436349038358,250.39222273157233,803.7638418924474
0.06937774324497718,0.0,0.0,0.46142985631069844,0.0,0.0,0.0,0.0,0.0,0.0,0.0,0.0,0.0,0.3035628581456708,0.0,0.0,0.0,0.0,0.1656295422986537,0.0,0.0,0.0,0.0,0.0,0.0,0.0,0.0,0.0,0.0,0.0,166.80999617856043,4049.482450563646,306.6491642087825,2538.7490541313973
0.24656746154701278,0.0,0.0,0.0,0.0,0.139697079059921,0.0,0.0,0.0,0.0,0.0,0.0,0.0,0.0,0.0,0.0,0.0,0.0,0.0,0.35319118864785276,0.0,0.0,0.0,0.0,0.0,0.26054427074521336,0.0,0.0,0.0,0.0,43.48759191360305,7201.267286090086,336.03843142805647,2041.1015328004332
0.0,0.205653855452662,0.0,0.0,0.14544653955740602,0.0,0.0,0.0,0.0,0.0,0.0,0.10744180347456879,0.0,0.0,0.0,0.0,0.0,0.0,0.0,0.0,0.3041127258186034,0.0,0.0,0.20269144646824144,0.0,0.0,0.0,0.0,0.03465362922851829,0.0,149.1143328260794,6812.165067687651,545.6363521150643,2189.0959874317077
0.0,0.0,0.0,0.0,0.7666135410020378,0.0,0.0,0.0,0.0,0.0,0.0,0.0,0.0,0.0,0.0,0.0,0.0,0.0,0.0,0.0,0.0,0.0,0.0,0.0,0.0,0.0,0.0,0.0,0.0,0.2333864589979622,5.1501426493425795,5422.175029068475,722.6093694325373,2292.0564355877355
0.0,0.1146929732319142,0.0,0.0,0.0,0.428817783638063,0.0,0.0,0.019974989107372883,0.0,0.13275310682007216,0.0,0.0,0.0,0.3037611472025778,0.0,0.0,0.0,0.0,0.0,0.0,0.0,0.0,0.0,0.0,0.0,0.0,0.0,0.0,0.0,162.93476997535834,6442.860358514411,577.480196614812,2324.690779021174
0.18982330232778014,0.0,0.0,0.0,0.0,0.0,0.0,0.0,0.0,0.2779495586146719,0.0,0.0,0.0,0.0,0.0978150246065341,0.0,0.08210347654568736,0.0,0.0,0.0,0.0,0.0,0.0,0.0,0.0,0.21642607583932186,0.0,0.1358825620660045,0.0,0.0,16.080622915512496,12283.549065387295,565.1303796017683,1812.9475807895226
0.0,0.0,0.0,0.0,0.0,0.0,0.17771710154044448,0.0,0.0,0.0,0.0,0.0,0.0,0.0,0.0,0.0,0.0,0.0,0.0,0.0,0.19096153083347575,0.0,0.6313213676260798,0.0,0.0,0.0,0.0,0.0,0.0,0.0,98.10449230340012,15552.940104323898,407.72720922809333,1415.5377730406974
0.0,0.0,0.0,0.0,0.0,0.0,0.0,0.0,0.0,0.0,0.12002998455577114,0.0,0.0,0.0,0.17480624162225952,0.0,0.0,0.0,0.0,0.22416659564511657,0.0,0.0,0.0,0.0,0.0,0.09504018807649847,0.3424941209697768,0.0,0.0434628691305774,0.0,41.42802823868996,9451.409692860283,445.4766543957475,1849.0123864634552
0.0,0.2614553597302288,0.0,0.0,0.0,0.0,0.0,0.3620287972754812,0.37651584299429003,0.0,0.0,0.0,0.0,0.0,0.0,0.0,0.0,0.0,0.0,0.0,0.0,0.0,0.0,0.0,0.0,0.0,0.0,0.0,0.0,0.0,102.5851862783297,13094.790872381762,262.47981385578487,840.815976569647
0.0,0.0,0.11869192346343538,0.0,0.0,0.0,0.0,0.2293764576080497,0.0,0.051112669170689594,0.0,0.20832729722789314,0.0,0.0,0.0,0.0,0.0,0.0,0.0,0.0,0.1633081461275109,0.0,0.2291835064024213,0.0,0.0,0.0,0.0,0.0,0.0,0.0,134.4143522092199,14125.911811092485,443.58963767774924,1954.9573588567491
0.0,0.0,0.0,0.0,0.0,0.0,0.47779615352378213,0.0,0.0,0.0,0.22695989277244016,0.0,0.0,0.0,0.0,0.0,0.0,0.0,0.0,0.0,0.0,0.0,0.29524395370377765,0.0,0.0,0.0,0.0,0.0,0.0,0.0,132.9113024967863,12061.552089765728,491.7109585973971,945.856752594542
0.0,0.0,0.0,0.0,0.0,0.0,0.0,0.0,0.0,0.0,0.0,0.0,0.0,0.0,0.7436735272154463,0.0,0.0,0.0,0.0,0.0,0.2563264727845536,0.0,0.0,0.0,0.0,0.0,0.0,0.0,0.0,0.0,83.26039301193876,7379.091262879716,686.9136437518314,1897.8158066893209
0.0,0.0,0.0,0.0,0.0,0.0,0.0,0.26716416147948535,0.0,0.0,0.0,0.0,0.0,0.0,0.0,0.0,0.0,0.0,0.0,0.0,0.0,0.0,0.7328358385205147,0.0,0.0,0.0,0.0,0.0,0.0,0.0,32.368433634664875,18127.447997273404,361.7302412744844,742.3670676454055
0.0,0.0,0.0,0.0,0.0,0.0,0.0,0.0,0.0,0.0,0.0,0.09316010648256158,0.09462832442139536,0.0,0.0,0.0,0.0,0.0,0.0,0.0,0.0,0.26766822195012857,0.0,0.0,0.0,0.0,0.0,0.5445433471459145,0.0,0.0,37.767934105747145,8555.920837819924,775.4067221708135,1720.0411870619828
0.0,0.0,0.0,0.0,0.10068375671939284,0.0,0.0,0.0,0.0,0.0,0.0,0.0,0.0,0.07921569097696068,0.0,0.0,0.0,0.0,0.0,0.19696624531513454,0.0,0.22943564689423684,0.0,0.1813060443752589,0.0,0.0,0.0,0.21239261571901616,0.0,0.0,7.684217219286469,6336.060453731938,621.4641531061224,2232.796513316449
0.0,0.0,0.0,0.0,0.02410057256993074,0.2796874085902346,0.0,0.0,0.0,0.0,0.025230683542726992,0.0,0.0,0.024885176583019596,0.0,0.0,0.0,0.0,0.0,0.0,0.44009943014159103,0.0,0.0,0.0,0.0,0.0,0.20599672857249715,0.0,0.0,0.0,238.76088955024449,6609.714512166262,283.99834394398925,1795.939085953097
0.0,0.0,0.11579025277467814,0.0,0.0,0.0,0.0,0.0,0.0,0.0,0.0,0.0,0.26940479381038795,0.0,0.0,0.0,0.0,0.0,0.0,0.0,0.0,0.041294843336173157,0.21414974962185376,0.0,0.0,0.0,0.0,0.0,0.359360360456907,0.0,43.8402260294979,9249.957293581405,350.248997254333,1470.646879794229
0.26180070468754474,0.0,0.0,0.0,0.0,0.3019639140937359,0.0,0.0,0.0,0.0,0.0,0.0,0.0,0.0,0.0,0.28940758799375227,0.0,0.0,0.0,0.0,0.0,0.0,0.0,0.0,0.0,0.0,0.0,0.009480364262910122,0.13734742896205693,0.0,97.85171995065983,6308.8987443543,394.43156146384075,2437.2947661440603
0.0,0.0,0.0,0.0,0.0,0.0,0.0,0.0,0.7861588851381136,0.0,0.0,0.0,0.0,0.0,0.0,0.0,0.21384111486188645,0.0,0.0,0.0,0.0,0.0,0.0,0.0,0.0,0.0,0.0,0.0,0.0,0.0,200.18996443798434,6087.902553548541,245.47893894713275,1108.4814278782924
0.0,0.34437437945190025,0.0,0.0,0.0,0.0,0.0,0.2542748141527613,0.0,0.0,0.0,0.0,0.0,0.0,0.0,0.0,0.0,0.17919453483497838,0.0,0.0,0.0,0.0,0.22215627156036005,0.0,0.0,0.0,0.0,0.0,0.0,0.0,83.01704595190532,12915.355435703274,423.2078220640658,719.2381342778073
0.28693628745263366,0.0,0.0,0.0,0.0,0.0,0.0,0.0,0.44922590284737235,0.0,0.0,0.0,0.0,0.0,0.0,0.0,0.0,0.0,0.0,0.0,0.0,0.0,0.0,0.0,0.0,0.0,0.26383780969999404,0.0,0.0,0.0,105.44917086347014,7320.149811146837,199.0423634068659,1142.5930907760444
0.0,0.0,0.0,0.0,0.0,0.0,0.0,0.0,0.0,0.0,0.0,0.0,0.0,0.0,0.0,0.2109504976497632,0.0,0.0,0.09722409997219941,0.41034645141040993,0.0,0.0,0.0,0.0,0.0,0.0,0.28147895096762743,0.0,0.0,0.0,28.685865263999727,7264.5371536109615,342.2290246254962,1780.5971306010385
0.0,0.0,0.0,0.0,0.2395669353432418,0.0,0.0,0.0,0.0,0.0,0.0,0.0,0.0,0.40565131996119375,0.0,0.0,0.0,0.0,0.0,0.0,0.0,0.0,0.35478174469556445,0.0,0.0,0.0,0.0,0.0,0.0,0.0,38.401752974154455,10087.811619689615,595.5070620835884,2486.5983729142504
0.0,0.0,0.0,0.0,0.0,0.0,0.0,0.0,0.0,0.0,0.0,0.07327929608428527,0.0,0.0,0.0,0.0,0.0,0.2850762786189552,0.0,0.08058334461150557,0.0,0.11094530653220265,0.18632015916427438,0.263795614988777,0.0,0.0,0.0,0.0,0.0,0.0,151.2560920037275,6889.230876958514,613.2228981624613,1896.0192725345578
0.789787743048803,0.0,0.0,0.0,0.0,0.0,0.0,0.0,0.0,0.0,0.0,0.0,0.0,0.0,0.0,0.0,0.0,0.0,0.0,0.0,0.0,0.0,0.0,0.0,0.0,0.0,0.0,0.21021225695119697,0.0,0.0,5.794327117900235,5402.765004676148,331.87592419766077,678.2966963291367
0.0,0.0,0.0,0.0,0.0,0.0,0.0,0.0,0.0,0.0,0.0,0.0,0.0,0.0,0.0,0.2661996487678924,0.0,0.0,0.0,0.0,0.0,0.0,0.0,0.0,0.2362874198594957,0.49751293137261177,0.0,0.0,0.0,0.0,72.59720720411782,11311.478569638442,622.0559463997313,3634.6022252041544
0.21699247577959563,0.0,0.0,0.0,0.0,0.0,0.0,0.0,0.0,0.0,0.0,0.11231235758714134,0.0,0.0,0.0,0.11697767185586078,0.0,0.0,0.0,0.0,0.0,0.35746204919491437,0.0,0.0,0.0,0.0,0.06014569223646371,0.13610975334602418,0.0,0.0,44.66790748993955,7029.3240219154995,616.8054849996917,2219.765460871749
0.0,0.0,0.0,0.0,0.0,0.0,0.0,0.6753422080468316,0.0,0.0,0.0,0.0,0.0,0.0,0.0,0.0,0.0,0.0,0.0,0.0,0.0,0.0,0.32465779195316846,0.0,0.0,0.0,0.0,0.0,0.0,0.0,20.433479696887105,18911.609258788107,210.22386764020246,789.4770484743535
0.0,0.0,0.0,0.0,0.04240033583104601,0.0,0.0,0.0,0.0,0.0,0.0,0.13266247156664868,0.0,0.0,0.0,0.2512034037543005,0.25409850261880135,0.0,0.0,0.31963528622920345,0.0,0.0,0.0,0.0,0.0,0.0,0.0,0.0,0.0,0.0,94.17988451676581,5434.0105808237695,560.8684412189565,2351.2371765085345
0.0,0.0,0.1960123001028258,0.0,0.0,0.0,0.07951515189374246,0.0,0.0,0.0,0.0,0.0,0.0,0.0,0.0,0.0,0.0,0.0,0.0,0.0,0.22143240721209492,0.0,0.0,0.0,0.10139498865746223,0.0,0.12892265816117235,0.0,0.0,0.2727224939727022,105.88471927910693,6447.6964204738515,307.96484662917163,1664.6775168226554
0.0,0.0,0.0,0.0,0.0,0.0,0.0,0.30316397343072005,0.0,0.0,0.0,0.0,0.0,0.44312097136464207,0.25371505520463783,0.0,0.0,0.0,0.0,0.0,0.0,0.0,0.0,0.0,0.0,0.0,0.0,0.0,0.0,0.0,29.419247738573592,9991.734686142443,488.9410145394892,2395.0743135004013
0.0,0.0,0.0,0.0,0.0,0.0,0.0,0.0,0.0,0.0,0.0,0.0,0.0,0.0,0.0,0.0,0.0,0.12654287582602577,0.0,0.43046356777927935,0.0,0.0,0.0,0.0,0.0,0.0,0.0,0.40006105120970464,0.04293250518499032,0.0,48.433494650922924,7178.860120156707,558.640502480624,942.8397107622625
0.0,0.0,0.0,0.0,0.0,0.0,0.0,0.01701759996170614,0.0,0.1406383358782899,0.03406537640765387,0.0,0.0,0.0,0.0,0.0,0.3582766298723529,0.0,0.0,0.0,0.22431896003562785,0.2256830978443692,0.0,0.0,0.0,0.0,0.0,0.0,0.0,0.0,136.49045734734318,6799.796065666875,395.73437600334955,1306.54355778671
0.0,0.0,0.0,0.0,0.0,0.27049443970458903,0.0,0.0,0.0,0.0,0.0,0.0,0.0,0.0,0.0,0.14195735196920872,0.0,0.15474673451075027,0.0,0.0,0.0,0.0,0.0,0.0,0.0,0.0,0.0,0.0,0.4328014738154519,0.0,131.26473033674773,6731.567580102621,417.9187791225172,3313.509734696252
0.0,0.0,0.0,0.133654559174593,0.0,0.0,0.17748653658050295,0.0,0.0,0.0,0.0,0.0,0.0,0.0,0.24466167064456354,0.0,0.0,0.0,0.0,0.0,0.0,0.2628402931434251,0.0,0.0,0.0,0.0,0.0,0.0,0.10603591960597557,0.0753210208509398,58.585955635514495,7748.895348095789,528.6336675562741,2255.7494597618056
0.0,0.0,0.0,0.0,0.0,0.0,0.0,0.0,0.0,0.0,0.0,0.12412302739437361,0.20824266348843193,0.0,0.0,0.0,0.0,0.10255510242562538,0.0,0.0,0.0,0.25223230757589926,0.0,0.0,0.0,0.0,0.0,0.03230662104863868,0.0,0.2805402780670312,92.08009561589373,4052.019755527723,489.9937356168436,1759.1159463362935
0.0,0.0,0.0,0.0,0.6766881086007209,0.0,0.0,0.0,0.0,0.0,0.0,0.0,0.0,0.0,0.0,0.0,0.0,0.0,0.0,0.0,0.32331189139927907,0.0,0.0,0.0,0.0,0.0,0.0,0.0,0.0,0.0,109.99676163098604,5720.322452860926,689.6959577788076,2007.2298897487842
0.18887592342790552,0.0,0.0,0.1193958045829127,0.0,0.0,0.0,0.0,0.1670802532685244,0.0,0.05018122987654564,0.47446678884411186,0.0,0.0,0.0,0.0,0.0,0.0,0.0,0.0,0.0,0.0,0.0,0.0,0.0,0.0,0.0,0.0,0.0,0.0,243.90247712101572,5348.185255146849,552.6526467722107,2801.3533858479286
0.0,0.0,0.0,0.0,0.0,0.0,0.0,0.0,0.0,0.0,0.0,0.20073561928744363,0.0,0.0,0.17591046647387518,0.0,0.0,0.0,0.0,0.18079511188099853,0.0,0.0,0.0,0.0499197028691455,0.0,0.0,0.0,0.0,0.3926390994885372,0.0,64.64274314585275,7216.1994181018545,537.1362832708882,2297.107272367216
0.0,0.0,0.0,0.0,0.0,0.0,0.1570088344284813,0.3288111939721434,0.2859185343937061,0.0,0.0,0.0,0.0,0.0855348006287542,0.0,0.0,0.0,0.0,0.0,0.0,0.14272663657691503,0.0,0.0,0.0,0.0,0.0,0.0,0.0,0.0,0.0,147.5364490459693,12110.532753247357,275.90098215789976,1133.9753701793707
0.0,0.0,0.4281448064223603,0.0,0.0,0.0,0.0,0.0,0.0,0.0,0.0,0.0,0.0,0.0,0.0,0.0,0.0,0.0,0.0,0.0,0.0,0.14288865925220792,0.0,0.0,0.17324682339212466,0.0,0.10270016548172904,0.0,0.1530195454515782,0.0,45.26253420046122,6628.52301878406,348.2717002784903,2735.023299657316
0.0,0.0,0.0,0.0,0.0,0.12989387212626505,0.0,0.0,0.0,0.0,0.0,0.0,0.0,0.0,0.15612910950770686,0.1674548899662699,0.0,0.0,0.0,0.0,0.5465221283997582,0.0,0.0,0.0,0.0,0.0,0.0,0.0,0.0,0.0,209.7018439767968,6423.367909388494,455.13325780002316,2030.456701266579
0.0,0.10285994233117893,0.0,0.0,0.0,0.0,0.0,0.897140057668821,0.0,0.0,0.0,0.0,0.0,0.0,0.0,0.0,0.0,0.0,0.0,0.0,0.0,0.0,0.0,0.0,0.0,0.0,0.0,0.0,0.0,0.0,17.355663315508835,18034.399143242343,161.29826516867894,707.7563064825807
0.0,0.0,0.0,0.0,0.2978340284580771,0.33974846589006946,0.0,0.0,0.0,0.3624175056518532,0.0,0.0,0.0,0.0,0.0,0.0,0.0,0.0,0.0,0.0,0.0,0.0,0.0,0.0,0.0,0.0,0.0,0.0,0.0,0.0,77.5488496655486,8277.284081456028,443.99828228855546,2283.7711098764016
0.0,0.2184129861953152,0.0,0.0,0.0,0.0,0.0,0.0,0.0,0.0,0.0,0.0,0.0,0.0,0.0,0.0,0.0,0.0,0.0,0.0,0.0,0.0,0.0,0.7815870138046848,0.0,0.0,0.0,0.0,0.0,0.0,2.7627465518273695,4252.687094267549,487.28440458788543,2897.836549325815
0.0,0.1056774503351092,0.0,0.0,0.0,0.25248978472015104,0.0,0.0,0.0,0.05396270114685532,0.0,0.0,0.0,0.0,0.02240673304045982,0.0,0.0,0.1565411371455734,0.40892219361185134,0.0,0.0,0.0,0.0,0.0,0.0,0.0,0.0,0.0,0.0,0.0,199.81826854108746,5435.904686440508,446.6460552350021,1379.214921424618
0.0,0.0,0.0,0.0,0.0,0.0,0.31809440648249965,0.0,0.0,0.0,0.0,0.0,0.0,0.0,0.0,0.0,0.0,0.0,0.353383387512104,0.0,0.3285222060053963,0.0,0.0,0.0,0.0,0.0,0.0,0.0,0.0,0.0,206.8725952295358,6761.6741096208725,409.4302009869642,838.2323249297821
0.0,0.0,0.0,0.05750169530165048,0.0,0.0,0.0,0.14743602940121056,0.0,0.30911399543832696,0.0,0.0,0.0,0.0,0.0,0.0,0.0,0.0,0.3977890171978089,0.0,0.0,0.0,0.0,0.08815926266100323,0.0,0.0,0.0,0.0,0.0,0.0,109.38197412235714,11294.495159673434,381.96936579055625,1230.7024911769797
0.0,0.0,0.0,0.0,0.0,0.0,0.0,0.016582868338871435,0.0,0.0,0.0,0.08352005679138827,0.0,0.0,0.19118333278227512,0.0,0.0,0.0,0.0,0.2307120337999361,0.0,0.27741720182038115,0.0,0.0,0.0,0.0,0.0,0.0,0.0,0.20058450646714776,36.864251830308504,5245.207958012237,480.801905702646,1969.6537059136408
0.0,0.0,0.0,0.0,0.13951899614130514,0.0,0.20789607344743438,0.0,0.0,0.0,0.0,0.0,0.0,0.0,0.0,0.0,0.0,0.0,0.0,0.41293462048066504,0.0,0.0,0.0,0.0,0.0,0.23965030993059544,0.0,0.0,0.0,0.0,21.36644538246577,8282.468284718585,451.85239617853864,1906.5848067868733
0.0,0.0,0.0,0.0,0.0,0.0,0.0,0.0,0.0,0.0,0.0,0.0,0.41981120040999315,0.11954301468653537,0.0,0.0,0.0,0.0,0.0,0.46064578490347147,0.0,0.0,0.0,0.0,0.0,0.0,0.0,0.0,0.0,0.0,53.55650874495261,3498.873928184769,251.87848219925118,1176.013891300022
0.0,0.0,0.0,0.5277125073307648,0.0,0.0,0.0,0.0,0.0,0.0,0.0,0.0,0.0,0.0,0.0,0.0,0.0,0.3564314124139983,0.0,0.0,0.0,0.0,0.11585608025523707,0.0,0.0,0.0,0.0,0.0,0.0,0.0,245.78197894840267,4844.337941623044,301.55600050195034,1889.8028468160087
0.0,0.0,0.0,0.0,0.0,0.0,0.0,0.0,0.0,0.0,0.0,0.0,0.0,0.0,0.13910674634074383,0.0,0.21532409756008214,0.0,0.0,0.0,0.06449005120945434,0.19299820725003908,0.0,0.0,0.0,0.0,0.0,0.0,0.23078984394201973,0.15729105369766092,64.38920910307617,6203.116741857649,463.5243619324591,1676.950908436065
0.0,0.0,0.0,0.0,0.0,0.0,0.768537733449438,0.0,0.0,0.2314622665505619,0.0,0.0,0.0,0.0,0.0,0.0,0.0,0.0,0.0,0.0,0.0,0.0,0.0,0.0,0.0,0.0,0.0,0.0,0.0,0.0,76.10555678505146,10458.833697375087,339.1235002113129,1463.5793983823332
0.0,0.15773274028448772,0.0,0.0,0.0,0.0,0.0,0.0,0.0,0.30186086707405824,0.03987186675822787,0.0,0.0,0.0,0.0,0.0,0.15793738628842538,0.0,0.0,0.0,0.0,0.0,0.0,0.0,0.20060276977561425,0.0,0.0,0.0,0.14199436981918648,0.0,91.58865234667685,9509.722608465023,378.15569098108915,1718.1683589097458
0.0,0.0,0.0,0.0,0.0,0.0,0.38102720349162805,0.0,0.0,0.0,0.0,0.0,0.0,0.0,0.0,0.0,0.618972796508372,0.0,0.0,0.0,0.0,0.0,0.0,0.0,0.0,0.0,0.0,0.0,0.0,0.0,121.53871494196443,4850.140990029067,330.9516008752383,1221.2263627357152
0.0,0.0,0.0,0.0,0.0,0.0,0.0,0.0,0.0,0.0,0.0,0.0,0.0,0.0,0.0,0.0,0.0,0.0,0.0,0.0,0.28463425885717303,0.0,0.2506166861001515,0.36251852155542713,0.0,0.0,0.0,0.0,0.10223053348724848,0.0,98.79833019314138,9219.123477905066,478.3489044421476,1940.3135981312844
0.0,0.0,0.0,0.0,0.0,0.0,0.0,0.0,0.0,0.0,0.0,0.6052011704618288,0.0,0.0,0.0,0.0,0.3947988295381713,0.0,0.0,0.0,0.0,0.0,0.0,0.0,0.0,0.0,0.0,0.0,0.0,0.0,241.64389710949828,3781.704847194218,584.3145874463488,3078.507530324678
0.0,0.0,0.0,0.0,0.0,0.1001741801825902,0.028296254294589745,0.03384388389385728,0.0,0.0,0.0,0.0,0.0,0.0,0.0,0.0,0.0,0.0,0.1875554922901345,0.2623620574334082,0.0,0.38776813190542014,0.0,0.0,0.0,0.0,0.0,0.0,0.0,0.0,66.90384908984701,4882.066744627276,416.88004914179066,1667.7998511906885
0.0,0.0,0.0818771058368567,0.0,0.0,0.0,0.0,0.0,0.0,0.35495132299575216,0.0,0.0,0.023851826494508864,0.0,0.0,0.0,0.0,0.22483001685273016,0.0,0.0,0.0,0.0,0.0,0.0,0.0,0.0,0.0,0.0,0.0,0.31448972782015205,92.48180306667608,8928.941797349618,391.68529833807986,1080.5450025681516
0.0,0.07125955495244266,0.0,0.0,0.0,0.0,0.13675631282602135,0.0,0.0,0.0,0.10512610763623978,0.0,0.0,0.0,0.0,0.0,0.0,0.0,0.0,0.0,0.0,0.0,0.05894056037702781,0.0,0.0,0.25334459542418636,0.0,0.0,0.37457286878408197,0.0,57.21259894952938,11556.454126456765,551.0902206882655,1869.7544924834735
0.0,0.0,0.0,0.0,0.8987755634896579,0.0,0.0,0.0,0.0,0.0,0.0,0.0,0.08934495850527496,0.0,0.0,0.0,0.0,0.0,0.0,0.0,0.0,0.0,0.011879478005067237,0.0,0.0,0.0,0.0,0.0,0.0,0.0,8.180717941910352,5267.063014401323,814.5360877185519,2355.586604345195
0.0,0.0,0.11818888404192023,0.0,0.0,0.0,0.0923053660446626,0.0,0.3879136709825423,0.0,0.0,0.0,0.0,0.0,0.0,0.219537466598972,0.0,0.0,0.0,0.12060624302518627,0.0,0.0,0.0,0.0,0.06144836930671652,0.0,0.0,0.0,0.0,0.0,132.47059202545734,7310.481640291482,399.5253648492816,2165.6968518958415
0.0,0.0,0.0504889041619054,0.28634648504101684,0.22708168344092053,0.049973239687362045,0.0,0.2949770077754084,0.0,0.0,0.0,0.0,0.0,0.0,0.0,0.0,0.0,0.0,0.0,0.0,0.0,0.0,0.0,0.0,0.0,0.0,0.0,0.0,0.09113267989338687,0.0,99.68719611103077,10763.687180548714,379.01348368703754,2078.287476648363
0.0,0.0,0.0,0.243872594836708,0.0,0.0,0.0,0.0,0.47443183996583355,0.0,0.0,0.2009764319215673,0.0,0.0,0.0,0.0,0.0,0.0,0.0,0.0,0.0,0.0,0.0,0.0,0.0,0.0,0.0,0.08071913327589102,0.0,0.0,231.63976857929472,6758.017999763839,422.8174138691105,2054.5032154902356
0.0,0.0,0.0,0.0,0.0,0.0,0.0,0.0,0.1620289528990247,0.5024803998506325,0.0,0.0,0.0,0.0,0.0,0.1544297795381059,0.0,0.0,0.0,0.0,0.0,0.0,0.0,0.0,0.10099743111976989,0.08006343659246686,0.0,0.0,0.0,0.0,76.56530801728994,11726.335372114227,423.9732126802583,2001.1963293065476
0.0,0.0,0.0,0.0,0.0,0.5111585094197505,0.0,0.21554743849814403,0.27329405208210544,0.0,0.0,0.0,0.0,0.0,0.0,0.0,0.0,0.0,0.0,0.0,0.0,0.0,0.0,0.0,0.0,0.0,0.0,0.0,0.0,0.0,192.91507946211715,8921.665742733818,175.63880356836964,1813.834215561048
0.0,0.0,0.0,0.0,0.0,0.0,0.0,0.0,0.0,0.0,0.0,0.0,0.0,0.0,0.0,0.0,0.0,0.0,0.17584166607755214,0.0,0.0,0.0,0.0,0.0,0.0,0.0,0.0,0.0,0.8241583339224479,0.0,39.60307003191273,7833.24218991051,350.2388852306926,1226.9505752326124
0.0,0.0,0.0,0.0,0.0,0.0,0.0,0.0,0.0,0.0,0.0,0.0,0.0,0.0,0.0,0.0,0.0,0.0,0.0,0.34310277109103415,0.0,0.257358246273967,0.0,0.0,0.0,0.3995389826349989,0.0,0.0,0.0,0.0,4.640841063748133,8592.756493365012,464.178627202898,2377.43236255388
0.0,0.0,0.0,0.0,0.0,0.0,0.32745147337064606,0.0,0.0,0.0,0.0,0.0,0.0,0.39368874491982403,0.0,0.0,0.0,0.0,0.0,0.0,0.0,0.0,0.0,0.27885978170952974,0.0,0.0,0.0,0.0,0.0,0.0,54.95232299371358,5912.660853959299,480.4672201157106,2896.7787420840245
0.0,0.0,0.0,0.0,0.0,0.0,0.0,0.0,0.1762078893876213,0.0,0.0,0.0,0.0,0.0,0.0,0.0,0.0,0.0,0.0,0.0,0.0,0.0,0.0,0.0,0.48348486829589205,0.0,0.3403072423164867,0.0,0.0,0.0,134.06219302188194,7755.167777835384,228.11600371222787,2463.9526714576173
0.0,0.0,0.0,0.0,0.0,0.0,0.0,0.09595788877755793,0.11030884553451924,0.0,0.0,0.0,0.0,0.0,0.0,0.1364563361758129,0.0,0.0,0.5879211334744898,0.0,0.0,0.0,0.0,0.06510728988254919,0.0,0.0,0.0,0.004248506155070829,0.0,0.0,156.6783656014217,7491.775327830867,493.25769910245015,1352.756830655262
0.0,0.0,0.0,0.0,0.0,0.0,0.0,0.0,0.0,0.0,0.0,0.0,0.0,0.0,0.0,0.0,0.0,0.14557849636983666,0.0,0.0,0.0,0.0,0.07794232901995969,0.0,0.0,0.0,0.0,0.7764791746102037,0.0,0.0,54.96762884601348,11813.90921376267,793.7663154051041,862.898937798756
0.0,0.0,0.0,0.0,0.0,0.0,0.0,0.0,0.0,0.15583054497697968,0.0,0.0,0.0,0.0,0.0,0.0,0.0,0.0,0.0,0.0,0.0,0.0,0.0,0.0,0.0,0.0,0.0,0.2827247020445702,0.5614447529784502,0.0,9.596107329076766,10328.374110017225,482.61463195009793,1233.1661540989746
0.0,0.0,0.0,0.0,0.39990078911552585,0.0,0.18987663099680677,0.0,0.0,0.0,0.0,0.0,0.0,0.0,0.0,0.0,0.0,0.0,0.0,0.41022257988766747,0.0,0.0,0.0,0.0,0.0,0.0,0.0,0.0,0.0,0.0,22.46813494138564,5883.683454618188,525.4082281397831,1670.2577643587847
0.0,0.1635767644521847,0.0,0.0,0.0,0.0,0.0,0.06054818672620148,0.0,0.2609331059660965,0.0,0.0,0.0,0.13522921793071896,0.0,0.3030702166085401,0.0,0.0,0.0,0.07664250831625816,0.0,0.0,0.0,0.0,0.0,0.0,0.0,0.0,0.0,0.0,29.680969164844818,10490.804251701362,511.97092782781795,2286.3660695406993
0.208490114677632,0.03487731584465512,0.0,0.0,0.0,0.0,0.0,0.0,0.0,0.0,0.07601555456010968,0.0,0.0,0.0,0.4125588014094783,0.0,0.0,0.0,0.0,0.0,0.0,0.2680582135081248,0.0,0.0,0.0,0.0,0.0,0.0,0.0,0.0,24.539432605334486,6297.927112021733,661.0639402506368,1847.7835169372872
0.19094699673970775,0.0,0.0,0.0,0.0,0.0,0.0,0.0,0.0,0.0,0.0,0.0,0.25631417638717824,0.0,0.0,0.0,0.0,0.0,0.0,0.0,0.201969287957625,0.0,0.0,0.20900657495384328,0.0,0.0,0.1417629639616457,0.0,0.0,0.0,92.63625904026497,5391.225894208825,327.74321240339185,1652.4179994336562
0.0,0.0,0.0,0.0,0.0,0.0,0.0,0.251258600087482,0.0,0.0,0.0,0.0,0.0,0.0,0.0,0.0,0.0,0.0,0.0,0.0,0.0,0.0,0.0,0.748741399912518,0.0,0.0,0.0,0.0,0.0,0.0,8.534378321426681,7170.747103364157,423.517121683407,3128.577709834286
0.0,0.0,0.0,0.0,0.0,0.0,0.26987915918425437,0.0,0.0,0.0,0.0,0.0,0.0,0.016961705936614876,0.0,0.17326555914071273,0.237307637445179,0.0,0.19124353296767402,0.0,0.0,0.0,0.0,0.0,0.0,0.11134240532556497,0.0,0.0,0.0,0.0,120.55649733400058,8062.7862932048165,530.0030816773391,2148.346002039556
0.0,0.0,0.0,0.0,0.0,0.0,0.0,0.0,0.0,0.0,0.0,0.0,0.0,0.0,0.13240892946077207,0.0,0.0,0.0,0.0,0.0,0.41559272578771456,0.4519983447515133,0.0,0.0,0.0,0.0,0.0,0.0,0.0,0.0,144.60423168515672,4964.627841877083,456.251870700694,1668.8434061966784
0.2653629226513,0.0,0.0,0.0,0.0,0.0,0.057793515728587416,0.08161484822259285,0.0,0.0,0.3386145630522045,0.0,0.0,0.0,0.0,0.0,0.0,0.0,0.0,0.0,0.07039598948834223,0.0,0.0,0.18621816085697301,0.0,0.0,0.0,0.0,0.0,0.0,146.79171278038035,6638.93937155675,514.1716634935443,1522.4635525593276
0.0,0.25922985080895644,0.0,0.0,0.0,0.0,0.0,0.0,0.0,0.0,0.0,0.0,0.0,0.0,0.0,0.0,0.0,0.0,0.0,0.0,0.3775116484922311,0.0,0.0,0.0,0.0,0.0,0.0,0.36325850069881244,0.0,0.0,129.01938875727816,8911.800848229193,636.7788022102479,856.5584203044301
0.0,0.0,0.0,0.0,0.032939339386676654,0.0,0.0,0.0,0.0,0.6476698091682361,0.0,0.0,0.0,0.0,0.0,0.0,0.0,0.05770192813394464,0.0,0.0,0.0,0.0,0.0,0.0,0.0,0.15096330920216014,0.11072561410898243,0.0,0.0,0.0,23.795525997324567,13323.516951893145,386.11756202057086,1625.681523396432
0.0,0.21781470193897898,0.0,0.23604813393549484,0.0,0.0,0.2122327689423499,0.0,0.0,0.0,0.06376831939559371,0.0,0.0,0.0,0.0,0.0,0.0,0.0,0.0,0.2701360757875826,0.0,0.0,0.0,0.0,0.0,0.0,0.0,0.0,0.0,0.0,117.63190454526377,6482.539467747969,336.83193423765874,1351.5391829791909
0.0,0.0,0.0,0.0,0.0,0.0,0.0,0.0,0.0,0.0,0.33091738622278905,0.16771189990558316,0.0,0.0,0.0,0.0,0.0,0.0,0.0,0.0,0.44142702259232913,0.0,0.0,0.0,0.0,0.0,0.0,0.0,0.059943691279298626,0.0,286.51101346274606,5940.3541691743085,607.1487106532373,1503.07231342065
0.0,0.0,0.0,0.3949127661873372,0.0,0.0,0.0,0.0,0.0,0.0,0.0,0.0,0.03223762281082364,0.1329469159312169,0.0,0.0,0.0,0.0,0.0,0.1742731814303465,0.0,0.0,0.06631733670504604,0.0,0.1993121769352296,0.0,0.0,0.0,0.0,0.0,162.83067647834292,5654.0205413945505,271.3188864912316,2712.07662399918
0.0,0.0,0.0,0.0,0.0,0.0,0.0,0.0,0.22300520417044023,0.0,0.0,0.0,0.0,0.0,0.2468769215216237,0.0,0.0,0.0,0.0,0.0,0.0,0.0,0.0,0.0,0.0,0.0,0.0,0.0,0.0,0.5301178743079361,54.07238565567252,6323.9495862839885,444.54063922069054,1196.8270455963816
0.0,0.0,0.0,0.6042022432414388,0.0,0.0,0.0,0.0,0.0,0.0,0.0,0.3139863846797312,0.0,0.0,0.08181137207882996,0.0,0.0,0.0,0.0,0.0,0.0,0.0,0.0,0.0,0.0,0.0,0.0,0.0,0.0,0.0,253.70045554548005,4330.206289960713,382.5892997459058,3254.010797067678
0.0,0.10032672977907507,0.0913298300162977,0.0,0.21746611983805195,0.0,0.0,0.0,0.18833283650947685,0.0,0.1884310338522309,0.0,0.0,0.0,0.0,0.0,0.0,0.0,0.0,0.0,0.0,0.0,0.0,0.0,0.0,0.0,0.21411345000486756,0.0,0.0,0.0,102.79687180606248,7914.501875313189,527.1606757554358,1792.9910838075914
0.0,0.19685310759455496,0.0,0.25015486933911507,0.0,0.0,0.0,0.0,0.0,0.0,0.0,0.0,0.13336951750140597,0.0,0.0,0.0,0.0,0.0,0.0,0.0,0.0,0.06302666446505728,0.0,0.0,0.0,0.3565958410998667,0.0,0.0,0.0,0.0,76.73107498413782,10033.523676853425,461.85250925653264,2608.075894466568
0.0,0.0,0.0,0.0,0.0,0.0,0.0,0.0,0.0,0.0,0.0,0.0,0.0,0.0,0.0,0.4802234434930411,0.0,0.0,0.0,0.0,0.0,0.0,0.0,0.0,0.11122412154336866,0.0,0.0,0.0,0.40855243496359017,0.0,58.524175428765155,7832.213471149082,556.4043429802831,2852.7786496546614
0.0,0.0,0.0,0.0,0.0,0.0,0.0,0.29488431653192615,0.5495004270873822,0.0,0.0,0.0,0.0,0.0,0.0,0.0,0.0,0.0,0.0,0.15561525638069162,0.0,0.0,0.0,0.0,0.0,0.0,0.0,0.0,0.0,0.0,132.7557455144397,10078.6875619086,207.5121646503579,973.808204628882
0.0,0.0,0.0,0.05367152221386015,0.23285853661641323,0.0,0.0,0.0,0.0,0.0,0.0,0.0,0.0,0.0,0.0,0.0,0.0,0.0,0.0,0.0,0.0,0.0,0.09946952426920652,0.0,0.0,0.0,0.21365122705251846,0.0,0.0,0.40034918984800155,21.03870065120132,7920.310277105419,,1672.5131725375554
0.0,0.0,0.0,0.0,0.0,0.18622770309174055,0.0,0.0,0.0,0.0,0.0,0.0,0.0,0.0,0.0,0.0,0.35566787481420686,0.0,0.0,0.0,0.0,0.0,0.0,0.0,0.0,0.0,0.1555780786503417,0.0,0.30252634344371093,0.0,96.02455146525071,6309.563923312757,303.80921939473086,1903.874076406967
0.0,0.0,0.0,0.0,0.0,0.0,0.0,0.020001722041895733,0.0,0.0,0.0,0.3748772663212807,0.0,0.0,0.0,0.0,0.0,0.0,0.0,0.0,0.0,0.0,0.0,0.0,0.16743421840292516,0.0,0.11868961948204346,0.0,0.0947184130976331,0.22427876065422175,174.39553910841352,6893.467789894896,539.8961250902581,3082.8124626896856
0.0,0.0,0.0,0.0,0.0,0.0,0.0,0.0,0.0,0.19860865133618066,0.0,0.0,0.0,0.0,0.0,0.0,0.0,0.0,0.0,0.0,0.0,0.0,0.0,0.0,0.0,0.5528327330307821,0.0,0.0,0.0,0.2485586156330373,9.991559822419845,12257.84771483929,520.2684386581769,2501.069780375496
0.0,0.0,0.0,0.0,0.0,0.0,0.0,0.6181141375145269,0.0,0.0,0.0,0.0,0.0,0.0,0.0,0.0,0.030204584606383127,0.0,0.0,0.0,0.0,0.0,0.3516812778790901,0.0,0.0,0.0,0.0,0.0,0.0,0.0,30.06839858779604,19043.28187795611,233.2135488650235,819.079328948262
0.0,0.0,0.0,0.0,0.0,0.0,0.10051651093798149,0.0,0.0,0.0,0.0,0.0,0.0,0.31244488346904925,0.0,0.0,0.25780567257018727,0.0,0.0,0.0,0.0,0.0,0.0,0.03219161518455406,0.0,0.20358276737778014,0.09345855046044771,0.0,0.0,0.0,73.26837257426331,7699.364863250622,484.66163799871515,2786.2672609452748
0.0,0.0,0.0,0.0,0.0,0.0,0.0,0.0,0.0,0.0,0.0,0.0,0.3677637257637778,0.0,0.0,0.0,0.2741662304628397,0.0,0.0,0.0,0.13349600077978244,0.0,0.0,0.0,0.0,0.0,0.22457404299360004,0.0,0.0,0.0,122.29236867560937,5771.259217150652,262.42325988892094,1255.8403416789795
0.0,0.0,0.0,0.0,0.0,0.042491234525480044,0.0,0.0,0.0,0.0,0.0,0.0,0.4117052466305109,0.0,0.0,0.0,0.0,0.0,0.0,0.0,0.0,0.21718072489268522,0.0,0.0,0.3286227939513238,0.0,0.0,0.0,0.0,0.0,130.12598396878454,3917.7185713650492,315.5863838756218,2075.233323370326
0.0,0.0,0.0,0.07248320751531892,0.0,0.0,0.09644926413380643,0.0,0.0,0.0,0.0,0.0,0.0,0.0,0.0,0.0,0.0,0.0,0.0,0.0,0.4510811472908781,0.0,0.0,0.0,0.14720116252979093,0.04578178936911843,0.0,0.0,0.18700342916108717,0.0,208.47278154357156,7244.779200753785,344.2152115937771,1645.6267543112917
0.0,0.0,0.0,0.0,0.0,0.7065863288567981,0.0,0.0,0.0,0.0,0.2934136711432018,0.0,0.0,0.0,0.0,0.0,0.0,0.0,0.0,0.0,0.0,0.0,0.0,0.0,0.0,0.0,0.0,0.0,0.0,0.0,240.32672045656147,4223.771805176291,331.33642066172916,2317.39823599959
0.0,0.0,0.0,0.0,0.0,0.0,0.0,0.0,0.35161628037644505,0.0,0.0,0.0,0.0,0.0,0.0,0.0,0.0,0.0,0.0,0.0,0.0,0.0,0.0,0.053931362036340885,0.0,0.19528122628940137,0.0,0.0,0.39917113129781273,0.0,97.82051876250713,9537.761413857357,422.98778947913075,1861.8682020738825
0.0,0.0,0.0,0.0,0.0,0.0,0.0,0.0,0.0,0.0,0.0,0.0,0.0,0.0,0.1615382606711264,0.0,0.0,0.0,0.0,0.0,0.11354502586969005,0.0,0.0,0.0,0.08329082968718834,0.0,0.28572547665922887,0.1417987775845916,0.2141016295281746,0.0,64.06090239524569,10406.622001614356,513.9504286109322,1817.1319142089703
0.0,0.0,0.0,0.0,0.0,0.0,0.19399826153393993,0.0,0.15820235452293693,0.09954356697714885,0.0,0.0,0.0,0.0,0.0,0.03837702075140759,0.0,0.0,0.0,0.0,0.0,0.0,0.0,0.28035842797240784,0.0,0.0,0.0,0.0,0.0,0.22952036824215902,67.08576363579293,7434.710389236795,448.76990235729915,1948.3023930828122
0.0,0.0,0.0,0.0,0.2703359140070891,0.0,0.0,0.0,0.0,0.4101277853960446,0.0,0.0,0.0,0.0,0.0,0.0,0.0,0.0,0.0,0.0,0.0,0.3195363005968662,0.0,0.0,0.0,0.0,0.0,0.0,0.0,0.0,3.8027230843133757,8690.077523815571,542.129394305476,1846.1119110324096
0.0,0.0,0.0,0.0,0.41258351838789814,0.0,0.0,0.0,0.07192758625210419,0.0,0.0,0.0,0.0,0.0,0.0,0.0,0.0,0.0,0.0,0.0,0.0,0.0,0.5154888953599978,0.0,0.0,0.0,0.0,0.0,0.0,0.0,40.90340152333839,12166.068855064326,608.5394752022275,1619.6353659417944
0.0,0.0,0.0,0.0,0.0,0.0,0.0,0.0,0.0,0.0,0.0,0.0,0.0,0.0,0.0,0.0,0.0,0.0,0.0,0.0,0.0,0.0,0.0,0.0,0.0,0.0,0.0,0.4602688529537859,0.539731147046214,0.0,7.523296252781128,9914.384392240869,601.9991532966412,1128.658846223139
0.0,0.0,0.0,0.0,0.0,0.0,0.0,0.0,0.2880457287858655,0.0,0.0,0.0,0.11044309604018715,0.0,0.0,0.0,0.0,0.0,0.0,0.0,0.0,0.0,0.0,0.0,0.0,0.32296919295911336,0.0,0.0,0.27854198221483384,0.0,87.17502374953499,10804.054564063797,448.94554119385265,2148.196895237833
0.30899551418274596,0.0,0.0,0.0,0.0,0.0,0.0,0.0,0.0,0.1438379802683036,0.5471665055489504,0.0,0.0,0.0,0.0,0.0,0.0,0.0,0.0,0.0,0.0,0.0,0.0,0.0,0.0,0.0,0.0,0.0,0.0,0.0,166.5639688835397,6610.30405083009,513.3705285208914,876.885632257267
0.0,0.0,0.0,0.0,0.0,0.0,0.3991041603272379,0.0,0.1505934217881086,0.0,0.0,0.0,0.3156813889433253,0.08472314167423889,0.0,0.04989788726708918,0.0,0.0,0.0,0.0,0.0,0.0,0.0,0.0,0.0,0.0,0.0,0.0,0.0,0.0,116.61749698811383,6968.056432350719,360.9388748039271,1447.6264026487777
0.3299900075829078,0.0,0.0,0.0,0.0,0.0,0.0,0.4105389641310139,0.0,0.0,0.0,0.0,0.0,0.0,0.0,0.0,0.0,0.0,0.0,0.0,0.0,0.0,0.0,0.0,0.0,0.0,0.0,0.0,0.2594710282860785,0.0,12.406337716156694,12119.927091821795,213.8228660487062,952.6667488714625
0.0,0.0,0.43958903743729677,0.0,0.0,0.0,0.0,0.5048080709230519,0.0,0.0,0.0,0.0,0.0,0.0,0.0,0.0,0.0,0.0,0.0,0.0,0.0,0.0,0.0,0.0,0.0,0.0,0.0,0.0,0.0,0.055602891639651465,12.33369203490998,12793.950144740478,194.60000439465963,1846.243211665445
0.0,0.0,0.0,0.0,0.0,0.0,0.0,0.0,0.0,0.0,0.0,0.0,0.0,0.0,0.8611012759575771,0.0,0.0,0.0,0.0,0.0,0.0,0.0,0.0,0.0,0.0,0.0,0.0,0.0,0.13889872404242284,0.0,4.302892158307807,8184.814713041077,732.3890840770564,2225.6608762937585
0.11973625342543848,0.0,0.0,0.0,0.0,0.0,0.2751983732337236,0.0,0.0,0.21571850565504086,0.0,0.0,0.0,0.0,0.0,0.0,0.0,0.0,0.0,0.0,0.0,0.0,0.0,0.0,0.0,0.007005313183208444,0.38234155450258855,0.0,0.0,0.0,31.122664855771546,11630.829409401007,273.09246346424334,1265.1324863071168
0.0,0.0,0.3755475250042989,0.3805875235713752,0.0,0.0,0.0,0.0,0.0,0.0,0.0,0.0,0.19642124665747648,0.0,0.0,0.02410714825324534,0.0,0.0,0.0,0.0,0.0,0.0,0.0,0.0,0.0,0.02333655651360397,0.0,0.0,0.0,0.0,119.74017999268347,4742.454925451317,241.2668533992527,2655.3115056395964
0.0,0.0,0.0,0.0,0.0,0.0,0.0,0.0,0.0,0.0,0.0,0.0,0.23533963337282163,0.0,0.0,0.0,0.0,0.0,0.0,0.0,0.0,0.0,0.47635700629383676,0.2883033603333415,0.0,0.0,0.0,0.0,0.0,0.0,42.54148638538403,10423.818266525104,430.82896179202976,1608.5716767145493
0.0,0.0,0.0,0.6020360067416212,0.0,0.0,0.0,0.0,0.0,0.0,0.0,0.0,0.0,0.0,0.0,0.0,0.0,0.0,0.0,0.0,0.0,0.0,0.0,0.0,0.0,0.0,0.39796399325837883,0.0,0.0,0.0,147.28194506753303,6342.311093583891,170.5241884718874,2388.3294681246775
0.0,0.0,0.0,0.0,0.0,0.0,0.0,0.0,0.0,0.0,0.10011609813285775,0.0,0.0,0.0,0.0,0.0,0.0,0.0,0.0,0.07817570140763166,0.0,0.8217082004595105,0.0,0.0,0.0,0.0,0.0,0.0,0.0,0.0,31.640254863706286,3967.9827117871264,499.1146036943726,1812.057921324808
0.0,0.0,0.375632014036099,0.0,0.0,0.0,0.0,0.0,0.0,0.0,0.0,0.0,0.0,0.0,0.0,0.0,0.0,0.0,0.0,0.0,0.0,0.0,0.0,0.0,0.0,0.0,0.0,0.0,0.6243679859639011,0.0,9.05700433246084,7941.930565224788,323.6785209200377,1816.8918547126393
0.1820715699982514,0.0,0.0,0.0,0.0,0.10642402136264956,0.0,0.0,0.0,0.0,0.0,0.0,0.0,0.31133658538944736,0.0,0.0,0.0,0.0,0.0,0.0,0.2019846227787516,0.0,0.19818320047090016,0.0,0.0,0.0,0.0,0.0,0.0,0.0,120.06364252216179,8156.499888624356,360.1138762269094,1979.3744392130423
0.0,0.22894213742673453,0.0,0.0,0.0,0.327232052444937,0.0,0.0,0.0,0.0,0.33523513153037626,0.0,0.0,0.0,0.0,0.0,0.0,0.0,0.10859067859795217,0.0,0.0,0.0,0.0,0.0,0.0,0.0,0.0,0.0,0.0,0.0,223.5613107688407,5713.407938566754,527.526644004633,1628.7634614121241
0.0,0.0,0.0,0.2093533966900928,0.0,0.0,0.0,0.0,0.0,0.0,0.0,0.0,0.0,0.0,0.0,0.3303501703228845,0.13818642706868361,0.0,0.0,0.13017003779114072,0.0,0.0,0.19193996812719819,0.0,0.0,0.0,0.0,0.0,0.0,0.0,94.24183112361425,9441.06123946985,489.22448111130086,2419.363356496389
0.0,0.01586016751398552,0.0,0.228139960074816,0.22150682341815855,0.0,0.0,0.0,0.0,0.07376829533154222,0.0,0.2652162722870003,0.0,0.0,0.0,0.0,0.0,0.1955084813744974,0.0,0.0,0.0,0.0,0.0,0.0,0.0,0.0,0.0,0.0,0.0,0.0,211.8196832023656,5468.982382843904,604.5026385199656,2657.9361837124925
0.6745893038920932,0.0,0.0,0.32541069610790674,0.0,0.0,0.0,0.0,0.0,0.0,0.0,0.0,0.0,0.0,0.0,0.0,0.0,0.0,0.0,0.0,0.0,0.0,0.0,0.0,0.0,0.0,0.0,0.0,0.0,0.0,71.75030565005791,3244.3905410622438,165.8445309952082,1346.5378042162831
0.0,0.0,0.0,0.0,0.38513861281120026,0.16692038930971942,0.0,0.0,0.0,0.0,0.0,0.0,0.0,0.0,0.0,0.0,0.0,0.06542581456960322,0.3075640369904243,0.0,0.07495114631905289,0.0,0.0,0.0,0.0,0.0,0.0,0.0,0.0,0.0,157.04764898177388,5315.006956143426,645.6942641480433,1879.131681519116
0.0,0.0,0.0,0.0,0.5442812875299103,0.0,0.0,0.0,0.0,0.0,0.0,0.0,0.0,0.0,0.0,0.0,0.45571871247008966,0.0,0.0,0.0,0.0,0.0,0.0,0.0,0.0,0.0,0.0,0.0,0.0,0.0,64.22525302790044,4176.6759712563,608.358082572765,2062.1251399531043
0.0,0.13488588872423482,0.0,0.0,0.0,0.0,0.0,0.0,0.0,0.0,0.0,0.0,0.0,0.0,0.0,0.0,0.0,0.0,0.0,0.0,0.0,0.05950165420433256,0.0,0.0,0.0,0.0,0.0,0.8056124570714326,0.0,0.0,1.5023300867783131,10930.856100611356,843.4729485281388,966.6989474674858
0.0,0.0,0.0,0.3471012797606021,0.0,0.0,0.0,0.0,0.0,0.0,0.0,0.0,0.0,0.0,0.0,0.0,0.0,0.6528987202393979,0.0,0.0,0.0,0.0,0.0,0.0,0.0,0.0,0.0,0.0,0.0,0.0,314.77229913839705,2758.981664690764,422.83490994546435,1415.077737832337
0.16951572048247512,0.0,0.016581261925020362,0.0,0.0,0.0,0.18564275482032314,0.0,0.0,0.0,0.0,0.0,0.0,0.0,0.0,0.14866407043089316,0.0,0.0,0.0,0.0,0.12283018047456942,0.0,0.0,0.0,0.0,0.35676601186671886,0.0,0.0,0.0,0.0,79.26214622636645,11011.895977305338,564.040588460873,2364.410914539539
0.0,0.0,0.0,0.0,0.0,0.0,0.0,0.0,0.0,0.0,0.1580704743642655,0.0,0.0,0.0,0.0,0.0,0.0,0.0,0.0,0.0,0.0,0.10406458748348413,0.0,0.0,0.22165255356275937,0.0,0.0,0.3978447435382837,0.1183676410512072,0.0,98.45359938447338,8549.88760031776,,1711.812550659671
0.0,0.0,0.0,0.12183046758292593,0.0,0.0,0.0,0.0,0.0,0.0,0.0,0.0,0.0,0.0,0.0,0.11908877494358026,0.0,0.03412207661261136,0.0,0.49200000558940693,0.0,0.10342270111841068,0.0,0.0,0.0,0.0,0.0,0.0,0.0,0.12953597415306503,46.73179762626604,4418.9077667667,332.3690426749282,1652.8146822331032
0.0,0.0,0.0,0.0,0.0,0.0,0.0,0.0,0.0,0.761634367134344,0.0,0.08775996603464278,0.0,0.0,0.0,0.0,0.0,0.0,0.0,0.0,0.0,0.0,0.0,0.0,0.0,0.0,0.15060566683101329,0.0,0.0,0.0,36.37814223425498,12997.242174853234,332.05160525763057,1241.7247058939406
0.0,0.0,0.0,0.0,0.0,0.0,0.0,0.0,0.16861339355589555,0.0,0.0,0.0,0.0,0.0,0.3125935504902914,0.0,0.0,0.0,0.0,0.0,0.0,0.0,0.0,0.0,0.0,0.5187930559538131,0.0,0.0,0.0,0.0,42.21204876678149,10901.878237381523,675.0536946778254,3155.418838789986
0.0,0.0,0.0,0.0,0.0,0.0,0.0,0.0,0.0,0.0,0.0,0.0,0.0,0.15464612965374572,0.0,0.03158762989635473,0.0,0.0,0.0,0.0,0.0,0.0,0.0,0.0,0.14268919894805074,0.0,0.10664835822588005,0.0,0.18103602271699493,0.38339266055897386,56.34848964080032,6558.434138945889,331.53157879291757,2084.0596994665093
0.0,0.0,0.0,0.0,0.0,0.3086597881608148,0.0,0.0,0.0,0.0,0.0,0.0,0.0,0.0,0.0,0.0,0.0,0.0,0.0,0.24797493781482832,0.0,0.0,0.0,0.06575823291013229,0.21172679613919188,0.0,0.0,0.09416868587918244,0.07171155909585032,0.0,124.52538729176989,5531.081739609081,364.0184539618595,2431.5310261048003
0.0,0.0,0.0,0.4653804600149536,0.0,0.0,0.0,0.10874632345333432,0.0,0.0,0.0,0.0,0.06257844338625286,0.0,0.0,0.0,0.0,0.0,0.10204860845181048,0.0,0.0,0.0,0.0,0.0,0.0,0.0,0.0,0.0,0.0,0.26124616469364875,153.26950034852595,6194.767444348303,221.14655376693582,1716.8372746323748
0.0,0.0,0.0,0.3094697991055715,0.0,0.0,0.0,0.0,0.0,0.0,0.0,0.0,0.0,0.0,0.0,0.0,0.20025863741962976,0.0,0.0,0.0,0.0,0.0,0.0,0.0,0.0,0.0,0.0,0.0,0.4902715634747987,0.0,105.13387839494362,6458.293802216291,276.2336366963694,1893.6437461263038
0.0,0.0,0.0,0.4575899379563919,0.0,0.0,0.0,0.0,0.0,0.0,0.0,0.0,0.0,0.0,0.0,0.0,0.06517501675719127,0.0,0.0,0.0,0.0,0.0,0.0,0.23175211358294828,0.0,0.0,0.0,0.0,0.0,0.24548293170346855,135.01835898110085,4276.830626839319,307.25862478501136,2558.5866319228717
0.2162956171711994,0.21760895730144175,0.02501230897880859,0.0,0.0,0.0,0.0,0.0,0.0,0.0,0.24207897848932022,0.0,0.0,0.0,0.0,0.0,0.0,0.0,0.0,0.0,0.04369147295097789,0.0,0.0,0.0,0.255312665108252,0.0,0.0,0.0,0.0,0.0,154.5152911516714,6240.495833810658,479.5422558110474,1654.6939588430055
0.0,0.0,0.0,0.0,0.0,0.0,0.0,0.0,0.0,0.10640251033571273,0.0,0.0,0.0,0.0,0.0,0.0,0.17994209941818293,0.0,0.0,0.0,0.0,0.0,0.0,0.0,0.0,0.0,0.0,0.0,0.507176381481219,0.20647900876488548,35.84749639109932,7326.801865025791,325.5350707087633,1324.7301861049182
0.0,0.0,0.0,0.0,0.49883189606935413,0.2182812208947803,0.0,0.28288688303586546,0.0,0.0,0.0,0.0,0.0,0.0,0.0,0.0,0.0,0.0,0.0,0.0,0.0,0.0,0.0,0.0,0.0,0.0,0.0,0.0,0.0,0.0,63.72018612911551,9348.138651758763,512.3260517068967,2476.8194746442846
0.0,0.0,0.0,0.3282166659673967,0.0,0.0,0.0,0.0,0.0,0.0,0.0,0.10831334528331829,0.47977069591348853,0.0,0.0,0.0,0.0,0.0,0.08369929283579647,0.0,0.0,0.0,0.0,0.0,0.0,0.0,0.0,0.0,0.0,0.0,183.83904969366543,3835.922189712244,278.45879768719226,2016.515479917193
0.0,0.0,0.05613226092969553,0.0,0.0,0.0,0.0,0.13568801952946702,0.0,0.0,0.0,0.0,0.19392963505339159,0.0,0.0,0.0,0.1926878382743736,0.0,0.0,0.0,0.0,0.0,0.0,0.42156224621307214,0.0,0.0,0.0,0.0,0.0,0.0,49.83751738560467,6126.977180874812,389.9400335726158,2421.0774205418197
0.0,0.0,0.0,0.0,0.0,0.0,0.0,0.0,0.0,0.0,0.0,0.0,0.0,0.3027667036244946,0.0,0.0,0.6972332963755054,0.0,0.0,0.0,0.0,0.0,0.0,0.0,0.0,0.0,0.0,0.0,0.0,0.0,109.22546172695587,2858.3313672506274,356.6702301012975,2016.8315168106167
0.0,0.0,0.0,0.0,0.3512681842874468,0.0,0.0,0.5421938211490003,0.0,0.0,0.0,0.0,0.0,0.0,0.0,0.0,0.0,0.0,0.0,0.0,0.0,0.0,0.0,0.0,0.0,0.10653799456355297,0.0,0.0,0.0,0.0,10.38340732821068,14341.449374249183,501.24919782284627,1815.3094317395564
0.0,0.8424519346125615,0.0,0.0,0.0,0.0,0.0,0.0,0.0,0.0,0.0,0.0,0.0,0.0,0.0,0.0,0.0,0.0,0.0,0.0,0.0,0.0,0.0,0.0,0.0,0.0,0.15754806538743843,0.0,0.0,0.0,10.8051598935078,7702.82747138329,384.5199936978571,641.7381232134611
0.0,0.0,0.0,0.0,0.0,0.0,0.0,0.0,0.0,0.0,0.0,0.0,0.0,0.0,0.253645916735931,0.14665575563061434,0.13822972231027766,0.0,0.0,0.0,0.0,0.0,0.0,0.0,0.1908288369358276,0.206910473020795,0.0,0.0,0.0,0.06372929536655422,79.9883575874925,8906.24703926599,647.4240892464476,3039.510639265504
0.0,0.1830619904800321,0.0,0.21023148250207166,0.0,0.0,0.0,0.0,0.0,0.0,0.49298165192604365,0.0,0.0,0.0,0.0,0.0,0.0,0.0,0.0,0.0,0.0,0.0,0.0,0.0,0.0,0.0,0.11372487509185265,0.0,0.0,0.0,203.84079829003244,6733.272083776986,507.9797295110051,1520.247556412151
0.0,0.0,0.0,0.0,0.0,0.0,0.08645030800781422,0.0,0.2055616381239783,0.0,0.022712107015185286,0.0,0.0,0.02771590278491015,0.0,0.5194923016312537,0.0,0.0,0.0,0.0,0.0,0.13806774243685838,0.0,0.0,0.0,0.0,0.0,0.0,0.0,0.0,84.2094681138922,7661.7751701112575,606.4491377531367,2768.2569939140176
0.0,0.0,0.5214654849832525,0.0,0.31583547674108636,0.0,0.0,0.0,0.0,0.0,0.0,0.0,0.0,0.0,0.0,0.0,0.0,0.0,0.16269903827566112,0.0,0.0,0.0,0.0,0.0,0.0,0.0,0.0,0.0,0.0,0.0,36.644968677675685,5583.634051599202,493.6803462978467,2785.0304647305506
0.0,0.0,0.0,0.21295117285975596,0.0,0.0,0.0,0.17047798535372227,0.0,0.0,0.0,0.0,0.0,0.0,0.0,0.0,0.0,0.0,0.0,0.0,0.4828629738175627,0.0,0.0,0.0,0.0,0.0,0.133707867968959,0.0,0.0,0.0,225.3787198351415,9634.174115697533,232.57015946919583,1417.4434401524577
0.0,0.0,0.0,0.0,0.0,0.0,0.0,0.0,0.0,0.0,0.0,0.0,0.0,0.0,0.0,0.0,0.0,0.7184310178332146,0.0,0.0,0.0,0.0,0.0,0.0,0.0,0.28156898216678544,0.0,0.0,0.0,0.0,255.24221959020224,5945.2034996737075,632.0466693605365,1454.2152892215759
0.0,0.0,0.0,0.07595059227176158,0.0,0.0,0.0,0.0,0.0,0.0,0.0,0.0,0.0,0.0,0.0,0.0,0.0,0.030424630977024997,0.05013819177011076,0.0,0.0,0.0,0.575699688219608,0.0,0.0,0.0,0.0,0.0,0.2677868967614945,0.0,68.49108234090558,14792.250907605388,400.71955265067123,1080.295328211298
0.0,0.0,0.0,0.0,0.0,0.0,0.0,0.0,0.0,0.0,0.0,0.0,0.0,0.0,0.0,0.0,0.0,0.0,0.7627270539738074,0.0,0.0,0.0,0.0,0.0,0.0,0.0,0.8282641479381145,0.0,0.0,0.0,98.79128750545831,7842.787243473466,329.48244576354375,1127.8657342370045
0.0,0.14132178903693174,0.0,0.0,0.0,0.0,0.0,0.0,0.0,0.0,0.0,0.0,0.0,0.39272656306708176,0.28151985131473545,0.0,0.0,0.0,0.08183118008805548,0.0,0.0,0.0,0.0,0.0,0.0,0.10260061649319552,0.0,0.0,0.0,0.0,43.030129730937134,7245.623074771795,661.2575936407832,2786.9083476176693
0.0,0.0,0.0,0.0,0.0,0.0,0.0,0.0,0.0,0.0,0.0,0.4270195176266429,0.0,0.0,0.0,0.0,0.0,0.1515439982370885,0.0,0.0,0.0,0.0,0.0,0.0,0.0,0.0,0.0,0.0,0.4214364841362686,0.0,173.9892170985479,6243.396529834961,610.9485863159807,2340.4994115317213
0.0,0.0,0.0,0.23776500157158276,0.0,0.2897319960333587,0.0,0.0,0.0,0.0,0.0,0.0,0.0,0.35820147720798395,0.0,0.0,0.0,0.0,0.0,0.0,0.0,0.0,0.0,0.0,0.0,0.1143015251870747,0.0,0.0,0.0,0.0,172.43725248883254,4843.368424483991,365.5502719056403,3247.8005659528953
0.0,0.0,0.16614565949628468,0.0,0.0,0.0,0.0,0.0,0.0,0.0,0.0,0.0,0.048070354200577654,0.2882469435578627,0.0,0.0,0.0,0.0,0.0,0.4035702038670092,0.0,0.0,0.0,0.0,0.09396683887826575,0.0,0.0,0.0,0.0,0.0,45.07244134805144,4281.077669167415,341.63050230335,2314.5320883515474
0.0,0.0,0.0,0.3048065750589218,0.0,0.0,0.0,0.0,0.0,0.0,0.0,0.0,0.0,0.0,0.0,0.11349107812847102,0.0,0.0,0.0,0.0,0.0,0.0,0.0,0.4090815598096415,0.0,0.0,0.0,0.0,0.0,0.1726207870029656,86.596083731289,4641.301830941533,392.04450843881585,3149.3764048207686
0.0,0.0,0.0,0.0,0.0,0.0,0.0,0.0,0.0,0.0,0.0,0.0,0.0,0.0,0.0,0.0,0.0,0.0,0.0,0.0,0.0,0.0,0.0,0.0,0.0,0.43060139496964167,0.0,0.0,0.0,0.5693986050303583,6.092319839365735,9057.414821060791,463.1790756077909,2145.4818876287145
0.0,0.0,0.0,0.0,0.0,0.0,0.0,0.0,0.014221607431422261,0.18659929002954284,0.2135516800017982,0.0,0.0,0.0,0.0,0.0,0.0,0.0,0.0,0.0,0.0,0.0,0.0,0.048136368751790136,0.34084994099239974,0.0,0.0,0.0,0.19664111279304694,0.0,151.60180996017047,8436.499012327298,465.73400943014934,2083.623868820723
0.0,0.0,0.0,0.0,0.0,0.0,0.0,0.0,0.0,0.0,0.0,0.5659454621856095,0.0,0.4340545378143904,0.0,0.0,0.0,0.0,0.0,0.0,0.0,0.0,0.0,0.0,0.0,0.0,0.0,0.0,0.0,0.0,188.9843712711315,4011.66297344,642.5090656075461,4002.612651810951
0.0,0.0,0.0,0.0,0.0,0.09109516413045893,0.37193595019997494,0.12896513412963176,0.0,0.0,0.0,0.0,0.0,0.0,0.0,0.0,0.0,0.0,0.0,0.0,0.0,0.0,0.0,0.40800375153993423,0.0,0.0,0.0,0.0,0.0,0.0,64.62041029709638,7949.970350921073,429.78902020068824,2408.156001473066
0.0,0.0,0.0,0.0,0.0,0.0,0.0,0.0,0.0,0.0,0.0,0.0,0.0,0.5356205027744816,0.0,0.0,0.0,0.0,0.0,0.0,0.0,0.0,0.0,0.0,0.0,0.4643794972255184,0.0,0.0,0.0,0.0,37.69792914904078,8791.568669688653,573.1339114955807,3402.116784923891
0.0,0.4188627487483665,0.0,0.0,0.0,0.0,0.0,0.0,0.0,0.0,0.0,0.0,0.0,0.5811372512516334,0.0,0.0,0.0,0.0,0.0,0.0,0.0,0.0,0.0,0.0,0.0,0.0,0.0,0.0,0.0,0.0,40.28354180247732,5605.008079514819,459.34296368540447,1986.2169849999464
0.0,0.0,0.0,0.0,0.0,0.3675243407929967,0.0,0.0,0.0,0.3289543797935515,0.0,0.0,0.0,0.0,0.0,0.0,0.0,0.0,0.0,0.0,0.0,0.0,0.0,0.0,0.0,0.0,0.0,0.30352127941345175,0.0,0.0,99.03347458477688,10234.037778505191,464.7314956484269,1769.9454036621044
0.0,0.0,0.0,0.14536633024149426,0.0,0.0,0.0,0.39071628147215465,0.0,0.0,0.0,0.0,0.0,0.0,0.0,0.0,0.2983550977425059,0.0,0.0,0.0,0.0,0.0,0.0,0.08014719624305373,0.08541509430079147,0.0,0.0,0.0,0.0,0.0,107.81275136237039,10068.704324324557,250.21665888530592,1819.4597247999297
0.0,0.0,0.0,0.0,0.0,0.0,0.0,0.0,0.0,0.0,0.0,0.0,0.0,0.30685341568762486,0.0,0.0,0.0,0.0,0.0,0.0,0.6931465843123752,0.0,0.0,0.0,0.0,0.0,0.0,0.0,0.0,0.0,231.13062308863175,4763.393601158868,364.1731007757479,1625.2437693175618
0.0,0.0,0.0,0.0,0.0,0.0,0.0,0.0,0.0,0.0,0.0,0.0,0.0,0.0,0.4211626923925222,0.0,0.0,0.0,0.3537124750642202,0.0,0.0,0.0,0.22512483254325757,0.0,0.0,0.0,0.0,0.0,0.0,0.0,88.13549682828364,9495.408561864238,678.9462824873119,1378.7881969488444
0.0,0.0,0.10157337185248314,0.0,0.0,0.0,0.0,0.1449055780403114,0.0,0.0,0.0,0.2968325217473415,0.0,0.0,0.0,0.0,0.0,0.0,0.0,0.0,0.0,0.0,0.0,0.15255555268975576,0.0,0.0,0.0,0.0,0.19233426334526865,0.1117987123248396,102.89116751036568,8478.026252479693,502.921107455135,2681.992465880266
0.0,0.0,0.0,0.0,0.2858839094174576,0.0,0.10934530589703412,0.0,0.2594612211665751,0.0,0.0,0.0,0.0,0.0,0.0,0.0,0.0,0.12816705663420117,0.0,0.0,0.0,0.0,0.0,0.21714250688473202,0.0,0.0,0.0,0.0,0.0,0.0,121.15532923722436,6318.297856659849,562.5505519177096,2219.5855189897406
0.0,0.0,0.0,0.0,0.1767493257743257,0.0,0.0,0.0,0.0,0.0,0.0,0.0,0.0,0.0,0.0,0.0,0.0,0.0,0.0,0.0,0.304464273825922,0.0,0.0,0.0,0.36474549936293166,0.1540409010368206,0.0,0.0,0.0,0.0,166.6277460892682,7396.138270064814,502.625095160989,2550.7271082441757
0.0,0.0,0.0,0.0,0.0,0.0,0.11449792855688355,0.0,0.0,0.0,0.0,0.0,0.0,0.0,0.8855020714431164,0.0,0.0,0.0,0.0,0.0,0.0,0.0,0.0,0.0,0.0,0.0,0.0,0.0,0.0,0.0,15.34407760370208,7590.949768481567,725.0651414881886,2148.3661534798803
0.0,0.0,0.2665328665871848,0.0,0.0,0.0,0.0,0.0,0.0,0.0,0.1449904475896221,0.0,0.0,0.0,0.11384857599304576,0.0,0.0,0.0,0.0,0.3314165290299122,0.0,0.1432115808002353,0.0,0.0,0.0,0.0,0.0,0.0,0.0,0.0,44.25392988986018,5277.067187848744,473.2694559239191,2093.7873145742656
0.0,0.0,0.7091112257281144,0.0,0.0,0.0,0.0,0.0,0.0,0.0,0.0,0.0,0.0,0.29088877427188564,0.0,0.0,0.0,0.0,0.0,0.0,0.0,0.0,0.0,0.0,0.0,0.0,0.0,0.0,0.0,0.0,15.771281196617636,4600.625238999263,318.91074759729355,2972.4671490928504
0.0,0.0,0.0,0.0,0.0,0.21473113496763796,0.0,0.1264878105056405,0.0,0.0,0.0,0.0,0.0,0.39645178406108933,0.0,0.0,0.26232927046563226,0.0,0.0,0.0,0.0,0.0,0.0,0.0,0.0,0.0,0.0,0.0,0.0,0.0,111.04292310691488,5635.52132466814,351.31846718010144,2768.039917830382
0.0,0.0,0.0,0.0,0.0,0.0,0.0,0.0,0.0,0.0,0.0,0.0,0.0,0.0,0.0,0.0,0.0,0.16314693126624033,0.0,0.0,0.0,0.0,0.8368530687337596,0.0,0.0,0.0,0.0,0.0,0.0,0.0,86.43904687952516,15639.49368199512,457.06747508277954,715.7828615564034
0.0,0.0,0.0,0.21308338782187422,0.04177006244620304,0.0,0.0,0.0,0.0,0.2063657446201029,0.0,0.0,0.0,0.0,0.0,0.21790904820540916,0.0,0.0,0.0,0.0,0.32087175690641057,0.0,0.0,0.0,0.0,0.0,0.0,0.0,0.0,0.0,175.06463435963116,7856.956446677532,384.7346195618746,2136.8960461469032
0.0,0.32314299577824024,0.0,0.23693074041643097,0.0,0.0,0.0,0.0,0.0,0.0,0.0,0.033867610958583386,0.3059523525411541,0.0,0.0,0.0,0.0,0.0,0.0,0.0,0.0,0.0,0.10010630030559134,0.0,0.0,0.0,0.0,0.0,0.0,0.0,106.32084797091831,6678.7203674634275,333.36818098248045,1377.699469361244
0.0,0.0,0.23365571610131608,0.0,0.0,0.0,0.0,0.0,0.590522087540035,0.0,0.0,0.1758221963586488,0.0,0.0,0.0,0.0,0.0,0.0,0.0,0.0,0.0,0.0,0.0,0.0,0.0,0.0,0.0,0.0,0.0,0.0,187.08848746865428,5927.165388075609,327.78000386460576,2098.0835244762225
0.0,0.0,0.0,0.0,0.0,0.0,0.0,0.0,0.44362494960794707,0.0,0.0,0.0,0.0,0.12164733343689711,0.43472771695515583,0.0,0.0,0.0,0.0,0.0,0.0,0.0,0.0,0.0,0.0,0.0,0.0,0.0,0.0,0.0,106.97730380978264,7401.283691335968,553.2679614839692,1958.2013112673385
0.0,0.0,0.0,0.0,0.0,0.0,0.27365489033291845,0.24116498767981953,0.0,0.0,0.0,0.0,0.0,0.0,0.0,0.16017286333022818,0.12130182295405842,0.0,0.0,0.0,0.0,0.0,0.0,0.0,0.0,0.06811734397176171,0.0,0.0,0.13558809173121375,0.0,57.13270916035294,12780.88545388822,439.03308390229756,1891.3761071510469
0.0,0.0,0.0,0.24224036296655227,0.0,0.3766519233553491,0.0,0.0,0.2578414338482885,0.0,0.0,0.0,0.0,0.0,0.0,0.0,0.0,0.0,0.0,0.0,0.0,0.0,0.0,0.0,0.0,0.0,0.12326627982981019,0.0,0.0,0.0,237.11657197170084,5559.811409523168,190.8174565645338,2440.2477066237466
0.0,0.0,0.0,0.0,0.0,0.0,0.0,0.0,0.0,0.0,0.0,0.0,0.0,0.0,0.0,0.5985005325824903,0.05033670991114184,0.0,0.0,0.0,0.0,0.0,0.0,0.0,0.0,0.0,0.0,0.0,0.35116275750636794,0.0,36.29618361434877,8504.072419214763,622.5986456607309,2936.7257920040875
0.0,0.0,0.0,0.20143911061381642,0.0,0.0,0.0,0.0,0.0,0.0,0.0,0.0,0.0,0.0,0.0,0.0,0.0,0.1535898744731112,0.0,0.0,0.19025813173923437,0.11894717941806747,0.24752139544262067,0.0,0.0,0.0,0.0,0.0,0.08824430831315,0.0,184.80746882651977,9162.670037452526,445.93798768825917,1437.053135124559
0.0,0.0,0.0,0.0,0.13882392891784182,0.0,0.0,0.0,0.0,0.0,0.34340661220028634,0.0,0.08471387582113225,0.0,0.0,0.0,0.0,0.0,0.0,0.0,0.0,0.17889585925246565,0.0,0.0,0.0,0.0,0.0,0.0,0.19365294144363787,0.060506782364636316,122.67630681021804,5962.558816101729,638.5996831579422,1556.1802314368974
0.0,0.0,0.0,0.19219910853812613,0.0,0.1044536056332291,0.0,0.0,0.0,0.0,0.0,0.0,0.0,0.0,0.0,0.0,0.06350520609464341,0.0,0.1722297342345271,0.0,0.0,0.0,0.0,0.0,0.0,0.4676123454994742,0.0,0.0,0.0,0.0,123.18951618274237,10144.86917509897,475.7095996862845,3140.5275467277042
0.0,0.0,0.0,0.3955873391670349,0.0,0.0,0.0,0.0,0.0,0.0,0.0,0.0,0.0,0.0,0.0,0.0,0.0,0.0,0.0,0.0,0.6044126608329651,0.0,0.0,0.0,0.0,0.0,0.0,0.0,0.0,0.0,283.11434608267194,5351.412660336498,219.74402891192747,1578.6327427630724
0.0,0.0,0.0,0.0,0.0,0.0,0.0,0.0,0.41115536260762864,0.0,0.0,0.2730796248790821,0.0,0.0,0.0,0.16506111560623052,0.0,0.0,0.0,0.0,0.0,0.0,0.0,0.0,0.007089269940251665,0.0,0.0,0.0,0.0,0.14361462696680719,196.98773462759812,6741.33949828617,484.0580970456113,2576.5954343139288
0.0,0.0,0.0,0.0,0.52088603146606,0.0,0.0,0.47911396853393984,0.0,0.0,0.0,0.0,0.0,0.0,0.0,0.0,0.0,0.0,0.0,0.0,0.0,0.0,0.0,0.0,0.0,0.0,0.0,0.0,0.0,0.0,7.981095064230949,12513.79103479088,506.7633927933048,1800.4612710854167
0.0,0.0,0.0,0.0,0.0,0.2488401619665344,0.0,0.0,0.0,0.0,0.0,0.0,0.0,0.2878093091960207,0.0,0.0,0.0,0.0,0.3214397858024603,0.0,0.0,0.0,0.0,0.0,0.0,0.0,0.0,0.1419107430349846,0.0,0.0,150.4191103163532,5304.7353711325395,507.6002641180617,2147.424019423584
0.0,0.0,0.0,0.6036904995607288,0.0,0.0,0.0,0.0,0.0,0.0,0.0,0.0,0.0,0.0,0.0,0.1526467650141956,0.0,0.2436627354250754,0.0,0.0,0.0,0.0,0.0,0.0,0.0,0.0,0.0,0.0,0.0,0.0,252.11125994169853,3931.6005347135583,347.3385500167934,2584.0728789462055
0.0,0.0,0.059587653692415546,0.0,0.0,0.6521593647687458,0.0,0.0,0.0,0.0,0.0,0.0,0.0,0.0,0.0,0.0,0.0,0.0,0.0,0.0,0.0,0.0,0.0,0.0,0.0,0.0,0.0,0.2882529815388386,0.0,0.0,166.46772612898127,6510.039930775467,388.9431334668773,2287.399932557411
0.0,0.0,0.183998703040041,0.0,0.0,0.0,0.0,0.0,0.0,0.0,0.20240822956407026,0.0,0.0,0.0,0.0,0.0,0.0,0.2590206693323317,0.0,0.0,0.22107122464431422,0.13350117341924272,0.0,0.0,0.0,0.0,0.0,0.0,0.0,0.0,234.2052418365784,4634.53942817955,516.0952048189663,1475.9763306738664
0.0,0.0,0.0,0.0,0.0,0.0,0.0,0.0,0.0,0.0,0.0,0.0,0.0,0.0,0.0,0.0,0.0,0.0,0.0,0.3427926595776861,0.4136171359478938,0.24359020447442,0.0,0.0,0.0,0.0,0.0,0.0,0.0,0.0,143.11819245907915,4991.813631376208,337.1961147412848,1147.640949406966
0.0,0.0,0.0,0.0,0.0,0.3564576676392109,0.36844856849821944,0.0,0.0,0.0,0.0,0.0,0.0,0.0,0.0,0.0,0.0,0.2750937638625699,0.0,0.0,0.0,0.0,0.0,0.0,0.0,0.0,0.0,0.0,0.0,0.0,217.70405498526918,5682.364538401457,388.788916276865,1670.4414310449945
0.0,0.0,0.0,0.0,0.0,0.0,0.0,0.0,0.0,0.0,0.0,0.0,0.0,0.0,0.0,0.0,0.0,0.0,0.0,0.0,0.1692981891451127,0.0,0.0,0.0,0.0,0.0,0.0,0.8307018108548873,0.0,0.0,50.73133514095056,10501.65198377542,800.3206446526183,968.0394762928772
0.0,0.0,0.0,0.08253333827343912,0.0,0.0,0.0,0.0,0.0,0.0,0.0,0.0,0.0,0.259252351593747,0.0,0.17021287938244598,0.0,0.0,0.0,0.0,0.18632009876811795,0.0,0.10513326160652495,0.19654807037572514,0.0,0.0,0.0,0.0,0.0,0.0,114.62994585621813,7317.073513431825,570.5973053801202,3059.7187137818596
0.0,0.0,0.0,0.0,0.0,0.0,0.0,0.0,0.0,0.0,0.18993784226704702,0.0,0.0,0.0,0.445961962001786,0.0,0.0,0.0,0.0,0.0,0.0,0.0,0.0,0.0,0.0,0.0,0.0,0.0,0.3641001957311668,0.0,61.50988101959179,8447.820466850542,672.8205456761347,1771.6083646446405
0.0,0.2715819279706937,0.0,0.23145954821722906,0.0,0.0,0.0,0.0,0.2566142139950125,0.0,0.0,0.0,0.0,0.0401426738007625,0.0,0.0,0.0,0.0,0.0,0.0,0.034816502985366225,0.0,0.0,0.0,0.1653851330309359,0.0,0.0,0.0,0.0,0.0,190.29887527628696,6628.978667249566,305.2553028997421,2076.8075495037306
0.0,0.0,0.0,0.26214088587832035,0.0,0.0,0.4451433295618787,0.0,0.0,0.0,0.0,0.0,0.0,0.0,0.0,0.0,0.0,0.0,0.11100763693133454,0.0,0.0,0.0,0.0,0.02563285544947984,0.0,0.0,0.0,0.12335400330093256,0.032721288878054144,0.0,146.3041528535602,8352.500675814881,430.90293088594893,1651.1058068501527
0.0,0.13380497098951602,0.0,0.0,0.0,0.37273674311352356,0.0,0.0,0.0,0.0,0.0,0.12974540354854563,0.0,0.0,0.0,0.0,0.146183276839027,0.0,0.0,0.0,0.0,0.0,0.0,0.0,0.0,0.0,0.0,0.045846788540450475,0.17168281696893745,0.0,175.6773700955318,5839.055844417301,394.6407868783953,2537.385244964238
0.3005522934410436,0.0,0.0,0.0,0.0,0.0,0.0,0.0,0.0,0.0,0.0,0.0,0.0,0.0,0.0,0.0,0.0,0.3915923433488455,0.14100683994183005,0.0,0.0,0.0,0.0,0.0,0.0,0.0,0.0,0.0,0.0,0.16684852326828067,169.64405250109814,3697.3213425411277,457.1142817726881,682.5343058618244
0.0,0.0,0.0,0.0,0.12883436395665274,0.0,0.0,0.0,0.0,0.04064549154826294,0.0,0.05891575738586215,0.0,0.0,0.0,0.0,0.0,0.07477350787464296,0.0,0.5271208333006029,0.0,0.0,0.16971004593397648,0.0,0.0,0.0,0.0,0.0,0.0,0.0,56.190341465208775,7010.919615056094,422.42862779342397,1273.8430595591228
0.0,0.0,0.11831318232781944,0.0,0.0,0.0,0.0,0.0,0.0,0.0,0.0,0.0,0.0,0.0,0.0,0.0,0.0,0.0,0.0,0.0,0.0,0.0,0.8816868176721806,0.0,0.0,0.0,0.0,0.0,0.0,0.0,30.594058895044395,16600.622190288545,394.7427955177751,1020.3493375048583
0.0,0.0,0.0,0.10874222380079773,0.0,0.0,0.0,0.0,0.0,0.0,0.0,0.0,0.0,0.0,0.0,0.2802776046309705,0.12866363041073822,0.0,0.07415645842598588,0.0,0.0,0.0,0.0,0.0,0.0,0.0,0.0,0.2256091871779709,0.0,0.1825508955535367,81.74075987982347,7704.825599855207,624.1497068472125,2180.1883864459
0.0,0.0,0.3774341766242143,0.0,0.0,0.0,0.0,0.0,0.0,0.0,0.0,0.0,0.0,0.0,0.0,0.0,0.0,0.0,0.0,0.0,0.0,0.48106746290467856,0.0,0.0,0.0,0.0,0.1414983604711072,0.0,0.0,0.0,1.8503325848238776,5274.282649777031,368.20908032278373,2392.062492694825
0.0,0.0,0.0,0.14257951166266544,0.0,0.0,0.0,0.0,0.0,0.0,0.0,0.0,0.0,0.0,0.0,0.0,0.0,0.0,0.0,0.11337483241154826,0.0,0.0,0.0,0.26802704504315206,0.1469703498788357,0.0,0.3290482610037985,0.0,0.0,0.0,71.7292586052983,6977.688501465329,328.35157800476253,2867.334148286857
0.0,0.4340890426528659,0.0,0.0,0.0,0.0,0.0,0.0,0.0,0.0,0.0,0.0,0.0,0.0,0.0,0.0,0.0,0.565910957347134,0.0,0.0,0.0,0.0,0.0,0.0,0.0,0.0,0.0,0.0,0.0,0.0,202.25900975899754,4751.144638514456,507.94124112931524,568.7540153121591
0.0,0.2740765802224171,0.0,0.14803525547108998,0.0,0.16854305409601408,0.0,0.0,0.0,0.0,0.0,0.0,0.0,0.0,0.0,0.0,0.0,0.0,0.0,0.0,0.28154352664424703,0.12780158356623186,0.0,0.0,0.0,0.0,0.0,0.0,0.0,0.0,181.3074570105488,5576.756873303886,352.90742179081445,1677.854490500423
0.0,0.051411161273514035,0.0,0.0,0.0,0.0,0.03994900151067566,0.242767652174507,0.0,0.0,0.0,0.0,0.0,0.0,0.0,0.0,0.0,0.0,0.0,0.0,0.0,0.0,0.39837461414162767,0.0,0.0,0.0,0.2674975708996756,0.0,0.0,0.0,20.07029771419719,17411.87388449827,306.41542521009296,1087.757696317494
0.0,0.0,0.0,0.0,0.0,0.0,0.0,0.0,0.0,0.0,0.0,0.0,0.0,0.0,0.0,0.0,0.0,0.0,0.0,0.0,0.0,0.0,0.5402986423687439,0.0,0.0,0.0,0.0,0.4597013576312561,0.0,0.0,20.101624506749665,15835.52724906637,641.9838828460188,886.8591212463066
0.0,0.0,0.0,0.0,0.0,0.0,0.0,0.0,0.0,0.20759838265677824,0.0,0.0,0.0,0.0,0.107090983835882,0.0,0.0,0.23905060337646147,0.0,0.0,0.0,0.0,0.0,0.0,0.0646010798385021,0.0,0.0,0.0,0.0,0.3816589502923763,112.60622854068696,6554.588014069747,453.6074399620405,1216.2213665999989
0.0,0.0,0.0,0.0,0.10582372921416948,0.0,0.0,0.0,0.0,0.0,0.0,0.0,0.0,0.353145691236314,0.0,0.2883346686392372,0.0,0.0,0.0,0.0,0.0,0.2526959109102793,0.0,0.0,0.0,0.0,0.0,0.0,0.0,0.0,38.659000718412976,5124.583901902144,618.0701991018495,3305.7594280338367
0.0,0.0,0.0,0.0,0.0,0.0,0.0,0.0,0.0,0.0,0.0,0.0,0.0,0.0,0.0,0.0,0.0,0.1435564879222342,0.0,0.0,0.0,0.0,0.3685743924757688,0.0,0.0,0.0,0.0,0.0,0.0,0.48786911960199714,68.98351480767906,9736.811093131308,399.949727394946,836.9185942815562
0.0,0.0,0.0,0.0,0.0,0.0,0.0,0.0,0.0,0.0,0.0,0.0,0.0,0.0,0.0,0.6101198346869723,0.0,0.0,0.0,0.0,0.0,0.0,0.0,0.0,0.0,0.0,0.0,0.0,0.0,0.38988016531302766,27.262904545549457,6460.672484696423,547.3543094583217,2629.6326159871346
0.0,0.0,0.0,0.0,0.0,0.0,0.0,0.0,0.0,0.0,0.0,0.0,0.0,0.0,0.0,0.0,0.0,0.24076093915807356,0.0,0.0,0.0,0.0,0.0,0.0,0.48062768278146323,0.0,0.0,0.0,0.13044596734535968,0.14816541071510353,209.75985620618624,4822.931731492523,405.37045956130163,1992.0760037162581
0.0,0.0,0.0,0.0,0.0,0.0,0.0,0.0,0.22722591301841355,0.5391276223691275,0.0,0.0,0.0,0.0,0.0,0.0,0.0,0.0,0.0,0.0,0.0,0.0,0.0,0.23364646461245903,0.0,0.0,0.0,0.0,0.0,0.0,55.857793404727424,10396.06352346191,361.43311073674965,1611.9507048506862
0.0,0.0,0.0,0.0,0.0,0.0,0.0749576436607787,0.0,0.0,0.0,0.0,0.0,0.0,0.10902369078858559,0.0,0.0,0.3376458353093083,0.43628271239824135,0.0,0.0,0.0,0.0,0.0,0.0,0.0,0.0,0.0,0.04209011784308595,0.0,0.0,219.50011928145554,3810.7923145987666,524.0400821944755,1284.9501693349287
0.35798303314974345,0.2728744270134229,0.0,0.0,0.0,0.0,0.0,0.0,0.0,0.0,0.0,0.0,0.0,0.0,0.0,0.11422418039014572,0.0,0.11426523717996086,0.0,0.0,0.0,0.0,0.0,0.03507318050738778,0.0,0.0,0.0,0.10557994175933921,0.0,0.0,53.42850494485192,6312.823200299229,504.0863409461571,1256.228038297223
0.0,0.5979677990782638,0.0,0.0,0.0,0.0,0.0,0.0,0.0,0.0,0.0,0.0,0.0,0.0,0.0,0.0,0.0,0.0,0.0,0.0,0.0,0.0,0.0,0.0,0.0,0.0,0.0,0.0,0.0,0.4020322009217363,11.673373199529323,6450.104329886443,370.19029117275636,651.3045434143603
0.0,0.0,0.0,0.0,0.0,0.14810266526281862,0.0,0.34241009545825973,0.0,0.0,0.0,0.0,0.0,0.0,0.0,0.0,0.0,0.32461077754267126,0.0,0.0,0.0,0.0,0.0,0.1848764617362504,0.0,0.0,0.0,0.0,0.0,0.0,161.46780327110713,9944.429785843377,405.1091280152098,1606.8505580686583
0.0,0.0,0.0,0.0,0.0,0.0,0.0,0.0,0.2330729178881991,0.0,0.0,0.0,0.0,0.0,0.0,0.43704815454761053,0.0,0.32987892756419046,0.0,0.0,0.0,0.0,0.0,0.0,0.0,0.0,0.0,0.0,0.0,0.0,193.416430387829,5756.979328424738,596.6082175231666,2131.342737613553
0.13684002714452445,0.0,0.0,0.0,0.0,0.0,0.0,0.0,0.0,0.0,0.0,0.1014372453233565,0.0,0.0,0.0,0.0,0.0,0.0,0.30600046458213687,0.0,0.0,0.0,0.0,0.0,0.0,0.3786231658605179,0.07709909708946422,0.0,0.0,0.0,105.64909614809348,9600.033478738442,547.4564143165137,2487.0351153691563
0.0,0.0,0.5956909362840229,0.0,0.0,0.0,0.0,0.0,0.38194637049703617,0.0,0.0,0.0,0.022362693218940872,0.0,0.0,0.0,0.0,0.0,0.0,0.0,0.0,0.0,0.0,0.0,0.0,0.0,0.0,0.0,0.0,0.0,91.57740722002669,6394.581311995373,278.9308298169445,2374.284142623955
0.0,0.0,0.0,0.0,0.0,0.0,0.0,0.0,0.0,0.0,0.0,0.11186939275894088,0.25530543136266126,0.0,0.0,0.0,0.0,0.0,0.0,0.0,0.0,0.4378392013216056,0.0,0.0,0.0,0.0,0.0,0.0,0.0,0.19498597455679215,65.99791124153701,3573.176046938845,461.35062466192085,1912.3142879764966
0.0,0.519226340677175,0.0,0.0,0.0,0.0,0.0,0.0,0.0,0.0,0.0,0.0,0.12197783547940538,0.0,0.0,0.0,0.0,0.0,0.1527802391746283,0.0,0.0,0.0,0.0,0.0,0.0,0.0,0.2060155846687913,0.0,0.0,0.0,49.62753783427584,8901.409378714903,354.24836608685376,851.8203893860197
0.0,0.0,0.0,0.0,0.0,0.1851261964366783,0.0,0.0,0.0,0.0,0.0,0.0,0.0,0.0,0.0,0.0,0.0,0.0,0.0,0.0,0.0,0.0,0.0,0.0,0.0,0.8148738035633216,0.0,0.0,0.0,0.0,51.36771768960461,12548.628723363345,600.8398838120983,3362.2947739289148
0.0,0.0,0.0,0.0,0.0,0.0,0.0,0.0,0.09528448406336096,0.0,0.0,0.0,0.0,0.4396853140030365,0.0,0.0,0.0,0.0,0.0,0.0,0.025294309080254717,0.0,0.0,0.0,0.0,0.0,0.0,0.4397358928533479,0.0,0.0,59.02679806299512,8364.409186807277,683.8921840430367,2147.4338891438197
0.0,0.3284838024347202,0.0,0.2126279495253786,0.0,0.0,0.11466223670762954,0.0,0.0,0.0,0.0,0.0,0.27506342290779356,0.0,0.0,0.06916258842447802,0.0,0.0,0.0,0.0,0.0,0.0,0.0,0.0,0.0,0.0,0.0,0.0,0.0,0.0,112.14269848207115,6339.551036821712,371.40769218254934,1467.0238438836848
0.0,0.3593197457427464,0.19015587215958327,0.0,0.0,0.0,0.0,0.0,0.0,0.0,0.0,0.0,0.0,0.04584429597573972,0.0,0.14630957193218241,0.0,0.0,0.0,0.0,0.1107368568171467,0.0,0.0,0.0,0.0,0.0,0.0,0.14763365737260162,0.0,0.0,50.46500360517548,8194.186325604936,537.9443831026406,1899.1350607514034
0.0,0.0,0.0,0.37985947550254623,0.0,0.0,0.0,0.0,0.0,0.0,0.0,0.16616346931688075,0.0,0.0,0.0,0.0,0.0,0.0,0.0,0.0,0.0,0.0,0.0,0.0,0.0,0.0,0.0,0.0,0.4539770551805732,0.0,158.2654892932952,6680.668916151642,358.62930977773857,2381.2336914908205
0.0,0.0,0.0,0.30091660190454655,0.0,0.0,0.0,0.0,0.053652905868974005,0.0,0.0,0.0,0.0,0.0,0.08656746390606339,0.0,0.37617481220924776,0.0,0.10690854506265292,0.0,0.0,0.07577967104851528,0.0,0.0,0.0,0.0,0.0,0.0,0.0,0.0,172.74610114880045,4252.418857922561,339.6290619043413,1970.1075348824008
0.0,0.0,0.0,0.2940427385720045,0.0,0.0,0.0,0.0,0.0,0.0,0.0,0.0,0.0,0.0,0.0,0.0,0.0,0.0,0.45734721510239584,0.2486100463255995,0.0,0.0,0.0,0.0,0.0,0.0,0.0,0.0,0.0,0.0,170.33946626376434,4914.737186149639,324.12009033023924,1318.1061285555033
0.0,0.0,0.0,0.0,0.0,0.0,0.0,0.0,0.0,0.0,0.0,0.0,0.6120336809371638,0.0,0.0,0.0,0.0,0.0,0.09125790937276301,0.0,0.0,0.0,0.0,0.0,0.29670840969007306,0.0,0.0,0.0,0.0,0.0,144.68838305856494,3358.4414877235304,276.3606525783946,1659.5869251914219
0.0,0.0,0.0,0.0,0.0,0.0,0.19437505202593122,0.0,0.0,0.0,0.45711112444999086,0.34851382352407806,0.0,0.0,0.0,0.0,0.0,0.0,0.0,0.0,0.0,0.0,0.0,0.0,0.0,0.0,0.0,0.0,0.0,0.0,259.11796089382034,6766.655047784314,727.433689420096,2002.5988540684614
0.0,0.6769868190100029,0.0,0.0,0.0,0.0,0.0,0.0,0.0,0.0,0.0,0.0,0.0,0.0,0.0,0.0,0.0,0.0,0.0,0.0,0.0,0.0,0.0,0.0,0.0,0.0,0.0,0.3230131809899972,0.0,0.0,11.451288567478299,9472.965421964413,626.5023432699404,669.0861692812947
0.0,0.0,0.0,0.0,0.0,0.0,0.0,0.0,0.0,0.0,0.0,0.0,0.0,0.0,0.0,0.0,0.0,0.0,0.0,0.0,0.0,0.6573751508033027,0.3426248491966972,0.0,0.0,0.0,0.0,0.0,0.0,0.0,20.938712826295255,8545.847151913134,466.04046513214564,1720.5392799059287
0.1939535546542892,0.0,0.0,0.0,0.0,0.0,0.0,0.0,0.0,0.417602925277937,0.0,0.0,0.3087797101226084,0.0,0.0,0.0,0.0,0.0,0.0,0.07966380994516532,0.0,0.0,0.0,0.0,0.0,0.0,0.0,0.0,0.0,0.0,31.40012668157689,7836.303917037016,256.6086454470174,912.2569412119454
0.0,0.0,0.0,0.0,0.0,0.0,0.0,0.0,0.0,0.0,0.0,0.2620022187124395,0.0,0.0,0.0,0.0,0.0,0.7379977812875606,0.0,0.0,0.0,0.0,0.0,0.0,0.0,0.0,0.0,0.0,0.0,0.0,310.7200553040261,2728.607666362027,623.8428922297395,1486.3619971116354
0.0,0.21739396398391725,0.1553286355530465,0.2896354799546517,0.0,0.0,0.0,0.0,0.0,0.0,0.0,0.0,0.0,0.0,0.0,0.0,0.0,0.3112099261652349,0.0,0.0,0.0,0.0,0.0,0.0,0.026431994343149585,0.0,0.0,0.0,0.0,0.0,198.66071078854281,4959.137867548241,387.10327618843445,1768.9004912672008
0.0,0.0,0.0,0.0,0.0,0.32951642037085194,0.0,0.0,0.39951017995012056,0.0,0.0,0.0,0.0,0.0,0.0,0.0,0.0,0.0,0.07191062316533148,0.0,0.0,0.0,0.19906277651369597,0.0,0.0,0.0,0.0,0.0,0.0,0.0,196.87257852321042,8784.618216558052,281.36420095328486,1726.688134868664
0.0,0.0,0.0,0.0,0.0,0.14443000043390367,0.0,0.0,0.0,0.0,0.08340570367068553,0.0,0.16477321874757014,0.0,0.0,0.0,0.0,0.0,0.19146744354540765,0.09604211557554766,0.31988151802688536,0.0,0.0,0.0,0.0,0.0,0.0,0.0,0.0,0.0,245.0888314011356,5088.4603006491525,343.2711874263867,1202.8679561927736
0.0,0.0,0.0,0.0,0.0,0.0,0.27962581868449776,0.0,0.0,0.0,0.0,0.3873896414711324,0.0,0.3329845398443699,0.0,0.0,0.0,0.0,0.0,0.0,0.0,0.0,0.0,0.0,0.0,0.0,0.0,0.0,0.0,0.0,168.87811278207417,5540.785447477451,598.7381888265469,3033.2120233234714
0.0,0.0,0.0,0.0,0.5658640378191975,0.0,0.0,0.0,0.0,0.0,0.0,0.0,0.0,0.0,0.0,0.4341359621808024,0.0,0.0,0.0,0.0,0.0,0.0,0.0,0.0,0.0,0.0,0.0,0.0,0.0,0.0,17.80482131814092,6283.334462239231,916.9775800153496,3209.1939175665284
0.0,0.0,0.0,0.0,0.16490687944290916,0.07026061612018435,0.0,0.0,0.0,0.0,0.0,0.0,0.0,0.0,0.0,0.0,0.0,0.0,0.0,0.0,0.0,0.0,0.0,0.08463201371303933,0.0,0.0,0.5312506174388619,0.0,0.14894987328500517,0.0,18.16344925565553,9100.39619780498,376.9796104047809,2234.830788245444
0.0,0.0,0.0,0.0,0.0,0.0,0.0,0.18351666026840777,0.0,0.0,0.0,0.0,0.26139175225231365,0.0,0.0,0.0,0.33981120358303757,0.0,0.0,0.0,0.10319751562828167,0.0,0.0,0.0,0.0,0.11208286826795945,0.0,0.0,0.0,0.0,120.77335983432356,8111.744833387761,312.6486633017405,1451.149705822531
0.0,0.0,0.0,0.0,0.0,0.0,0.0,0.0,0.6739951410243701,0.0,0.0,0.0,0.0,0.0,0.0,0.0,0.0,0.0,0.0,0.0,0.0,0.0,0.0,0.0,0.32600485897562986,0.0,0.0,0.0,0.0,0.0,209.75802877856864,6032.083304919561,246.78651109911425,1836.535443147415
0.0,0.0,0.0,0.1070881716570347,0.0,0.0,0.07443899236104892,0.0,0.0,0.4143775792800581,0.0,0.0,0.2100850043473177,0.15654941111603995,0.0,0.0,0.0,0.0,0.0,0.0,0.0,0.0,0.0,0.0,0.0,0.0,0.0,0.03746084123850053,0.0,0.0,72.60132212134079,9240.394718590032,347.2766096813558,1669.37366626616
0.0,0.0,0.0,0.13973669450276954,0.0,0.0,0.0,0.24218069053592112,0.0,0.0,0.0,0.0,0.0,0.0,0.2673628806788274,0.0,0.0,0.0,0.0,0.0,0.0,0.0,0.0,0.0,0.0,0.0,0.0,0.20506172759111546,0.1456580066913665,0.0,37.58268769865998,12488.719836134534,524.9364439721783,1714.164040126961
0.10241023056106582,0.0,0.0,0.0,0.0,0.17501299455266078,0.0,0.0,0.2266321258952352,0.0,0.0,0.0,0.0,0.0,0.18156918185152945,0.0,0.0,0.0,0.0,0.13822269104441295,0.0,0.0,0.0,0.0,0.0,0.0,0.0,0.1761527760950959,0.0,0.0,106.2114026529516,7254.113205889099,521.7309411047826,1638.9735675855484
0.0,0.0,0.0,0.0,0.0,0.0,0.0,0.0,0.0,0.0,0.0,0.32676176916473004,0.0,0.0,0.0,0.0,0.0,0.0,0.0,0.0,0.31550901808411547,0.0,0.0,0.0,0.0,0.0,0.0,0.0,0.0,0.3577292127511545,204.50805672737772,5308.567262515392,467.3131111419513,1984.2564866426846
0.0,0.0,0.0,0.0,0.0,0.09339079644377228,0.0,0.06544118301609796,0.0,0.0,0.0,0.0,0.0,0.0,0.0,0.0,0.0,0.0,0.0,0.0,0.3661711022356297,0.0,0.0,0.0,0.0,0.0,0.0,0.22971988815153124,0.24527703015296892,0.0,159.77489967704938,8945.671131001567,473.64537351927544,1218.2469400553007
0.5052384664053081,0.17507729265830338,0.0,0.14005055165806946,0.0,0.0,0.06575108948155034,0.0,0.0,0.0,0.0,0.11388259979676862,0.0,0.0,0.0,0.0,0.0,0.0,0.0,0.0,0.0,0.0,0.0,0.0,0.0,0.0,0.0,0.0,0.0,0.0,86.10670066016502,5051.551220474957,337.3308526656342,1470.3804225263095
0.0,0.0,0.0,0.0,0.0,0.0,0.0,0.0,0.0,0.0,0.0,0.0,0.0,0.0,0.0,0.0,0.41819933188010644,0.0,0.0,0.0,0.0,0.0,0.0,0.17995712597828367,0.40184354214160994,0.0,0.0,0.0,0.0,0.0,157.12076431811167,3908.038177900096,360.5194375693597,2513.5223788505464
0.3189954620318709,0.0,0.0,0.0,0.0,0.17531836202584458,0.0,0.0,0.0,0.0,0.0,0.0,0.0,0.0,0.0,0.0,0.0,0.0,0.0,0.05231790897901433,0.0,0.0,0.21233776576714283,0.24103050119612737,0.0,0.0,0.0,0.0,0.0,0.0,56.28475928951683,7777.523248162858,364.157315411724,2080.008779158262
0.0,0.0,0.0,0.0,0.0,0.0,0.0,0.18534511063093823,0.0,0.0,0.0,0.0,0.1829090687407792,0.0,0.0,0.0,0.0,0.0,0.0,0.6317458206282827,0.0,0.0,0.0,0.0,0.0,0.0,0.0,0.0,0.0,0.0,22.69384362697858,6534.028198816054,173.7934266019293,810.0444439376408
0.0,0.0,0.0,0.38795192734515466,0.0,0.0,0.0,0.0,0.0,0.0,0.0,0.0,0.0,0.0,0.0,0.0,0.0,0.6120480726548454,0.0,0.0,0.0,0.0,0.0,0.0,0.0,0.0,0.0,0.0,0.0,0.0,296.76030082937615,2816.1710192194714,426.6344153070718,1398.0015870268949
0.0,0.0,0.0,0.0,0.0,0.0,0.0,0.0,0.0,0.0,0.0,0.0,0.0,0.0,0.0,0.0,0.0,0.0,0.0,0.0,0.0,0.0,0.5090983873610729,0.49090161263892707,0.0,0.0,0.0,0.0,0.0,0.0,20.58990252336758,10931.409139878971,474.2840710617056,2247.0253626530416
0.0,0.0,0.0,0.0,0.0,0.0,0.0,0.026231851723249218,0.0,0.0,0.0,0.0,0.0,0.14403411339041564,0.0,0.0,0.0,0.11454277694066174,0.0,0.0,0.0,0.33573834083160076,0.0,0.0,0.24278901522449892,0.0,0.13666390188957356,0.0,0.0,0.0,116.93108570287409,5309.045337511654,477.82511042030427,2483.589940799461
0.0,0.28507361279322035,0.0,0.039387139366345865,0.0,0.0,0.0,0.0,0.0,0.0,0.1171648712696849,0.0,0.0,0.0,0.0,0.0,0.06400551138602333,0.12005461681579048,0.0,0.0,0.0,0.0,0.0,0.3743142483689351,0.0,0.0,0.0,0.0,0.0,0.0,106.22685526378442,5348.964529927767,577.2729366102853,2222.304932478954
0.0,0.0,0.0,0.0,0.31809889470668984,0.0,0.0,0.0,0.07601639001209938,0.0,0.0,0.0,0.0,0.0,0.0,0.0,0.0,0.24506306483307225,0.0,0.0,0.0,0.0,0.0,0.3608216504481384,0.0,0.0,0.0,0.0,0.0,0.0,110.59763540081767,3807.219381981235,613.162835211634,2658.480083489614
0.4913903170433383,0.0,0.0,0.0,0.0,0.0,0.0,0.0,0.0,0.0,0.0,0.0,0.0,0.0,0.0,0.0,0.46791532367060296,0.0,0.0,0.0,0.04069435928605869,0.0,0.0,0.0,0.0,0.0,0.0,0.0,0.0,0.0,83.50615925554615,3484.4641541637075,262.4644182945949,1009.4934092324561
0.0,0.0,0.0,0.0,0.0,0.0,0.0,0.023654602170038647,0.0,0.0,0.3017015044787099,0.2149731392852733,0.0,0.0,0.0,0.4596707540659781,0.0,0.0,0.0,0.0,0.0,0.0,0.0,0.0,0.0,0.0,0.0,0.0,0.0,0.0,178.87688898994486,7365.722926148671,807.8287132858432,3065.1230777868964
0.0,0.0,0.0,0.0,0.0,0.0,0.0,0.0,0.0,0.0,0.0,0.0,0.0,0.04818433154552768,0.0,0.0,0.060492538799954094,0.4119579168124685,0.0,0.0,0.0,0.0,0.0,0.0,0.0,0.0,0.0,0.0,0.3353179067075406,0.1440473061345092,177.44569521319238,4848.090365429598,479.3677597307736,1206.8785719010903
0.0842699078262403,0.0,0.0,0.0,0.07002431159977014,0.0,0.0,0.0,0.0,0.0,0.31604257074604647,0.0,0.0,0.0,0.0,0.05909980561462739,0.2630760697122518,0.0,0.0,0.0,0.0,0.20748733450106382,0.0,0.0,0.0,0.0,0.0,0.0,0.0,0.0,142.11099518267375,5346.614852438688,606.6950893740707,1745.6746820339797
0.0,0.0,0.0,0.0,0.0,0.0,0.0,0.0,0.0,0.0,0.0,0.0,0.0,0.4824107986855594,0.0,0.0,0.0,0.0,0.0,0.0,0.5175892013144405,0.0,0.0,0.0,0.0,0.0,0.0,0.0,0.0,0.0,188.7149751875423,4926.563170719231,388.69290609511125,1996.6318681170096
0.0,0.0,0.0,0.0,0.0,0.0,0.0,0.0,0.0,0.0,0.0,0.0,0.0,0.0,0.0,0.0,0.5490744857775781,0.0,0.0,0.0,0.0,0.23674404479619837,0.0,0.0,0.0,0.0,0.0,0.0,0.0,0.2141814694262237,82.48911176995257,2885.544579646146,358.65325477629983,1505.1213936170482
0.0,0.0,0.0,0.0,0.0,0.0,0.11094451292040078,0.0,0.0,0.0,0.0,0.0,0.0,0.0,0.0,0.0,0.7059822288498621,0.0,0.18307325822973713,0.0,0.0,0.0,0.0,0.0,0.0,0.0,0.0,0.0,0.0,0.0,148.29975404060596,3971.7980060606023,338.9550081969545,1265.2247437101892
0.0,0.0,0.0,0.0,0.0,0.0,0.16739299112154982,0.0,0.0,0.0,0.17164020659200968,0.0,0.0,0.27972143010657063,0.0,0.0,0.0,0.0,0.04980979800646587,0.1541918875620327,0.0,0.0,0.0,0.0,0.1772436866113713,0.0,0.0,0.0,0.0,0.0,151.75065520217083,5724.035074474192,494.5693321804574,2292.4717836281957
0.0,0.0,0.0,0.0,0.0,0.1632730164084556,0.0,0.31924197552521677,0.0,0.0,0.0,0.0,0.0,0.0,0.0,0.2801592866485174,0.23732572141781005,0.0,0.0,0.0,0.0,0.0,0.0,0.0,0.0,0.0,0.0,0.0,0.0,0.0,98.74475512706978,9489.440324184821,383.85629628372743,2110.2889228272807
0.0,0.0,0.0,0.0,0.0,0.0,0.0,0.10331512297398862,0.0,0.0,0.0,0.0,0.0,0.0,0.11495543428021081,0.0,0.0,0.0,0.1864257176405377,0.0,0.0,0.0,0.16327011669702254,0.0,0.0,0.21457189324074324,0.0,0.0,0.0,0.21746171516749704,53.724009719298806,11864.985580021395,534.1227707235913,1848.5310886044476
0.0,0.0,0.0,0.0,0.0,0.0,0.0,0.0,0.0571735066639287,0.0,0.0,0.0,0.0,0.0,0.0,0.0,0.0,0.0,0.0765794478860406,0.0,0.5737464412868493,0.0,0.0,0.0,0.0,0.2925006041631813,0.0,0.0,0.0,0.0,213.32113017696156,8744.879918913579,437.8151922483959,1555.2483786205871
0.0,0.0,0.0,0.0,0.0,0.0,0.30257040969259075,0.0,0.0,0.0,0.0,0.0,0.0,0.0,0.10855950829235467,0.0,0.0,0.0,0.4130974343665092,0.0,0.17577264764854525,0.0,0.0,0.0,0.0,0.0,0.0,0.0,0.0,0.0,178.4095924370023,7236.8465904278455,480.79015089761856,1076.3373835406544
0.0,0.0,0.0,0.0,0.4677178327269508,0.0,0.0,0.0,0.0,0.0,0.0,0.0,0.0,0.0,0.0,0.0,0.0,0.0,0.0,0.0,0.0,0.0,0.0,0.0,0.0,0.0,0.0,0.0,0.5322821672730492,0.0,10.878277944558116,6885.071609990447,602.5897343905852,1869.4736204733726
0.030000211256040975,0.0,0.0,0.0,0.0,0.0,0.0,0.0,0.0,0.4204501622310602,0.0,0.0,0.0,0.0,0.0,0.0,0.0,0.1339879019110588,0.0,0.0,0.0,0.0,0.11661035604934886,0.2989513685524912,0.0,0.0,0.0,0.0,0.0,0.0,59.18285893105876,10215.0115314688,451.2876951010371,1805.2660444504486
0.16098646687459628,0.0,0.0,0.0,0.0,0.0,0.0,0.0,0.0,0.0,0.0,0.0,0.12980780672432007,0.160199055584865,0.0,0.2802929740441618,0.0,0.08760798995491831,0.0,0.0,0.0,0.0,0.0,0.0,0.0,0.18110570681713853,0.0,0.0,0.0,0.0,64.8503996292924,6879.502913485121,608.1745278929557,2701.5581765813404
0.0,0.0,0.0,0.0,0.0,0.0,0.0,0.10686563057613359,0.0,0.0,0.0,0.018673200867590983,0.0,0.0,0.0,0.0,0.0,0.0,0.0,0.0,0.0,0.0,0.0,0.07268138113968883,0.17555050177123752,0.330802061287804,0.0,0.2954272243575451,0.0,0.0,57.166090720728526,13034.03180691444,659.4219694409072,2793.6310524717574
0.0,0.0,0.0,0.0,0.0,0.0,0.0,0.0,0.0,0.0,0.5557665298080732,0.0,0.0,0.0,0.0,0.0,0.0,0.0,0.0,0.0,0.0,0.0,0.0,0.0,0.0,0.2667802998290765,0.0,0.0,0.17745317036285044,0.0,168.819167379777,8728.367765187417,672.4768150987355,1849.3808623934112
0.0,0.0,0.0,0.0,0.0,0.0,0.0,0.0,0.0,0.0,0.0,0.0,0.0,0.0,0.0,0.6165693580853924,0.0,0.0,0.0,0.0,0.0,0.0,0.0,0.0,0.0,0.0,0.0,0.0,0.0,0.3834306419146075,26.629487758942027,6736.173036025683,552.3167432561444,2700.8810925855387
0.0,0.0,0.0,0.0,0.0,0.0,0.0,0.0,0.0,0.0,0.0,0.20807530955437878,0.0,0.0,0.0,0.7919246904456213,0.0,0.0,0.0,0.0,0.0,0.0,0.0,0.0,0.0,0.0,0.0,0.0,0.0,0.0,96.88045755697075,7318.778187474641,707.8911171812372,3772.6165872613647
0.0,0.0,0.0,0.0,0.0,0.0,0.0,0.0,0.10267263623483183,0.0,0.0,0.0,0.0,0.0,0.32004679824533755,0.0,0.18527231900606783,0.0,0.0,0.30657462314468026,0.0,0.0,0.0,0.0,0.0,0.0,0.08543362336908258,0.0,0.0,0.0,48.9016139229247,6281.224657730098,475.6480344399141,1591.728528188003
0.0,0.0,0.0,0.0,0.0,0.0,0.0,0.0,0.0,0.0,0.0,0.0,0.0,0.14573998092890555,0.0,0.0,0.0,0.0,0.0,0.0,0.0,0.0,0.0,0.0,0.0,0.6287498152120757,0.22551020385901877,0.0,0.0,0.0,17.615981138235682,12321.711652803015,540.4359807995206,3292.6181103530917
0.0,0.0,0.0,0.0,0.0,0.0,0.0,0.0,0.0,0.0,0.12165182821754655,0.24673826910381,0.280350936526934,0.21303327959168336,0.0,0.0,0.0,0.0,0.0,0.0,0.0,0.13822568656002615,0.0,0.0,0.0,0.0,0.0,0.0,0.0,0.0,166.42025688703325,4122.141176711539,591.7418315013783,2638.9248722178213
0.0,0.0,0.625740638675508,0.0,0.0,0.0,0.0,0.0,0.0,0.0,0.0,0.0,0.0,0.0,0.0,0.0,0.0,0.0,0.0,0.0,0.0,0.0,0.0,0.0,0.0,0.0,0.0,0.0,0.37425936132449206,0.0,3.8212748948416095,6109.667937448348,304.7288077957966,2269.1650402321307
0.0,0.0,0.1679550049386309,0.20372362185818915,0.0,0.0,0.3834641259506211,0.0,0.0,0.0,0.0,0.0,0.0,0.0,0.0,0.0,0.0,0.0,0.0,0.0,0.0,0.0,0.24485724725255878,0.0,0.0,0.0,0.0,0.0,0.0,0.0,99.83966761458234,10778.63281035502,339.17812090308416,1846.3627431284167
0.0,0.28728580456776615,0.0,0.2680206777857666,0.0,0.0,0.0,0.0,0.0,0.0,0.0,0.0,0.181523452350052,0.0,0.0,0.0,0.0,0.0,0.0,0.2631700652964153,0.0,0.0,0.0,0.0,0.0,0.0,0.0,0.0,0.0,0.0,91.3644666786259,4883.411203602773,259.8651469713839,1275.2513238129077
0.0,0.0,0.0,0.0,0.0,0.0,0.06537730070165407,0.37463985393915306,0.0,0.0,0.1818873006503651,0.0,0.0,0.0,0.0,0.0,0.0,0.0,0.0,0.0,0.0,0.0,0.3780955447088276,0.0,0.0,0.0,0.0,0.0,0.0,0.0,78.5469753959981,17674.52644345891,444.77592418477855,939.8942508088807
0.0,0.0,0.0,0.5310853528469588,0.0,0.0,0.0,0.0,0.0,0.0,0.38315914529879275,0.0,0.0,0.0,0.0,0.0,0.0857555018542483,0.0,0.0,0.0,0.0,0.0,0.0,0.0,0.0,0.0,0.0,0.0,0.0,0.0,249.047067822646,4865.756982838741,441.08844027214803,2132.3446883171446
0.0,0.0,0.0,0.0,0.42737887545097547,0.0,0.0,0.0,0.0,0.0,0.27633618093843526,0.0,0.0,0.0,0.0,0.0,0.0,0.0,0.0,0.0,0.0,0.0,0.0,0.0,0.0,0.0,0.2962849436105894,0.0,0.0,0.0,80.3170754774933,7421.8284887796835,625.5177018603844,1962.3904883056966
0.0,0.0,0.4169812898801667,0.0,0.0,0.0,0.0,0.0,0.0,0.18781830796087345,0.0,0.10675346167402676,0.0,0.0,0.0,0.0,0.0,0.0,0.0,0.0,0.0,0.0,0.0,0.0,0.0,0.2884469404849332,0.0,0.0,0.0,0.0,34.79141780924247,10786.254242540317,450.6783317988297,3242.17310751807
0.0,0.0,0.0,0.0,0.0,0.0,0.0,0.0,0.46926411596441797,0.12361626338999238,0.0,0.0,0.0,0.0,0.0,0.0,0.15209499436002782,0.0,0.0,0.0,0.0,0.0,0.2550246262855617,0.0,0.0,0.0,0.0,0.0,0.0,0.0,145.47714100881907,11099.802323819473,320.3254422580396,1039.9941195245915
0.5250764147384608,0.0,0.0,0.0,0.0,0.0,0.0,0.0,0.0,0.14278906824916301,0.0,0.0,0.17831193898354866,0.0,0.0,0.0,0.0,0.0,0.0,0.0,0.0,0.0,0.0,0.15382257802882748,0.0,0.0,0.0,0.0,0.0,0.0,20.173965158181765,5312.018502102907,255.01129265342735,1189.60615498761
0.0,0.05488087343271939,0.2675298724518181,0.49252207747081544,0.03977696317531247,0.0,0.0969367036951314,0.0,0.0,0.0,0.0,0.0,0.0,0.0,0.0,0.0,0.0,0.0,0.0,0.0,0.0,0.0,0.0,0.0,0.04835350977420307,0.0,0.0,0.0,0.0,0.0,149.41237994182248,5381.161529801342,266.0179400662203,2769.7473173013486
0.12822893698517038,0.0,0.0,0.0,0.0,0.0,0.0,0.0,0.0,0.10678477157958761,0.0,0.0,0.0,0.0,0.31231651530526217,0.0,0.0,0.0,0.0,0.28832027549767214,0.0,0.0,0.0,0.0,0.0,0.0,0.0,0.1643495006323079,0.0,0.0,3.5619161128485963,7924.763204645127,548.3815762162875,1443.4289755257653
0.0,0.0,0.0,0.0,0.0,0.0,0.0,0.0,0.0,0.0,0.04299660166614573,0.0,0.0,0.0,0.0,0.0,0.0,0.2780070402486014,0.0,0.0,0.1918093048689612,0.13659275715697364,0.0,0.0,0.19371409526804031,0.0,0.0,0.15688020079127796,0.0,0.0,246.43929962986817,5605.384306427592,609.5034743351478,1686.0281646289109
0.20001343108768416,0.0,0.0,0.0,0.0,0.0,0.0,0.0,0.0,0.0,0.0,0.22836101679215046,0.0,0.0,0.0,0.0,0.0,0.0,0.0,0.0,0.0,0.0,0.5716255521201655,0.0,0.0,0.0,0.0,0.0,0.0,0.0,93.74384081562097,13448.628556843849,505.29813747982416,1542.4866379611826
0.0,0.0,0.0,0.0,0.0,0.0,0.0,0.0,0.0,0.0,0.0,0.0,0.8985216750299185,0.0,0.0,0.0,0.0,0.0,0.0,0.0,0.0,0.10147832497008137,0.0,0.0,0.0,0.0,0.0,0.0,0.0,0.0,81.09254948208344,2705.1455801751868,255.18499500270883,1007.9308105206628
0.0,0.0,0.10744983327381451,0.0,0.0,0.0,0.07912666510009472,0.27567501992355564,0.0,0.0,0.0,0.0,0.0,0.0,0.0,0.0,0.0,0.15071769892317238,0.0,0.0,0.0,0.0,0.2507982297956126,0.0,0.0,0.0,0.13623255298375017,0.0,0.0,0.0,86.75950654885524,15529.39049852368,356.36584566196785,1355.6185281575192
0.0,0.0,0.0,0.08993388703775784,0.0,0.0,0.0,0.0,0.3738939394006438,0.03246247902487505,0.0,0.0,0.0,0.05510670032999489,0.0,0.0,0.0,0.0,0.0,0.0,0.3653409713021458,0.0,0.0,0.0,0.0,0.0,0.0832620229045824,0.0,0.0,0.0,246.27166046003046,7571.562700516365,297.3670357017985,1349.5718821246464
0.0,0.0,0.0,0.0,0.0,0.0,0.0,0.0,0.0,0.0,0.0,0.11867573381840507,0.5332134488138454,0.0,0.0,0.0,0.0,0.0,0.0,0.0,0.0,0.0,0.14587331179954444,0.0,0.0,0.0,0.0,0.2022375055682051,0.0,0.0,97.54958938915658,6841.248290014044,479.99515637717707,1294.4766715250096
0.0,0.0,0.0,0.0,0.0,0.0,0.0,0.0,0.23301014979620394,0.0,0.0,0.0,0.0,0.0,0.0,0.0,0.0,0.0,0.0,0.0,0.0,0.0,0.3838676423823222,0.383122207821474,0.0,0.0,0.0,0.0,0.0,0.0,69.4798209234589,10248.904983533599,470.60926087609533,2036.8052851080367
0.7004856853434556,0.0,0.0,0.0,0.0,0.0,0.0,0.0,0.0,0.0,0.0,0.0,0.0,0.0,0.0,0.0,0.2995143146565444,0.0,0.0,0.0,0.0,0.0,0.0,0.0,0.0,0.0,0.0,0.0,0.0,0.0,43.87328007897495,3295.4332662893135,223.9050731989478,777.4098555316199
0.0,0.0,0.0,0.0,0.0,0.0,0.0,0.0,0.0,0.0,0.0,0.13544731122806072,0.0,0.0,0.0,0.0,0.0,0.0,0.27706782728785384,0.0,0.0,0.13241989328332443,0.0,0.24699796170313937,0.0,0.0,0.0,0.0,0.0,0.2080670064976215,103.47902804009583,4684.894221738898,532.3001684053947,2288.4751361053936
0.0,0.0,0.0,0.0,0.0,0.0,0.0,0.0,0.0,0.0,0.0,0.0,0.0,0.0,0.0,0.0,0.0,0.0,0.0,0.0,0.0,0.0,0.0,0.6145519393874336,0.0,0.0,0.0,0.0,0.3854480606125664,0.0,7.077337373751656,5424.401134845039,471.00048661547766,2884.9402658016147
0.0,0.0,0.39484513734176446,0.0,0.0,0.30489975680664855,0.0,0.300255105851587,0.0,0.0,0.0,0.0,0.0,0.0,0.0,0.0,0.0,0.0,0.0,0.0,0.0,0.0,0.0,0.0,0.0,0.0,0.0,0.0,0.0,0.0,96.25464615126937,9384.767978020978,186.12904426253084,2417.141800871494
0.0,0.048175137577033914,0.0,0.0,0.0,0.0,0.0,0.39872162028531827,0.0,0.0,0.12841561599695586,0.0,0.14019209552733403,0.0,0.0,0.0,0.0,0.0,0.20154340850333638,0.0,0.0,0.0,0.0,0.0,0.08295212211002165,0.0,0.0,0.0,0.0,0.0,123.21736313259002,11537.01333580172,382.2395362079039,1088.073800141986
0.0,0.0,0.0,0.0,0.0,0.0,0.13810765319402094,0.0,0.0,0.0,0.0,0.0,0.0,0.055578793436418916,0.0,0.0,0.07796177142955871,0.0,0.0,0.0,0.0,0.0,0.0,0.2764937532873455,0.3179179154637696,0.0,0.13394011318888632,0.0,0.0,0.0,109.74675370622278,6462.980255058108,437.8540632893876,2889.539985333081
0.0,0.0,0.0,0.24951656963708918,0.0,0.0,0.0,0.0,0.0,0.0,0.0,0.0,0.0,0.0,0.0,0.5324840134407612,0.0,0.0,0.0,0.0,0.0,0.0,0.0,0.0,0.2179994169221497,0.0,0.0,0.0,0.0,0.0,127.3861772671771,6962.900655954719,521.9077099266717,3636.406324679118
0.0,0.0,0.1285225529925529,0.046533032146746464,0.0,0.0,0.0,0.0,0.0,0.49298335080439054,0.0,0.0,0.0,0.0,0.0,0.0,0.08470077999303072,0.22596677363090886,0.0,0.0,0.0,0.0,0.0,0.0,0.0,0.0,0.02129351043237049,0.0,0.0,0.0,114.41155235151662,8835.645421403788,365.86375954278265,1418.1958893608662
0.0,0.1358272181882784,0.0,0.0,0.0,0.0,0.0,0.33404597626619326,0.0,0.0,0.0,0.2113480340790568,0.0,0.03141491363660495,0.0,0.0,0.0,0.0,0.0,0.0,0.0,0.0,0.0,0.0,0.0,0.0,0.0,0.16377515713443536,0.12358870069543115,0.0,82.18279605769293,13279.981088852408,505.00173510806235,1837.115913502475
0.0,0.0,0.0,0.28007442379137004,0.0,0.0,0.0,0.0,0.0,0.0,0.0,0.0,0.2862889713801995,0.0,0.0,0.12279051816278,0.0,0.14448368321169366,0.0,0.0,0.0,0.0,0.0,0.0,0.0,0.0,0.16636240345395684,0.0,0.0,0.0,165.73570877384202,5523.914502804626,347.50457721844276,2050.5805547255977
0.20099994976147303,0.0,0.0,0.0,0.0,0.0,0.0,0.05391318755391597,0.0,0.0,0.0,0.0,0.0,0.0,0.0,0.0,0.3405073778496161,0.0,0.0,0.0,0.0,0.0,0.0,0.0,0.0,0.4045794848349948,0.0,0.0,0.0,0.0,57.710130820153836,9781.582690770827,458.0320409870564,2184.5203224376605
0.0,0.0,0.0,0.0,0.0,0.0,0.0,0.0,0.0,0.0,0.0,0.0,0.0,0.0,0.0,0.0,0.33996540427787886,0.2795434261061287,0.1157088456461022,0.0,0.0,0.0,0.0,0.26478232396989027,0.0,0.0,0.0,0.0,0.0,0.0,189.48454592176938,3253.3461992634707,543.7345258520068,1832.9109450209396
0.037701022574073595,0.0,0.0,0.0,0.0,0.0,0.0,0.0,0.07825067392024707,0.14881794447575936,0.0,0.0,0.26931671469244106,0.0,0.0,0.0,0.0,0.0,0.0,0.0,0.0,0.09238974390253761,0.0,0.0,0.0,0.0,0.0,0.37352390043494116,0.0,0.0,52.458090593084755,9531.118810713735,553.631114844969,1141.231184126933
0.0,0.04038142363321724,0.0,0.0,0.0,0.09125611337221344,0.0,0.21308625333754944,0.0,0.0,0.0,0.0,0.0,0.0,0.0,0.0,0.0,0.0,0.0,0.0,0.0,0.0,0.39664896630675867,0.16441320482803282,0.09421403852222845,0.0,0.0,0.0,0.0,0.0,65.32251698433514,15252.315152361864,384.4923739623315,1893.1181075415236
0.0,0.0,0.0,0.0,0.0,0.0,0.5455736749642024,0.0,0.0,0.14457805699137788,0.0,0.0,0.0,0.0,0.0,0.0,0.0,0.0,0.05448520870772208,0.0,0.0,0.0,0.0,0.0,0.0,0.0,0.0,0.0,0.0,0.25536305933669773,68.45049233593825,8593.934450302555,370.47939120505805,950.3374036752008
0.0,0.0,0.0,0.0,0.0,0.0,0.0,0.0,0.0,0.0,0.27709409459086537,0.0,0.24903787917037412,0.0,0.0,0.0,0.0,0.0,0.0,0.4738680262387605,0.0,0.0,0.0,0.0,0.0,0.0,0.0,0.0,0.0,0.0,101.15516130092699,4317.519380039051,379.4988202899572,956.1531140290258
0.0,0.0,0.06241507712620791,0.0,0.12088627429506145,0.0,0.0,0.0,0.0,0.0,0.0,0.0,0.0,0.18239583670247939,0.12979601668709248,0.0,0.3832090557816477,0.0,0.0,0.0,0.0,0.0,0.0,0.0,0.0,0.1212977394075111,0.0,0.0,0.0,0.0,70.65556854194061,5699.232451700086,568.8768106137071,2486.5946634391494
0.0,0.0,0.0,0.0,0.5001547239931137,0.0,0.0,0.0,0.4779227616579435,0.0,0.0,0.0,0.0,0.0,0.0,0.0,0.0,0.0,0.021922514348942962,0.0,0.0,0.0,0.0,0.0,0.0,0.0,0.0,0.0,0.0,0.0,103.45944541063422,6009.707787048796,572.0009990262342,1805.4004659858915
0.0,0.0,0.0,0.0,0.0,0.42158863656215834,0.0,0.027952630801469997,0.0,0.0,0.0,0.0,0.0,0.0,0.0,0.0,0.0,0.0,0.27392792248589554,0.0,0.0,0.0,0.0,0.21116352009948483,0.0,0.0,0.06536729005099133,0.0,0.0,0.0,175.35919582598078,5276.265877159814,379.9150548111502,2386.404515544804
0.0,0.0,0.0,0.15582154369982834,0.0,0.0,0.21257381599154754,0.0,0.0,0.0,0.0,0.0,0.0,0.0,0.0,0.0,0.0,0.07298022267418057,0.0,0.0,0.0,0.0,0.0,0.4619148434854471,0.0,0.0763950452068008,0.0,0.020314528942195754,0.0,0.0,103.64841476913513,6413.574755842092,490.5603009720219,2887.2603373845936
0.0,0.0,0.0,0.0,0.0,0.447630682063063,0.1905181898666618,0.0,0.0,0.36185112807027525,0.0,0.0,0.0,0.0,0.0,0.0,0.0,0.0,0.0,0.0,0.0,0.0,0.0,0.0,0.0,0.0,0.0,0.0,0.0,0.0,137.89870019138363,8660.1547232482,269.877894363285,1730.1580226624542
0.0,0.0,0.0,0.0,0.0,0.2888393701473138,0.0,0.6758726832554239,0.0,0.0,0.0,0.0,0.0,0.0,0.0,0.0,0.0,0.0,0.0,0.035287946597262275,0.0,0.0,0.0,0.0,0.0,0.0,0.0,0.0,0.0,0.0,80.51340981192489,14700.83114904877,148.35725078186493,1405.9060416152304
0.2828183008976307,0.0,0.0,0.0,0.0,0.22207319226440245,0.0,0.49510850683796687,0.0,0.0,0.0,0.0,0.0,0.0,0.0,0.0,0.0,0.0,0.0,0.0,0.0,0.0,0.0,0.0,0.0,0.0,0.0,0.0,0.0,0.0,63.145655266323644,11912.40173683327,172.28631812209926,1132.5321827016683
0.0,0.0,0.0,0.0,0.0,0.0,0.0,0.0,0.0,0.0,0.5188428358596436,0.0,0.0,0.0,0.0,0.0,0.0,0.0,0.0,0.0,0.0,0.4811571641403565,0.0,0.0,0.0,0.0,0.0,0.0,0.0,0.0,141.26198462599214,4974.135036022938,676.4248071454634,1634.4934362352544
0.13058584149294358,0.0,0.0,0.0,0.0,0.0,0.11833121124773632,0.0,0.0,0.0,0.0,0.0,0.0,0.0,0.0,0.0,0.25322034800843823,0.0,0.0,0.0,0.0,0.0,0.0,0.08503421201555908,0.0,0.0,0.0,0.0,0.0,0.4128283872353227,55.40306674678972,4772.804456438792,314.15320775507985,1233.8106666466588
0.22273536150532217,0.0,0.0,0.0,0.0,0.0,0.0,0.1830376267347792,0.0,0.0,0.0,0.0,0.0,0.0,0.0,0.18810151348555956,0.0,0.0,0.3096511334600779,0.0,0.0,0.09647436481426121,0.0,0.0,0.0,0.0,0.0,0.0,0.0,0.0,72.93640485465514,8303.141141710203,449.85342812816606,1574.1525538068465
0.0,0.0,0.0,0.0,0.0,0.0,0.0,0.0,0.0,0.0,0.0,0.0,0.0,0.0,0.0,0.0,0.0,0.0,0.0,0.0,0.0,0.0,0.0,0.2656347158761097,0.0,0.7343652841238903,0.0,0.0,0.0,0.0,11.863353132910008,12058.743021302209,670.4111914846039,3716.5321168322303
0.0,0.0,0.0,0.0,0.0,0.0,0.0,0.4063022606892499,0.0,0.0,0.0,0.0,0.0,0.0,0.0,0.28496404498374184,0.0,0.0,0.05945085302561546,0.0,0.0,0.0,0.060642216182369035,0.0,0.0,0.0,0.0,0.08685444262345912,0.0,0.10178618249556468,38.04009176061765,14418.234274363607,479.521599374439,1850.4480947403865
0.0,0.0,0.0,0.0,0.0,0.0,0.0,0.0,0.0,0.14892111853826703,0.0,0.1427906581374096,0.0,0.0,0.0,0.09828504544598769,0.0,0.0,0.0,0.0,0.0,0.23396283175774493,0.0,0.0,0.3760403461205907,0.0,0.0,0.0,0.0,0.0,143.0042307236211,6635.939608422852,513.7581626325244,2683.699406607254
0.0,0.0,0.0,0.0,0.0,0.0,0.0,0.0,0.0,0.0,0.0817092469121111,0.0,0.1877132803028938,0.0,0.0,0.0,0.0,0.0,0.0,0.007935640251660188,0.0,0.5437050060093916,0.0,0.15344810069144385,0.0,0.0,0.0,0.0,0.0,0.025488725832499445,50.00458867022396,3794.6243428107646,544.6525603035026,2184.3612694553044
0.5057628413439217,0.0,0.0,0.0,0.0,0.0,0.0,0.0,0.0,0.0,0.0,0.0,0.0,0.0,0.0,0.0,0.0,0.0,0.3439766767511718,0.0,0.0,0.0,0.0,0.0,0.0,0.0,0.0,0.0,0.15026048190490648,0.0,70.11401172346383,5039.239940299238,317.72488633463905,760.1501912494987
0.17030307977163717,0.0,0.0,0.0,0.0,0.0,0.0,0.5866398406401785,0.0,0.0,0.0,0.07960689271970205,0.0,0.0,0.0,0.0,0.0,0.0,0.0,0.0,0.0,0.0,0.0,0.0,0.0,0.0944061521757768,0.0,0.0,0.06904403469270547,0.0,39.854920280183094,15995.654096450917,287.78048293207377,1470.4993583494124
0.0,0.0,0.0,0.0,0.08975999298407024,0.0,0.0,0.0,0.0,0.0,0.0,0.0,0.0,0.0,0.0,0.0,0.23782749052310767,0.1617497849519352,0.0,0.0,0.0,0.0,0.0,0.0,0.0,0.0,0.0,0.0,0.3606068420715455,0.15005588946934156,102.48945753879264,5685.201086734429,443.300355790754,1435.6103911660887
0.0,0.6944020809044834,0.0,0.0,0.0,0.0,0.0,0.0,0.30559791909551653,0.0,0.0,0.0,0.0,0.0,0.0,0.0,0.0,0.0,0.0,0.0,0.0,0.0,0.0,0.0,0.0,0.0,0.0,0.0,0.0,0.0,73.68975692545449,7632.853835048477,363.4435442984791,689.1001074736838
0.0,0.0,0.0,0.0,0.0,0.05233218242783552,0.0,0.0,0.0,0.0,0.0,0.0,0.4316065766368652,0.0,0.0,0.0,0.0,0.0,0.0,0.16498362280954534,0.0,0.0,0.0,0.0,0.0,0.0,0.151910232060336,0.0,0.0,0.19916738606541784,63.95024482695814,4925.797047965181,229.83794072599053,1180.7981001654005
0.0,0.0,0.0,0.24870558880553834,0.0,0.0,0.0,0.0,0.0,0.0,0.0,0.0,0.0,0.0,0.0,0.0,0.7512944111944616,0.0,0.0,0.0,0.0,0.0,0.0,0.0,0.0,0.0,0.0,0.0,0.0,0.0,161.02754804320392,2953.8242914130497,245.86944325782318,1805.7345667570169
0.0,0.0,0.0,0.0,0.09680448669448156,0.26180997585970833,0.34399018590882297,0.0,0.0,0.0,0.0,0.0,0.0,0.15123032931579947,0.0,0.0,0.0,0.0,0.0,0.0,0.0,0.0,0.0,0.0,0.0,0.0,0.1461650222211877,0.0,0.0,0.0,113.16518967534198,7540.496704155681,397.0636764785843,2300.2703789694806
0.0,0.0,0.0,0.0,0.22992497202752923,0.0,0.5894431446405667,0.0,0.0,0.0,0.0,0.0,0.0,0.0,0.0,0.0,0.0,0.0,0.18063188333190408,0.0,0.0,0.0,0.0,0.0,0.0,0.0,0.0,0.0,0.0,0.0,91.4693623616326,7931.233781633863,529.5171123059532,1326.0225611010546
0.0,0.0,0.0,0.0,0.0,0.0,0.0,0.0,0.0,0.0,0.0,0.0,0.0,0.0,0.0,0.0,0.0,0.0,0.0,0.0,0.0,0.0,0.0,0.0,0.4316448555791636,0.0,0.0,0.5683551444208363,0.0,0.0,95.44669874979962,9309.967663407622,603.4987795497667,1989.4538168944725
0.0,0.0,0.0,0.0,0.0,0.0,0.3386674157379607,0.0,0.0,0.0,0.0,0.029074481649772357,0.0,0.0,0.0,0.0,0.0,0.22538369197433072,0.0,0.0,0.0,0.0,0.21603527212166102,0.0,0.0,0.0,0.19083913851627526,0.0,0.0,0.0,135.40456764458335,10827.949154548385,426.05138533985803,1201.7274282617664
0.0,0.0,0.12374387754508416,0.0,0.0,0.0,0.0,0.18232264954839666,0.0,0.0,0.0,0.0,0.0,0.0,0.3122330680943757,0.0,0.0,0.0,0.0,0.0,0.0,0.352889138867184,0.02881126594495943,0.0,0.0,0.0,0.0,0.0,0.0,0.0,3.657317528435741,10059.397706314765,572.4106503343086,3688.2310704028228
0.0,0.0,0.0,0.0,0.0,0.0,0.0,0.0,0.0,0.0,0.0,0.0,0.0,0.0,0.0,0.0,0.0,0.32552005921303206,0.0,0.0,0.0,0.0,0.0,0.0,0.0,0.0,0.0,0.0,0.0,0.6744799407869679,119.09921035895981,3488.523876467797,398.33983541605556,718.8811824443969
0.0,0.0,0.0,0.0,0.0,0.15587015098724744,0.0,0.0,0.0,0.0,0.0,0.27534040603006266,0.0,0.04246442856119307,0.0,0.1661445448409422,0.0,0.0,0.0,0.0,0.19406320127019686,0.0,0.16611726831035784,0.0,0.0,0.0,0.0,0.0,0.0,0.0,214.20030087858387,8817.780673674528,618.0738727696321,3002.4102580242034
0.0,0.0,0.0,0.0,0.0,0.0,0.0,0.0,0.0,0.0,0.0,0.0,0.0,0.0,0.10645138805562253,0.8935486119443775,0.0,0.0,0.0,0.0,0.0,0.0,0.0,0.0,0.0,0.0,0.0,0.0,0.0,0.0,36.009753398723184,7980.913083479649,732.2107709833796,3646.612344177673
0.0,0.0,0.0,0.4679181794087353,0.0,0.0,0.0,0.0,0.0,0.0,0.26732263944178586,0.0,0.0,0.0,0.2389106306376533,0.0,0.10506641334083518,0.0,0.12192973551744357,0.0,0.0,0.28923601543564736,0.0,0.0,0.0,0.0,0.0,0.0,0.0,0.0,165.5923598714761,5780.434166737045,527.9812879307137,2106.513516509544
0.0,0.25867259427257416,0.0,0.28311578860909375,0.0,0.0,0.0,0.042208666819687615,0.0,0.4160029502986443,0.0,0.0,0.0,0.0,0.0,0.0,0.0,0.0,0.0,0.0,0.0,0.0,0.0,0.0,0.0,0.0,0.0,0.0,0.0,0.0,84.63262276738855,10116.884238749426,269.6115018760989,1398.433706261551
0.0,0.1746683199825079,0.0,0.0,0.0,0.0,0.0,0.0,0.0,0.0,0.0,0.0,0.0,0.5560523249340039,0.06746615423818016,0.0,0.0,0.0,0.0,0.0,0.0,0.0,0.0,0.0,0.0,0.0,0.2018132008453081,0.0,0.0,0.0,29.865985771004226,6724.64258836358,454.4671022442913,2521.69165763171
0.0,0.0,0.0,0.0,0.0,0.0,0.0,0.06311675636440403,0.0,0.18906198154013573,0.38502808366237185,0.16205217978651495,0.0,0.0,0.0,0.0,0.08603957107013079,0.0,0.0,0.11470142757644267,0.0,0.0,0.0,0.0,0.0,0.0,0.0,0.0,0.0,0.0,180.20569325127443,8052.695913379073,602.436502469042,1650.0321771400465
0.0,0.0,0.0,0.0,0.0,0.0,0.0,0.2680252749518903,0.4689675936835693,0.0,0.0,0.23417597619991182,0.0,0.0,0.0,0.0,0.0,0.0,0.0,0.0,0.0,0.0,0.0,0.0,0.0,0.0,0.0,0.3559536153799602,0.0,0.22781685563332854,122.85995426960078,10897.169668135139,498.0922457256488,1496.226983082416
0.0,0.0,0.0,0.0,0.0,0.0,0.0,0.0,0.0,0.0,0.0,0.0,0.1876425143334524,0.0,0.0,0.0,0.0,0.0,0.0,0.6001944489256591,0.0,0.0,0.16462419296394146,0.0,0.0,0.0,0.0,0.0,0.047538843776947046,0.0,28.287778114794474,6450.8387886116825,255.67202350752243,884.4636460706517
0.0,0.0,0.1798366548012843,0.0,0.0,0.0,0.0,0.0,0.0,0.0,0.6910438544711064,0.0,0.0,0.0,0.0,0.14347238044109195,0.0,0.0,0.0,0.0,0.12761989638777269,0.0,0.0,0.0,0.0,0.1600682281181408,0.0,0.0,0.0,0.0,191.07462726826174,7238.943482884729,695.12515907205,1975.8164641314186
0.0,0.0,0.0,0.15286170717932476,0.0,0.0,0.0,0.35913598196765417,0.0,0.0,0.0,0.0,0.0,0.07207691338832198,0.0,0.0,0.0,0.0,0.0,0.0,0.0,0.0,0.0,0.4159253974646991,0.0,0.0,0.0,0.0,0.0,0.0,48.50459964391969,9709.071951697684,358.82368832075105,2771.4594106293794
0.0,0.0,0.0,0.0,0.0,0.0,0.0,0.18304324347472903,0.0,0.0,0.0,0.0,0.0,0.0,0.0,0.0,0.0,0.0,0.0,0.8169567565252709,0.0,0.0,0.0,0.0,0.0,0.0,0.0,0.0,0.0,0.0,7.967046416027847,6448.189287211179,176.05171673949962,653.6345715711602
0.0,0.0,0.16683536674510524,0.0,0.0,0.17396882186893134,0.0,0.0,0.0,0.0,0.0,0.0,0.0,0.0,0.0,0.0,0.0,0.0,0.0,0.0,0.0,0.0,0.0,0.28061851761609663,0.0,0.0,0.0,0.0,0.0,0.37857729376986676,51.74764453017239,4527.427185412177,365.92665661291153,2446.630367474999
0.0,0.0,0.0,0.2094120797558907,0.0,0.0,0.0,0.590562507495804,0.0,0.0,0.0,0.0,0.0,0.0,0.0,0.0,0.0,0.0,0.0,0.0,0.0,0.0,0.0,0.0,0.0,0.0,0.0,0.0,0.0,0.20002541274830532,63.77286039405368,14094.210227182537,179.2648219506062,1298.256730275083
0.0,0.0,0.0,0.29306799517867865,0.0,0.0,0.025176237530631723,0.0,0.0,0.0,0.0,0.0,0.0,0.28711792259586066,0.0,0.0,0.0,0.0,0.07289716847493874,0.14908158392483095,0.0,0.0,0.0,0.0,0.0,0.0,0.0,0.0,0.0,0.17265909229505919,118.81964889950709,4590.1429466141635,328.0049693916447,2199.8784286055475
0.0,0.0,0.0,0.0,0.0,0.0,0.0,0.0,0.0,0.0,0.0,0.11684490364607242,0.0,0.10699150541393657,0.0,0.0,0.0,0.0,0.26249217631419347,0.0,0.05892132291174509,0.0,0.30386838883347317,0.0,0.0,0.0,0.0,0.0,0.0,0.15088170288057917,138.3277497509092,9755.212879845507,473.29851841871096,1642.3080041521357
0.0,0.0,0.0,0.0,0.0,0.0,0.0,0.0,0.3903641315111809,0.0,0.0,0.0,0.0,0.0,0.0,0.0,0.0,0.0,0.0,0.0,0.0,0.0,0.0,0.0,0.0,0.0,0.0,0.0,0.0,0.609635868488819,88.48922128146597,5286.320798118079,273.197675370886,934.1900295268622
0.0,0.0,0.0,0.0,0.0,0.0,0.0,0.0,0.0,0.0,0.0,0.0,0.32584644432368154,0.0,0.2946085612455914,0.3795449944307271,0.0,0.0,0.0,0.0,0.0,0.0,0.0,0.0,0.0,0.0,0.0,0.0,0.0,0.0,52.95453400045557,6454.712094614646,600.9400939146338,2596.1114509666413
0.0,0.0,0.0,0.0,0.0,0.0,0.0,0.0,0.0,0.2056460106106512,0.0,0.0,0.0,0.0,0.0,0.0,0.0,0.29795559410773836,0.0,0.0,0.0,0.49639839528161034,0.0,0.0,0.0,0.0,0.0,0.0,0.0,0.0,113.17661598391123,5611.950928501829,525.9804053687952,1393.967327104385
0.0,0.0,0.0,0.0,0.17844153977331673,0.0,0.0,0.0,0.0,0.0,0.0,0.0,0.18803682154576892,0.10870461486554658,0.0,0.0,0.0,0.0,0.0,0.0,0.0,0.0,0.0,0.0,0.0,0.39743227829278455,0.0,0.0,0.0,0.12738474552258308,35.733058927806006,8728.944262927567,594.8691950664651,2937.803454138938
0.0,0.0,0.2891658903077166,0.0,0.0,0.0,0.11080798023701816,0.0,0.0,0.0,0.0,0.10607783977710929,0.0,0.0,0.24046682072021702,0.0,0.0,0.0,0.0,0.0,0.0,0.0,0.0,0.0,0.0,0.0,0.0,0.0,0.25348146895793894,0.0,50.279911937476086,7815.468705892994,539.4000389434962,2647.877679424687
0.0,0.0,0.0,0.0,0.0,0.0,0.0,0.0,0.0,0.0,0.3201688545576626,0.0,0.0,0.0,0.0,0.0,0.0,0.0,0.0,0.0,0.0,0.0,0.0,0.2643687346792787,0.0,0.0,0.4154624107630589,0.0,0.0,0.0,91.85838718688194,7729.002680362948,501.33723839760864,2067.721122261134
0.0,0.0,0.12873040226009477,0.0,0.0,0.0,0.0,0.23247434025335542,0.0,0.2824718812449012,0.0,0.0,0.09999687521213657,0.0,0.0,0.0,0.0,0.0,0.0,0.0,0.0,0.0,0.2563265010295121,0.0,0.0,0.0,0.0,0.0,0.0,0.0,26.634229135456227,15649.708698623474,303.70920710629355,1213.0871641964225
0.0,0.0,0.0,0.0,0.163080241806907,0.0,0.0,0.0,0.0,0.0,0.0,0.0,0.0,0.0,0.0,0.0,0.0,0.0,0.0,0.8369197581930932,0.0,0.0,0.0,0.0,0.0,0.0,0.0,0.0,0.0,0.0,5.019910428903066,4022.168617538062,279.71067193020986,978.3714837224576
0.0,0.0,0.0,0.0,0.0,0.0,0.0,0.0,0.0,0.0,0.0,0.0,0.0,0.0,0.04409144939966304,0.0,0.4135458070329315,0.49636490100400266,0.0,0.0,0.0,0.0,0.0,0.0,0.0,0.0,0.0,0.0,0.0,0.04599784256340296,234.37833903115603,2681.380350230447,513.7705368496287,990.5426267385228
0.0,0.0,0.0,0.0,0.0,0.0,0.0,0.0,0.14157760298886052,0.0,0.0,0.0,0.0,0.0,0.0,0.0,0.0,0.0,0.0,0.27687080917765466,0.0,0.0,0.0,0.15365688658882268,0.0,0.0,0.27052902090788933,0.15736568033677292,0.0,0.0,40.67687622721746,8566.556221535988,384.5730033327291,1765.1383674373515
0.0,0.0,0.0,0.0,0.0,0.0,0.0,0.18266856325928937,0.0,0.0,0.0,0.0,0.0,0.0,0.0,0.0,0.0,0.0,0.0,0.6084706111446466,0.05139939748764016,0.0,0.0,0.0,0.0,0.0,0.0,0.0,0.0,0.1574614281084238,25.245678465588455,7756.646507071393,198.84552164045215,818.8285404692007
0.0,0.0,0.0,0.0,0.0,0.0,0.0,0.22554153694023335,0.2955775466176847,0.478880916442082,0.0,0.0,0.0,0.0,0.0,0.0,0.0,0.0,0.0,0.0,0.0,0.0,0.0,0.0,0.0,0.0,0.0,0.0,0.0,0.0,79.40321703064402,13386.944070450212,229.3062164164487,902.3582585794087
0.0,0.0,0.0,0.0,0.0,0.0,0.0,0.4392303409855577,0.0,0.0,0.0,0.0,0.0,0.0,0.0,0.0,0.0,0.0,0.0,0.1532609127145063,0.23561455571179746,0.0,0.0,0.0,0.17189419058813846,0.0,0.0,0.0,0.0,0.0,120.53798447980584,12349.039140894705,224.9552280811077,1177.1550420714111
0.10133083903728721,0.0,0.0,0.0,0.0,0.0,0.0,0.0,0.0,0.0,0.3267467776820144,0.0,0.0,0.0,0.0,0.0,0.0,0.14235740138105746,0.0,0.0,0.2993502510118263,0.0,0.0,0.0,0.0,0.0,0.0,0.0,0.13021473088781468,0.0,255.34044532376365,5953.4200462614735,547.4972435542765,981.1963960971752
0.0496613201470279,0.0,0.3480603056897563,0.0,0.0,0.0,0.16308499245305155,0.0,0.0,0.0,0.0,0.09748348649455484,0.0,0.0,0.0,0.0,0.0,0.0,0.0,0.0,0.0,0.0,0.0,0.0,0.0,0.14127576809117884,0.20043412712443068,0.0,0.0,0.0,48.43997722190268,9315.424927125458,435.99931160074846,2895.3535080683378
0.0,0.0,0.0,0.0,0.0,0.0,0.0,0.0,0.0,0.0,0.0,0.0,0.0,0.0,0.04759387856057773,0.0,0.0,0.0,0.0,0.0,0.0,0.0,0.10734657134697255,0.0,0.0,0.36322987679793006,0.3184572407170051,0.1633724325775145,0.0,0.0,9.503470216898801,14854.890630994474,608.5503345596703,2471.5155694625473
0.0,0.0,0.0,0.0,0.1360244660618474,0.0,0.24301010698742934,0.0,0.0,0.0,0.12316831178438781,0.0,0.0,0.0,0.0,0.36263867472273015,0.0,0.0,0.0,0.0,0.0,0.0,0.0,0.0,0.0,0.13515844044360525,0.0,0.0,0.0,0.0,79.65086961226487,9693.196346870578,772.3498733252624,2761.5857521246085
0.0,0.0,0.6279998687967561,0.0,0.0,0.06198173396154293,0.0,0.0,0.0,0.18703787273170805,0.0,0.0,0.0,0.0,0.0,0.0,0.0,0.0,0.0,0.122980524509993,0.0,0.0,0.0,0.0,0.0,0.0,0.0,0.0,0.0,0.0,18.48475612722627,6567.17871002775,273.8852821245558,2398.9201414965614
0.0,0.0,0.0,0.0,0.0,0.0,0.0,0.0,0.17537694892892564,0.0,0.0,0.26765506420926377,0.0,0.1693346973399141,0.0,0.0,0.0,0.0,0.0,0.0,0.0,0.0,0.0,0.0,0.0,0.0,0.0,0.12021097941130016,0.2674223101105964,0.0,146.87135341388992,7647.161743653108,592.134162106415,2717.940305088217
0.0,0.0,0.0,0.0,0.19292353565091908,0.0,0.0,0.0,0.6360877750135235,0.0,0.0,0.0,0.0,0.0,0.0,0.0,0.0,0.0,0.0,0.0,0.0,0.0,0.0,0.0,0.17098868933555741,0.0,0.0,0.0,0.0,0.0,182.52107006449012,6135.220761257565,367.9047133237169,1787.4246175251221
0.0,0.0,0.0,0.0,0.21595172418315747,0.0,0.0,0.0,0.0,0.0,0.0,0.0,0.0,0.17228161056714192,0.0,0.0,0.09044849468515286,0.0,0.4256962634349665,0.0,0.0,0.0,0.0,0.0,0.0,0.0,0.0,0.0,0.0,0.09562190712958119,111.42495601827183,5158.3601627037315,576.8093155773162,1770.8125283596248
0.09728774187410914,0.0,0.048290461870191294,0.0,0.0,0.0,0.0,0.0,0.0,0.0,0.0,0.29586523397938175,0.0,0.0,0.0,0.0,0.0,0.0,0.0,0.0,0.0,0.0,0.44394912549342685,0.0,0.0,0.0,0.0,0.114607436782891,0.0,0.0,111.76628400031848,12155.691451609347,624.6895176162421,2169.464680988001
0.0,0.0,0.0,0.0,0.0,0.377906565048518,0.0,0.10582871356341866,0.0,0.0,0.0,0.0,0.0,0.5162647213880636,0.0,0.0,0.0,0.0,0.0,0.0,0.0,0.0,0.0,0.0,0.0,0.0,0.0,0.0,0.0,0.0,128.31348449805526,5523.801951656373,333.8838608614748,2998.445972228548
0.0,0.0,0.0,0.0,0.0,0.0,0.0,0.0,0.0,0.0,0.0,0.0,0.0,0.0,0.0,0.0,0.0,0.13780515284877462,0.1515081653637361,0.17208594686086348,0.0,0.0,0.0,0.0,0.3228396298627299,0.0,0.0,0.21576110506389587,0.0,0.0,148.89198081530662,6762.0713977198575,524.9920950064082,1711.143191218224
0.07899489602942766,0.0,0.0,0.0,0.0,0.0,0.0,0.0,0.0,0.0,0.0,0.0,0.0,0.0,0.0,0.0,0.0,0.0,0.0,0.0,0.13300339233278285,0.0,0.15087228821608853,0.4268248114085725,0.0,0.21030461201312856,0.0,0.0,0.0,0.0,58.67896158606505,9149.816165044134,556.1969491816287,2804.608834481208
0.0,0.0,0.0,0.0,0.0,0.0,0.0,0.0,0.0,0.0,0.119365728938662,0.0,0.0,0.0,0.0,0.21017016982180992,0.0,0.0,0.0,0.0,0.0,0.0,0.0,0.6704641012395282,0.0,0.0,0.0,0.0,0.0,0.0,44.29252954349127,4662.085569010864,629.1923725286988,3521.697317713622
0.0,0.0,0.0,0.0,0.0,0.0,0.2901241124065106,0.0,0.0,0.07433797884464982,0.0,0.3537462027337961,0.0,0.0,0.0,0.0,0.0,0.0,0.0,0.0,0.0,0.0,0.0,0.0,0.28179170601504355,0.0,0.0,0.0,0.0,0.0,227.56855048775967,7137.821416037075,508.233109671899,2925.235924650885
0.0,0.0,0.13311197636051655,0.0,0.0,0.0,0.0,0.0,0.0,0.0,0.0,0.0,0.0,0.33682599857585693,0.0,0.0,0.0,0.0,0.0,0.0,0.0,0.0,0.0,0.0,0.0,0.15876973059026026,0.2004457896194635,0.0,0.11315200515450004,0.057694499699402574,25.110905550743823,8365.062567447696,460.8125174273818,2997.5562371855012
0.0,0.0,0.0,0.0,0.12381515338319293,0.0,0.0,0.0,0.0,0.0,0.0,0.15589322779017675,0.0,0.0,0.0,0.0,0.0,0.0,0.0,0.0,0.0,0.15769058013840784,0.0,0.0,0.0,0.5626010386882226,0.0,0.0,0.0,0.0,47.33375269705737,10721.405313923708,748.3768264852162,3755.954829379664
0.0,0.0,0.0,0.0,0.0,0.0,0.0,0.0,0.1468913822879678,0.0,0.0,0.0,0.0,0.0,0.0,0.0,0.0,0.7258132184672114,0.0,0.0,0.0,0.0,0.0,0.0,0.0,0.127295399244821,0.0,0.0,0.0,0.0,302.70876130427655,4741.01430161495,533.4652770070326,1196.4349759864888
0.291729226868021,0.0,0.0,0.0,0.0,0.0,0.0,0.2955704032438849,0.0,0.0,0.0,0.0,0.0,0.06448783372005448,0.0,0.0,0.0,0.0,0.0,0.0,0.0,0.0,0.20599403523493542,0.0,0.0,0.0,0.0,0.06385492411136615,0.0,0.07836357682173806,15.921379225997207,13363.659449120958,310.05385741320214,1075.7829600563823
0.0,0.08196896469547363,0.0,0.0,0.0,0.0,0.0,0.0,0.0,0.0,0.0,0.0,0.0,0.0,0.05009825088168794,0.0,0.0,0.13245741506958825,0.0,0.03184370915399607,0.0,0.0,0.0,0.0,0.16469384386353847,0.0,0.0,0.0,0.0,0.09864759988140497,161.33462062142064,5618.018585808699,460.5016004424152,1688.039568976247
0.0,0.0,0.0,0.39534853464754255,0.0,0.0,0.0,0.0,0.2417696861831899,0.11338661167724189,0.0,0.2298290196829346,0.0,0.0,0.0,0.0,0.0,0.0,0.0,0.0,0.0,0.0,0.0,0.019666147809091095,0.0,0.0,0.0,0.0,0.0,0.0,220.43225861463313,6343.049044027758,369.0155392294034,2812.8981772383827
0.0,0.0,0.0,0.0,0.0,0.0,0.0,0.0,0.0,0.0,0.7728450928749906,0.0,0.0,0.0,0.0,0.0,0.0,0.0,0.0,0.0,0.0,0.0,0.0,0.0,0.0,0.0,0.22715490712500927,0.0,0.0,0.0,217.95502768731424,6968.770884684832,670.4559284249854,1237.3605230354924
0.0,0.0,0.09834328014317961,0.0,0.15018527053952627,0.0,0.15966911450395527,0.0,0.0,0.03484273183580573,0.0,0.0,0.0,0.0,0.18990176708166792,0.0,0.0,0.0,0.0,0.0,0.0,0.0,0.0,0.0,0.36705783589586527,0.0,0.0,0.0,0.0,0.0,105.50647426735475,7785.030485973048,549.291910005962,2718.2442605537453
0.0,0.0,0.0,0.0,0.0,0.0,0.0,0.0,0.07812918174190098,0.0,0.0,0.0,0.0,0.0,0.0,0.0,0.0,0.0,0.16126095154626915,0.0,0.0,0.0,0.0,0.0,0.2710164678982119,0.0,0.3710373897846977,0.11855600902892041,0.0,0.0,118.1832382554241,9308.797287048237,374.0519205227677,1824.7541988013745
0.0,0.0,0.0,0.0,0.21455907436510505,0.0,0.0,0.0,0.0,0.7854409256348951,0.0,0.0,0.0,0.0,0.0,0.0,0.0,0.0,0.0,0.0,0.0,0.0,0.0,0.0,0.0,0.0,0.0,0.0,0.0,0.0,2.3870597526767776,12636.68787976397,394.0622290344379,1229.2694505627142
0.0,0.0,0.16429120466976202,0.0,0.0,0.0,0.0,0.0,0.0,0.0,0.0,0.0,0.0,0.0,0.2001894851982299,0.0,0.33215966901060945,0.0,0.20703263477996658,0.09632700634143203,0.0,0.0,0.0,0.0,0.0,0.0,0.0,0.0,0.0,0.0,97.56796940314605,4895.8285604021075,518.1083473521086,1797.402506475634
0.0,0.0,0.0,0.0,0.0,0.0,0.0,0.0,0.0,0.0,0.0,0.0,0.41149755834200724,0.0,0.0,0.0,0.0,0.5885024416579927,0.0,0.0,0.0,0.0,0.0,0.0,0.0,0.0,0.0,0.0,0.0,0.0,251.43755393111624,2514.687569462634,429.90181227726765,863.5899999391464
0.0,0.0,0.0,0.0,0.0,0.0,0.0,0.0,0.0,0.0,0.5631504725979972,0.0,0.0,0.0,0.010285479844890257,0.0,0.0,0.0,0.0,0.0,0.0,0.4265640475571125,0.0,0.0,0.0,0.0,0.0,0.0,0.0,0.0,163.22531358065407,4839.906683612183,718.5349640580868,1515.396592634369
0.0,0.0,0.23157823601184277,0.0,0.021552264751918394,0.0,0.0,0.0,0.0,0.0,0.22980557827477288,0.0,0.0,0.0,0.0,0.14043472306616217,0.0,0.0,0.0,0.0,0.0,0.1546427818726506,0.0,0.22198641602265307,0.0,0.0,0.0,0.0,0.0,0.0,75.09225672485906,5782.269963020102,638.9424345706633,2798.897835892844
0.35793278855293015,0.0,0.0,0.0,0.0,0.11822438152684958,0.0,0.0,0.0,0.0,0.0,0.0,0.0,0.0,0.0,0.0,0.0,0.0,0.0,0.0,0.0,0.0,0.0,0.0,0.0,0.0,0.0,0.5238428299202201,0.0,0.0,35.00584818547341,7748.253655802737,570.4882348845626,1144.7603776100132
0.0,0.0,0.0,0.0,0.0,0.03955691195759877,0.0,0.43624609408236525,0.0,0.0,0.0,0.0,0.0877313290973684,0.0,0.0,0.0,0.0,0.0,0.0,0.4364656648626676,0.0,0.0,0.0,0.0,0.0,0.0,0.0,0.0,0.0,0.0,24.764813744769047,10711.954323687698,176.76822538098264,915.8038355037849
0.0,0.0,0.0,0.449295856460963,0.0,0.0,0.0,0.0,0.0,0.0,0.0,0.0,0.0,0.0,0.0,0.03438752174141105,0.0,0.09154353274614938,0.0,0.0,0.42477308905147665,0.0,0.0,0.0,0.0,0.0,0.0,0.0,0.0,0.0,294.7467198399703,5243.182973372686,288.42713687700126,1788.8068460996956
0.0,0.0,0.0,0.0,0.0,0.0,0.0,0.0,0.0,0.5113146138071348,0.0,0.0,0.0,0.0,0.0,0.12274531953337406,0.0,0.0,0.0,0.0,0.0,0.0,0.1021525715959993,0.0,0.0,0.0,0.2637874950634918,0.0,0.0,0.0,10.593588237440304,13220.325004212295,346.4530007874937,1555.5235100065265
0.0,0.0,0.0,0.0,0.0,0.0,0.0,0.0,0.0,0.0,0.0,0.0,0.0,0.0,0.0,0.0,0.0,0.0,0.0,0.0,0.0,0.0,0.2709589604164329,0.2376373757945896,0.0,0.0,0.49140366378897754,0.0,0.0,0.0,14.480384409938313,11637.10051844681,337.1231581849808,2021.4736201189507
0.0,0.0,0.0,0.0,0.0,0.0,0.0,0.0,0.0,0.0,0.0,0.1967992350588349,0.06774158519683575,0.0,0.0,0.0,0.0,0.0,0.0,0.2383279635649053,0.0,0.0,0.0,0.18274182113462292,0.0,0.0,0.0,0.0,0.0,0.314389395044801,70.84360897557,4387.897890115088,452.19966216390367,2085.517561540266
0.5341123165914443,0.0,0.0,0.0,0.0,0.1338037792923015,0.0,0.0,0.0,0.0,0.0,0.0,0.0,0.0,0.0,0.0,0.0,0.33208390411625427,0.0,0.0,0.0,0.0,0.0,0.0,0.0,0.0,0.0,0.0,0.0,0.0,153.71251492829495,3306.6018440298594,332.83859526152486,968.488564259199
0.0,0.0,0.274500337349074,0.0,0.0,0.2598509488666343,0.0,0.0,0.0,0.0,0.0,0.0,0.08076080380390424,0.0,0.0,0.0,0.0,0.1497748879088893,0.0,0.0,0.03191776117548513,0.0,0.0,0.0,0.0,0.0,0.0,0.0,0.20319526089601295,0.0,150.77245013448987,5435.276748820554,347.22355750536417,2260.062499453329
0.0,0.0,0.49356584543238996,0.0,0.0,0.0,0.0,0.06689090082658862,0.30935767163896627,0.0,0.0,0.0,0.0,0.0,0.0,0.0,0.0,0.0,0.13018558210205503,0.0,0.0,0.0,0.0,0.0,0.0,0.0,0.0,0.0,0.0,0.0,97.23706268338246,7319.089862625875,300.3235719348411,1968.8193303093867
0.0,0.0,0.0,0.0,0.0,0.0,0.0,0.10211105170938917,0.0,0.0,0.5663030635158056,0.0,0.0,0.0,0.0,0.0,0.0,0.0,0.0,0.33158588477480505,0.0,0.0,0.0,0.0,0.0,0.0,0.0,0.0,0.0,0.0,165.20857594282342,6622.616310340591,547.6896314697411,869.8307657967168
0.0,0.0,0.0,0.0,0.0,0.0,0.0,0.0,0.0,0.0,0.06888545722311214,0.0,0.0,0.6686852272403581,0.0,0.0,0.0,0.0,0.0,0.0,0.0,0.0,0.0,0.2624293155365297,0.0,0.0,0.0,0.0,0.0,0.0,63.06080195515153,3647.5159862247397,525.1850982099725,3456.0376858379095
0.0,0.0,0.15909885509858288,0.0,0.0,0.0,0.0,0.0,0.0,0.0,0.0,0.0,0.0,0.0,0.0,0.0,0.0,0.0,0.0,0.0,0.11546044705583149,0.30465086976282,0.0,0.0,0.0,0.0,0.4207898280827655,0.0,0.0,0.0,43.689755389098764,7564.25011135219,344.94373912190196,2051.187853509728
0.0,0.0,0.0,0.0,0.0,0.0,0.10738664343920834,0.0,0.0,0.0,0.15477117773409757,0.0,0.0,0.0,0.0,0.0,0.0,0.0,0.0,0.23421443701222974,0.08574995504228194,0.0,0.0,0.0,0.0,0.4178777867721825,0.0,0.0,0.0,0.0,89.8798118645956,10323.802043967606,562.7681368926997,2138.1846995464157
0.0,0.34106720857352685,0.0,0.0,0.0,0.0,0.0,0.04165887206059797,0.0,0.0,0.0,0.0,0.0,0.0,0.2970053440765496,0.0,0.0,0.0,0.0,0.2556419661738645,0.0,0.0,0.0,0.0,0.0,0.0,0.0,0.0,0.0,0.06462660911546109,7.569995409551129,8333.441645511999,500.4765740214095,1270.3783995866502
0.44252201282604536,0.0,0.1544726784232202,0.0,0.0,0.0,0.0,0.0,0.0,0.0,0.0,0.0,0.0,0.0,0.0,0.0,0.18588587251920496,0.0,0.0,0.0,0.0,0.0,0.0,0.0,0.0,0.0,0.18412193870127574,0.0,0.0,0.03299749753025355,27.58461587651767,5764.312676709221,252.58501855013398,1412.2311681594247
0.0,0.0,0.0,0.0,0.0,0.0,0.0,0.0,0.0,0.13898442683466075,0.34015198793046425,0.0,0.0,0.0,0.11283145336142626,0.0,0.0,0.0,0.0,0.0,0.0,0.15256686141835812,0.0,0.0,0.0,0.0,0.0,0.25546527045509065,0.0,0.0,98.92486285067183,9537.361590704117,701.3715849699851,1437.0613681117784
0.0,0.0,0.0,0.0,0.0,0.0,0.0,0.0,0.23737501380548856,0.0,0.0,0.0,0.0,0.0,0.0,0.0,0.0,0.0,0.0,0.0,0.0,0.0,0.24349186337864442,0.0,0.0,0.519133122815867,0.0,0.0,0.0,0.0,70.3648656781138,14129.374158177043,527.8000115906763,2473.1607766775587
0.0,0.0,0.0,0.409408551045349,0.0,0.0,0.0,0.5905914489546509,0.0,0.0,0.0,0.0,0.0,0.0,0.0,0.0,0.0,0.0,0.0,0.0,0.0,0.0,0.0,0.0,0.0,0.0,0.0,0.0,0.0,0.0,100.32688910939132,13795.933009656916,131.78056611906703,1682.6187570834925
0.0,0.0,0.0,0.0,0.0,0.0,0.3857424606887794,0.0,0.0,0.0,0.19208033569095231,0.0,0.0,0.0331795861853436,0.0,0.21871392781866608,0.0,0.0,0.0,0.17028368961625848,0.0,0.0,0.0,0.0,0.0,0.0,0.0,0.0,0.0,0.0,100.81348444971415,7863.442603089857,559.0559521708975,1877.4948254549479
0.0,0.0,0.0,0.0,0.0,0.0,0.0,0.0,0.0,0.0,0.0,0.7545412313367664,0.0,0.0,0.0,0.0,0.0,0.0,0.0,0.0,0.0,0.08819455093453481,0.0,0.0,0.0,0.0,0.0,0.15726421772869872,0.0,0.0,231.65872655154683,5507.299891887917,807.0204732161698,3207.3315159575573
0.0,0.0,0.0,0.0,0.272922356089871,0.0,0.0,0.0,0.0,0.0,0.0,0.0,0.0,0.40342187098376386,0.0,0.0,0.0,0.0,0.0,0.0,0.0,0.0,0.0,0.0,0.0,0.3236557729263652,0.0,0.0,0.0,0.0,23.857219640998597,8260.189215891238,684.102647925937,3420.0791647145534
0.06548310796073778,0.0,0.0,0.0,0.0,0.0,0.0,0.0,0.0,0.0,0.0,0.0,0.0,0.0,0.0,0.0,0.0,0.3613263804501452,0.0,0.14806744973383013,0.0,0.0,0.0,0.0,0.20198773147517893,0.0,0.0,0.22313533038010785,0.0,0.0,182.4777709656232,5789.177638088519,575.0508519046485,1454.882065557081
0.0,0.0,0.0,0.0,0.0,0.0,0.1334709694448741,0.0,0.0,0.0,0.0,0.0,0.0,0.0,0.0,0.0,0.0,0.8665290305551259,0.0,0.0,0.0,0.0,0.0,0.0,0.0,0.0,0.0,0.0,0.0,0.0,291.07049525984337,3211.0001223211125,531.7641634618583,633.6201546733082
0.0,0.0,0.0,0.0,0.0,0.0,0.0,0.0,0.1916148653959536,0.0,0.0795034394153695,0.0,0.0,0.0,0.0,0.0,0.0,0.0,0.0,0.36725403972066323,0.0,0.0,0.3616276554680137,0.0,0.0,0.0,0.0,0.0,0.0,0.0,81.22312081321222,10807.165521168423,356.46791509960525,843.8464694062609
0.0,0.0,0.0,0.0,0.15987132541150484,0.0,0.0,0.20201852355726604,0.0,0.0,0.0,0.0,0.0,0.0,0.0,0.17544721204005317,0.0,0.32244933381985724,0.0,0.0,0.0,0.0,0.0,0.1402136051713187,0.0,0.0,0.0,0.0,0.0,0.0,133.1149751104824,8469.494765064544,614.0104813224832,2155.628257644447
0.0,0.12376372656999496,0.32709253684024414,0.0,0.0,0.0,0.0,0.0,0.0,0.0,0.0,0.0,0.0,0.25115028705800857,0.0,0.0,0.0,0.0,0.0,0.0,0.0,0.0,0.0,0.0,0.29799344953175233,0.0,0.0,0.0,0.0,0.0,84.47425605778346,5449.427493325152,376.83405206321584,3203.245033619311
0.0,0.0,0.0,0.0,0.0,0.0,0.0,0.8426066317707088,0.0,0.0,0.0,0.0,0.0,0.0,0.0,0.15739336822929112,0.0,0.0,0.0,0.0,0.0,0.0,0.0,0.0,0.0,0.0,0.0,0.0,0.0,0.0,18.877527328540964,18144.283159424263,204.2670107512429,1936.2808285249125
0.0,0.0,0.36669755130269804,0.0,0.0,0.0,0.0,0.0,0.0,0.0,0.0,0.0,0.0,0.0,0.0,0.0,0.0,0.0,0.0,0.0,0.0,0.0,0.6139482177686814,0.01935423092862066,0.0,0.0,0.0,0.0,0.0,0.0,20.142928859270057,13670.052237784652,372.4935826263156,1715.5163317384984
0.0,0.0,0.0,0.0,0.0,0.3411153718398669,0.0,0.34339910923087436,0.0,0.281619777509236,0.033865741420022584,0.0,0.0,0.0,0.0,0.0,0.0,0.0,0.0,0.0,0.0,0.0,0.0,0.0,0.0,0.0,0.0,0.0,0.0,0.0,106.05901649636498,13133.881295905192,209.29952129091615,1627.208514358412
0.0,0.2008668947262817,0.0,0.0,0.0,0.0,0.2631322356093004,0.0,0.0,0.0,0.0,0.0,0.0,0.0,0.0,0.0,0.0,0.0,0.0,0.0,0.0,0.0,0.0,0.0,0.0,0.536000869664418,0.0,0.0,0.0,0.0,32.2626857399131,12398.288260573865,547.6843219192007,2559.576475848997
0.0,0.0,0.0,0.0,0.0,0.0,0.0,0.0,0.0,0.2566960622322806,0.0,0.0,0.0,0.21233050060190659,0.0,0.0,0.0,0.0,0.0,0.0,0.2231090781818543,0.0,0.18189393191184605,0.0,0.0,0.0,0.12597042707211248,0.0,0.0,0.0,107.26596770398143,11774.176138038438,377.35361460639143,1572.5786297748612
0.0,0.0,0.0,0.0,0.0,0.0,0.0,0.0,0.0,0.0,0.0,0.0,0.0,0.0,0.0,0.0,0.24410706137245844,0.27454752046863895,0.0,0.2515735812791035,0.22977183687979902,0.0,0.0,0.0,0.0,0.0,0.0,0.0,0.0,0.0,209.46475861027167,3802.4792257201084,364.2803584895339,945.4272134532672
0.0,0.0,0.0,0.0,0.42966416977575567,0.0,0.29868885931515626,0.27164697090908796,0.0,0.0,0.0,0.0,0.0,0.0,0.0,0.0,0.0,0.0,0.0,0.0,0.0,0.0,0.0,0.0,0.0,0.0,0.0,0.0,0.0,0.0,39.8952456667963,10753.379888985763,517.1696591438322,1735.1157477178133
0.0,0.0,0.0,0.0,0.21725696547676,0.0,0.0,0.04399586300400672,0.0,0.0,0.0,0.0,0.4634750259883809,0.0,0.0,0.0,0.0,0.0,0.0,0.0,0.0,0.0,0.0,0.0,0.0,0.0,0.0,0.0,0.0,0.2752721455308525,46.38223084165999,4439.530787073807,393.63399965541646,1320.8027840423094
0.0,0.0,0.0,0.0,0.3641784209775037,0.0,0.0,0.0,0.0,0.0,0.0,0.0,0.0,0.1308984562277537,0.0,0.0,0.0,0.0,0.0,0.0,0.0,0.0,0.0,0.0,0.42334261373268556,0.0,0.0,0.0,0.08158050906205702,0.0,101.10247839554047,6006.375917942491,587.2744260200969,2944.1511514055733
0.0,0.0,0.0,0.0,0.27815758901674115,0.0,0.0,0.0,0.0,0.0,0.08302799175128696,0.0,0.0,0.0,0.0,0.0,0.0,0.0,0.6388144192319719,0.0,0.0,0.0,0.0,0.0,0.0,0.0,0.0,0.0,0.0,0.0,150.0888620379166,5305.046660887036,610.5842218523447,1257.3104214658094
0.0,0.0,0.0,0.0,0.0,0.0,0.0,0.0,0.0,0.0,0.5158040172522869,0.0,0.0,0.0,0.31646020126915525,0.0,0.0,0.0,0.0,0.0,0.0,0.0,0.0745658180539032,0.0,0.0,0.0,0.0,0.0,0.0,0.09316996342465468,154.39892918527204,8016.775308320238,797.2619919913093,1542.2707780095714
0.0,0.0,0.0,0.0,0.0,0.7560372824934787,0.0,0.0,0.0,0.0,0.0,0.0,0.0,0.0,0.0,0.0,0.0,0.0,0.0,0.0,0.0,0.0,0.0,0.24396271750652146,0.0,0.0,0.0,0.0,0.0,0.0,190.56181349627025,3635.983057205011,261.24997178005714,3004.3023547276516
0.0,0.0,0.0,0.0,0.0,0.0,0.0,0.0,0.0,0.0,0.0,0.0,0.0,0.0,0.0,0.0,0.0,0.31894645341970446,0.3121921078701708,0.3688614387101249,0.0,0.0,0.0,0.0,0.0,0.0,0.0,0.0,0.0,0.0,173.87139323842013,3729.608171803442,407.9994137617796,749.8661962972634
0.0,0.0,0.0,0.0,0.0,0.0,0.6119637954422504,0.0,0.0,0.0,0.0,0.0,0.0,0.07695105721134521,0.0,0.0,0.0,0.10330672662909593,0.0,0.0,0.0,0.0,0.0,0.0,0.0,0.0,0.2077784207173084,0.0,0.0,0.0,103.97436369696528,8567.523372031143,392.4247729402142,1348.9826507826667
0.0,0.0,0.0,0.0,0.5314166043160172,0.0,0.0,0.0,0.0,0.0,0.27220710891596994,0.0,0.0,0.0,0.0,0.0,0.0,0.0,0.0,0.19637628676801297,0.0,0.0,0.0,0.0,0.0,0.0,0.0,0.0,0.0,0.0,76.47073827885266,5881.6268483680815,750.7147893965464,1942.6858365849666
0.0,0.0,0.4005919951704825,0.0,0.0,0.10324104623839384,0.0,0.0,0.0,0.0,0.0,0.0,0.0,0.0,0.0,0.0,0.0,0.0,0.0,0.0,0.0,0.0,0.0,0.0,0.0,0.2912161938429297,0.0,0.0,0.2049507647481941,0.0,30.690514026545532,8851.213983414473,414.47215655593084,2950.0541965628195
0.0,0.0,0.22548094590592574,0.0,0.0,0.0,0.0,0.0,0.0,0.0,0.0,0.0,0.0,0.0,0.0,0.0,0.0,0.0,0.33580834255415554,0.10278473748346353,0.0,0.0,0.0,0.0,0.09326781683039595,0.0,0.0,0.0,0.0,0.2426581572260592,97.50896191869043,5235.963928323686,376.6447239074866,1570.8171069599102
0.0,0.0,0.0,0.0,0.0,0.16473051502552352,0.0,0.0,0.0,0.0,0.0,0.0,0.13100880508154067,0.0,0.0,0.0,0.43184027505529893,0.0,0.2724204048376369,0.0,0.0,0.0,0.0,0.0,0.0,0.0,0.0,0.0,0.0,0.0,189.37323212465662,3894.5446058821144,350.6346564585979,1357.514402095591
0.0,0.0,0.0,0.0,0.0,0.0,0.0,0.0,0.0,0.0,0.0,0.0,0.4598639830572943,0.0,0.0,0.0,0.0,0.0,0.0,0.0,0.0,0.5401360169427057,0.0,0.0,0.0,0.0,0.0,0.0,0.0,0.0,49.82047186199329,2781.1930135300086,384.44516817484856,1566.364111912294
0.5773669191346692,0.300491839613941,0.0,0.0,0.0,0.0,0.0,0.0,0.0,0.0,0.0,0.0,0.0,0.0,0.0,0.0,0.0,0.0,0.0,0.0,0.0,0.0,0.0,0.0,0.0,0.0,0.12214124125138982,0.0,0.0,0.0,3.7570600302148263,6011.298382765516,248.1170288141723,781.2609173212633
0.0,0.0,0.0,0.0,0.0,0.19288959154192956,0.0,0.0,0.0,0.0,0.05859989658074868,0.0,0.2801395907211818,0.0,0.0,0.0,0.0,0.0,0.0,0.0,0.0,0.13279674244362819,0.20049759894516878,0.0,0.0,0.0,0.0,0.0,0.1350765797673431,0.0,106.9940252122554,8142.969796056024,386.5051515303279,1622.3951476109216
0.0,0.0,0.21760079266116505,0.0,0.0,0.0,0.0,0.0,0.2293315611058229,0.0,0.0,0.0,0.1422344239246118,0.0,0.0,0.0,0.0,0.0,0.0,0.0,0.0,0.41083322230840014,0.0,0.0,0.0,0.0,0.0,0.0,0.0,0.0,76.16226031877324,5287.933747244073,367.288256722595,1904.3736231338974
0.0,0.0,0.1877655403804246,0.17290303305450558,0.0,0.0,0.0,0.0,0.0,0.0,0.0,0.0,0.0,0.23399790907325815,0.0,0.0,0.0,0.02347497011686515,0.0,0.0,0.0,0.0,0.0,0.0,0.3818585473749465,0.0,0.0,0.0,0.0,0.0,145.15605650025847,4850.0391170943885,356.7250915395152,3267.0666954189464
0.0,0.0,0.0,0.4688474464059793,0.0,0.0,0.0,0.0,0.0,0.0,0.0,0.0,0.0,0.0,0.0,0.5311525535940208,0.0,0.0,0.0,0.0,0.0,0.0,0.0,0.0,0.0,0.0,0.0,0.0,0.0,0.0,141.36895311193842,5826.512909248745,430.5046037160544,3471.352652647212
0.0,0.0,0.0,0.0,0.3636841547162928,0.0,0.0,0.0,0.0,0.0,0.0,0.0,0.3795933275659868,0.0,0.2567225177177204,0.0,0.0,0.0,0.0,0.0,0.0,0.0,0.0,0.0,0.0,0.0,0.0,0.0,0.0,0.0,37.47018562196798,5761.792284598118,615.6835131865148,2166.5456753277545
0.0,0.0,0.16699202037086838,0.0652717214252316,0.0,0.0,0.0,0.2618887321826486,0.0,0.0,0.0,0.0,0.0,0.0,0.0,0.0,0.0,0.0,0.0,0.15788776787098982,0.0,0.0,0.0,0.0,0.123262656799203,0.0,0.0,0.0,0.0,0.22469710135105878,53.17008676990726,9733.676949200453,245.532274377058,1754.256149816534
0.0,0.0,0.0,0.0,0.0,0.0,0.0,0.0,0.0,0.38428415214451106,0.0,0.0,0.0,0.0,0.0,0.0,0.615715847855489,0.0,0.0,0.0,0.0,0.0,0.0,0.0,0.0,0.0,0.0,0.0,0.0,0.0,92.92862350066744,7572.044123336917,300.03446194760267,1212.5651674821122
0.0,0.0,0.0,0.0,0.0,0.0,0.0,0.14934805077966706,0.0,0.0,0.0,0.5154220197926291,0.0,0.0,0.22586619100729297,0.10936373842041094,0.0,0.0,0.0,0.0,0.0,0.0,0.0,0.0,0.0,0.0,0.0,0.0,0.0,0.0,181.6736334045302,8161.325327409987,722.5594778386176,3314.236474149576
0.0,0.0,0.0,0.0,0.0,0.0,0.0,0.0,0.24205401506329624,0.0,0.0,0.0,0.0,0.0,0.0,0.0,0.0,0.0,0.0,0.378706944287374,0.0,0.0,0.0,0.0,0.0,0.0,0.37923904064932984,0.0,0.0,0.0,55.55879670142553,7387.991425092818,213.37000660609323,1259.681500648403
0.0,0.0,0.16911885939600196,0.0,0.0,0.0,0.0,0.0,0.21260727194863938,0.0,0.0,0.0,0.08973224750075663,0.0,0.0,0.0,0.4071298164781632,0.0,0.04516795063811589,0.0,0.0,0.0,0.0,0.0,0.0,0.0,0.0,0.07624385403832275,0.0,0.0,135.45279465330566,5036.069588627907,368.6054101848099,1590.521831799574
0.0,0.0,0.0,0.0,0.0,0.4803750268903428,0.27929475213025307,0.0,0.0,0.0,0.0,0.0,0.15252605253622115,0.0,0.0,0.0,0.0,0.0,0.0,0.0,0.0,0.0,0.0,0.0,0.08780416844318296,0.0,0.0,0.0,0.0,0.0,191.1203394353539,5664.118523120162,267.0279243221005,2101.5454882698045
0.0,0.0,0.0,0.11725530749384966,0.5601816742939533,0.0,0.0,0.0,0.23409865416836206,0.0,0.0,0.0,0.0,0.0,0.0,0.0,0.0,0.0,0.0,0.0,0.0,0.0,0.0,0.0,0.0,0.0,0.0,0.08846436404383495,0.0,0.0,83.9123197859824,6465.557501290292,682.4828673866813,2359.190622013334
0.2597964347778271,0.0,0.0,0.0,0.0,0.0,0.09370090089674224,0.0,0.0,0.0,0.0,0.0,0.0,0.0,0.0,0.14162315652767882,0.0,0.0,0.0,0.0,0.05987358023040925,0.28258492535431334,0.0,0.1624210022130292,0.0,0.0,0.0,0.0,0.0,0.0,36.98205246910866,5316.047218584721,480.2970389710206,2152.057576185964
0.0,0.0,0.0,0.0,0.0,0.0,0.0,0.0,0.0,0.0,0.0,0.0,0.0,0.0,0.0,0.0,0.0,0.0,0.0,0.0,0.0,0.0,0.0,0.5875181733529162,0.0,0.0,0.0,0.0,0.0,0.4124818266470836,5.0583999923687095,4036.2247358455643,446.170298004603,2547.928326751626
0.0,0.0,0.0,0.0,0.0,0.0,0.0,0.0,0.0,0.0,0.0,0.0,0.0,0.0,0.0,0.0,0.0,0.0,0.0,0.0,0.0,0.10123830689974705,0.0,0.0,0.0,0.0,0.898761693100253,0.0,0.0,0.0,0.31346100843285285,9887.280776357302,220.399101054564,1685.202208288722
0.0,0.0,0.12622262943085347,0.0,0.0,0.0,0.0,0.0,0.0,0.0,0.0,0.0,0.0,0.0,0.0,0.0,0.0,0.0,0.2702561702427147,0.0,0.09678079290393929,0.0,0.19418325644730297,0.15209382264351565,0.0,0.0,0.0,0.0,0.16046332833167398,0.0,99.57178029661382,9255.11288955816,457.9055310423774,1840.3859337364245
0.0,0.0,0.12460837225355788,0.0,0.0,0.0,0.0,0.0,0.30522068731852264,0.06735356498847232,0.0,0.0,0.0,0.0,0.0,0.5028173754394472,0.0,0.0,0.0,0.0,0.0,0.0,0.0,0.0,0.0,0.0,0.0,0.0,0.0,0.0,80.87175165601867,8131.3872267944325,546.8393148786496,2841.9300990539004
0.0,0.0,0.0,0.0,0.0,0.0,0.0,0.0,0.0,0.0,0.0,0.0,0.0,0.030581797985565515,0.0,0.0,0.0,0.3119269650276842,0.0,0.3758462692871206,0.0,0.0,0.0,0.16476421436159058,0.0,0.0,0.0,0.0,0.11688075333803911,0.0,119.88185419982689,3923.7267513391303,476.06922368139533,1455.9260289900972
0.0,0.0,0.0,0.0,0.327613649257798,0.0,0.0,0.0,0.0,0.0,0.0,0.0,0.0,0.0,0.0,0.0,0.0,0.22729614606802467,0.0,0.0,0.0,0.0,0.0,0.1919065286883733,0.041161058938159086,0.0,0.0,0.12211472065883837,0.08990789638880656,0.0,106.91515504657723,6201.397155070129,765.7418197461369,2234.533866471757
0.16627701129863703,0.0,0.0,0.0,0.0,0.0,0.0,0.0,0.0,0.0,0.0,0.0,0.0,0.0,0.0,0.0,0.1791367705692631,0.0,0.0,0.0,0.17379345499762122,0.25577890391648045,0.0,0.0,0.0,0.0,0.0,0.0,0.22501385921799813,0.0,95.10512154483263,5264.926752485087,363.35825358600766,1513.5123948411192
0.0,0.0,0.0,0.1582622256725719,0.2065780176410224,0.22015844180451746,0.0,0.0,0.0,0.0,0.0,0.0,0.18516683443652796,0.0,0.0,0.0,0.0,0.0,0.2298344804453602,0.0,0.0,0.0,0.0,0.0,0.0,0.0,0.0,0.0,0.0,0.0,175.35016544327252,4719.280642558064,439.48218004237697,2182.374921787979
0.0,0.0,0.0,0.0,0.0,0.0,0.20713324413907153,0.0,0.0,0.17752017055000135,0.0,0.21812040679757286,0.0,0.0,0.0,0.050210334361928136,0.0,0.0,0.0,0.25952453025422273,0.0,0.0,0.0,0.0,0.0,0.0,0.08749131389720356,0.0,0.0,0.0,97.7613744203313,9117.336846644119,455.9966605033565,2064.668045342151
0.0,0.0,0.3575040112050303,0.0,0.3529414958374723,0.0,0.0,0.0,0.0,0.0,0.0,0.0,0.0,0.0,0.0,0.0,0.0,0.0,0.0,0.0,0.0,0.0,0.0,0.0,0.0,0.0,0.0,0.0,0.0,0.28955449295749747,3.945593544547968,5143.4139870265935,510.998306743865,2283.579250547997
0.0,0.0,0.0,0.0,0.0,0.2830879179396009,0.175693184225535,0.0,0.21330336651946913,0.0,0.0,0.0,0.0,0.0,0.0,0.0,0.0,0.0,0.0,0.0,0.0,0.0,0.0,0.0,0.0,0.0,0.0,0.0,0.0,0.3279155313153949,145.26375255315946,5931.085303165264,281.5959539728839,1733.9140263769486
0.0,0.0,0.13016359633688687,0.0,0.0,0.0,0.060981847094763626,0.0,0.0,0.0,0.0,0.0,0.0,0.2403301561414631,0.0,0.0,0.0,0.0,0.0,0.0,0.0,0.0,0.15555722381828457,0.0,0.3506864670601703,0.0,0.0,0.0622807095484313,0.0,0.0,121.03630653182431,9020.447269342681,449.2704379246303,2788.37733278201
0.0,0.0,0.0,0.24894547777759168,0.0,0.0,0.0,0.0,0.0,0.0,0.0,0.0,0.0,0.2434418951329948,0.0,0.0,0.0,0.0,0.0,0.0,0.0,0.0,0.0,0.0,0.0,0.0,0.42089977371981196,0.08671285336960147,0.0,0.0,78.9444274909884,7587.942707775119,,2451.2671794493313
0.0,0.0,0.35328462229134194,0.0,0.0,0.0,0.0,0.0,0.0,0.3873996855477852,0.0,0.0,0.0,0.0,0.0,0.0,0.0,0.0,0.10420860389809251,0.0,0.0,0.0,0.0,0.15510708826278033,0.0,0.0,0.0,0.0,0.0,0.0,26.656845316611935,8961.408654635556,390.14051878309766,2129.7748870915043
0.0,0.0,0.37618698264614975,0.0,0.0,0.07595136111252922,0.0,0.0,0.0,0.0,0.0,0.0,0.0,0.0,0.24273514110170963,0.0,0.0,0.07627590320337192,0.0,0.14168230207568197,0.0,0.0,0.0,0.0,0.0,0.08716830986055746,0.0,0.0,0.0,0.0,48.21495852121502,7095.047190954278,479.2504582053672,2939.951116342406
0.0,0.10228489158945743,0.0,0.0,0.0,0.0,0.0,0.0,0.0,0.0,0.0,0.0,0.0,0.0,0.0,0.5246964060059724,0.0,0.0,0.0,0.0,0.3730187024045702,0.0,0.0,0.0,0.0,0.0,0.0,0.0,0.0,0.0,137.51159662167657,7384.512798993194,576.6381470200181,2395.5468872624915
0.0,0.0,0.0,0.0,0.0,0.0,0.0,0.0,0.0,0.0,0.775271511552653,0.0,0.0,0.0,0.0,0.0,0.0,0.0,0.0,0.22472848844734702,0.0,0.0,0.0,0.0,0.0,0.0,0.0,0.0,0.0,0.0,211.4149648205548,5475.069714534279,662.4393539294989,1005.7008583490426
0.0,0.0,0.0,0.0,0.0,0.0,0.11640725729756493,0.0,0.0,0.0,0.0,0.0,0.0,0.0,0.11547114749807008,0.2180620049854425,0.0,0.0,0.0,0.0,0.0,0.0,0.0,0.1875406315697634,0.0,0.0,0.0,0.0,0.36251895864915923,0.0,29.434071735662357,8531.437875825206,580.143582454827,2474.514066968429
0.0,0.0,0.0,0.0,0.0,0.0,0.0,0.0,0.0,0.0,0.0,0.0,0.28357066127172764,0.0,0.1596181286225988,0.0,0.0,0.0,0.1654664455314802,0.3913447645741933,0.0,0.0,0.0,0.0,0.0,0.0,0.0,0.0,0.0,0.0,66.40713348613839,4963.972261735496,383.7308324375347,1053.8882189230796
0.0,0.15953273713305324,0.0,0.0,0.0,0.0,0.0,0.0,0.0,0.0,0.0,0.0,0.0,0.0,0.0,0.0,0.0,0.0,0.0,0.29447987686669924,0.15542887772238265,0.3905585082778649,0.0,0.0,0.0,0.0,0.0,0.0,0.0,0.0,54.2191156142975,5193.818078610247,412.47454521761796,1211.0361596945825
0.0,0.0,0.0,0.0,0.0,0.0,0.0,0.0,0.0,0.0,0.0,0.0,0.0,0.5370011596173226,0.0,0.2870808078514414,0.0,0.0,0.0,0.0,0.17591803253123597,0.0,0.0,0.0,0.0,0.0,0.0,0.0,0.0,0.0,103.7304639239317,5271.7249600291325,530.8168502251859,3055.092142598795
0.0,0.0,0.0,0.538071958627047,0.0,0.0,0.0,0.0,0.0,0.0,0.0,0.0,0.0,0.0,0.0,0.0,0.0,0.4619280413729529,0.0,0.0,0.0,0.0,0.0,0.0,0.0,0.0,0.0,0.0,0.0,0.0,301.09975803426715,3185.9265493133853,329.629620030895,1733.4352005979633
0.0,0.0,0.07061773797518173,0.0,0.0,0.0,0.4487284373623868,0.0,0.0,0.0,0.0,0.0,0.0,0.0,0.0,0.0,0.30696338586195737,0.0,0.0,0.0,0.0,0.0,0.0,0.0,0.0,0.0,0.0,0.0,0.0,0.1736904388004742,96.9155211690633,6389.644245154555,339.45564175742277,1302.971925675352
0.0,0.0,0.0,0.0,0.2129522698926197,0.0,0.0,0.0,0.4915189354880305,0.0,0.0,0.0,0.0,0.0,0.0,0.0,0.0,0.0,0.0,0.0,0.0,0.0,0.0,0.0,0.0,0.29552879461934983,0.0,0.0,0.0,0.0,119.77009040023441,9182.099476249134,525.4301178439857,2206.5589097591787
0.0,0.0,0.0,0.0,0.46692787590841434,0.0,0.0,0.0,0.0,0.0,0.14925953654597404,0.0,0.0,0.0,0.0,0.1253368415088643,0.0,0.0,0.0,0.0,0.0,0.0,0.2584757460367474,0.0,0.0,0.0,0.0,0.0,0.0,0.0,63.46756528291694,10484.958040488846,772.8301748201299,2360.194527460194
0.0,0.0,0.09030384627402996,0.0,0.0,0.0,0.0,0.0,0.0,0.0,0.0,0.0,0.0,0.0,0.1037677666972169,0.0,0.0,0.0,0.39262324357963313,0.0,0.0,0.0,0.4133051434491199,0.0,0.0,0.0,0.0,0.0,0.0,0.0,101.16507538541215,11403.162144091995,489.0279242091725,1196.3575055755462
0.0,0.0,0.0,0.0,0.0,0.0,0.0,0.0,0.0,0.0,0.0,0.0,0.0,0.0,0.0,0.0,0.0,0.0,0.0,0.0,0.0,0.0,0.0,0.0,0.0,0.0,0.44213975263002087,0.0,0.28849447318635196,0.2693657741836272,8.104430255967591,8418.372583067501,254.05890566580814,1451.9710328827657
0.0,0.0,0.0,0.0,0.0,0.3306099026716125,0.0,0.0,0.0,0.0,0.37145021290784996,0.0,0.0,0.0,0.0,0.13412474591194257,0.0,0.0,0.06391039363035181,0.04369858325138904,0.0,0.0,0.0,0.0,0.0,0.0562061616268542,0.0,0.0,0.0,0.0,207.38505218383142,6705.37069657334,531.674193252735,2290.4673011185223
0.0,0.0,0.0,0.2294408534253147,0.0,0.2636013558481941,0.0,0.0,0.0,0.0,0.0,0.0,0.0,0.0,0.0,0.0,0.0,0.0,0.0,0.0,0.0,0.0,0.0,0.33191178337562016,0.0,0.14027804627882123,0.0,0.034767961072049595,0.0,0.0,133.00590844650247,6045.5654360601675,406.7991539545877,3479.8071754917646
0.0,0.0,0.0,0.0,0.0,0.0,0.0,0.542755683871173,0.0,0.0,0.0,0.0,0.0,0.0,0.0,0.0,0.0,0.0,0.0,0.0,0.0,0.0,0.45724431612882704,0.0,0.0,0.0,0.0,0.0,0.0,0.0,21.28637516338045,19604.74803329193,263.90958230828244,739.6835843092963
0.0,0.0,0.34286841614374436,0.0,0.0,0.0,0.0,0.0,0.6571315838562557,0.0,0.0,0.0,0.0,0.0,0.0,0.0,0.0,0.0,0.0,0.0,0.0,0.0,0.0,0.0,0.0,0.0,0.0,0.0,0.0,0.0,134.33464299873714,6060.07873356265,263.47966534456936,1737.5172570557759
0.0,0.0,0.0,0.0,0.4268080509816175,0.0,0.0,0.0,0.0,0.0,0.0,0.0,0.0,0.0,0.0,0.0,0.17866472132623365,0.0,0.2547350080709138,0.0,0.0,0.0,0.0,0.0,0.0,0.0,0.13979221962123503,0.0,0.0,0.0,79.51209860138515,5734.365702616253,620.2890869077727,1904.8551469225863
0.0,0.0,0.347261918711562,0.0,0.0,0.0,0.0,0.0,0.0,0.0,0.018286195182593543,0.0,0.0,0.0,0.0,0.0,0.0,0.0,0.0,0.0,0.0,0.0,0.0,0.0,0.0,0.0,0.0,0.0,0.0,0.6344518861058445,15.145767141647354,4626.671465059984,303.4151026048482,1489.369125464103
0.0,0.0,0.0,0.0,0.0,0.0,0.0,0.0,0.0,0.0,0.0,0.0,0.0,0.2376908670183029,0.0,0.0,0.0,0.0,0.0,0.0,0.2211351788127534,0.0,0.0,0.22043752229948774,0.0,0.0,0.0,0.15130355664881562,0.16943287522064038,0.0,98.10474631586428,7035.434817822339,549.2072181532257,2262.6343311372025
0.0,0.0,0.0,0.0,0.0,0.0,0.0,0.0,0.0,0.0,0.24836144992182607,0.0,0.0,0.0,0.0,0.0,0.29264805000517435,0.0,0.0,0.0,0.0,0.4589905000729996,0.0,0.0,0.0,0.0,0.0,0.0,0.0,0.0,113.0530682608502,3766.194188253413,530.5508349949406,1568.31407811597
0.0,0.0,0.0,0.0,0.0,0.0,0.0,0.06726237350772535,0.0,0.0,0.0,0.0,0.0,0.0,0.0,0.06572602187433461,0.0,0.0,0.0,0.514319986686294,0.17485198468940147,0.0,0.0,0.17783963324224458,0.0,0.0,0.0,0.0,0.0,0.0,69.20037035185265,5912.3984972499575,357.1666633449766,1607.7535766063907
0.0,0.0,0.0,0.0,0.0,0.0,0.9133546694427601,0.0,0.0,0.0,0.0,0.0,0.0,0.0,0.0,0.0,0.0,0.0,0.0,0.0,0.0,0.0,0.0,0.0,0.0,0.0,0.0,0.08664533055723984,0.0,0.0,85.80090774648608,9034.402766816344,390.1856178783411,962.690050703355
0.0,0.0,0.0,0.0,0.0,0.0,0.0,0.0,0.0,0.0,0.07579055868747872,0.13023524875033404,0.0,0.5702036505156582,0.0,0.0,0.0,0.0,0.0,0.0,0.0,0.0,0.0,0.0,0.0,0.0,0.2237705420465289,0.0,0.0,0.0,92.85478863901889,5493.266162925666,523.8141766602538,2892.9353061450656
0.0,0.0,0.0,0.0,0.0,0.0,0.0,0.0,0.0,0.0,0.0,0.0,0.0,0.0,0.07578117600036345,0.0,0.0,0.0,0.12326092734918719,0.0,0.0,0.3510107010195367,0.0,0.24925602732120025,0.0,0.0,0.0,0.2006911683097123,0.0,0.0,38.749727216908184,6345.167110003398,674.8759705400641,2213.251476919596
0.7549582222150034,0.0,0.0,0.0,0.0,0.0,0.3280346031360569,0.0,0.14197816582164494,0.0,0.17895002403679078,0.0,0.0,0.0,0.0,0.0,0.08735776133807933,0.0,0.0,0.0,0.0,0.0,0.0,0.0,0.0,0.07068156193581454,0.0,0.0,0.0,0.0,87.18447901734247,6460.946819903751,353.4508154896608,1060.7037755128993
0.0,0.3295603585133069,0.0,0.14952134007766513,0.0,0.0,0.0,0.0,0.0,0.0,0.0,0.0,0.0,0.23448945345256933,0.048115071266938036,0.0,0.0,0.0,0.0,0.0,0.0,0.0,0.0,0.0,0.0,0.0,0.0,0.0,0.0,0.2383137766895207,64.5144872473385,5861.653905494106,407.9057461640687,1998.8883057263588
0.0,0.0,0.0,0.0,0.0,0.0,0.0,0.0,0.0,0.0,0.0,0.10713268068464003,0.0,0.0,0.10309736916861717,0.0,0.0,0.07274797860508125,0.0,0.0,0.0,0.0,0.0,0.0,0.0,0.16099119846840762,0.495132125405608,0.060898647667645814,0.0,0.0,66.95137003715591,10826.74698835159,528.0367825946848,2337.160516168067
0.1701346925451259,0.0,0.0,0.09366978274405019,0.0,0.0,0.036394054495235764,0.0,0.0,0.0,0.0,0.0,0.0,0.0,0.0,0.27854812337968576,0.0,0.0,0.0,0.0,0.0,0.23657398286527626,0.0,0.0,0.0,0.184679363970626,0.0,0.0,0.0,0.0,45.600599513242464,8251.877669836831,595.9375531352438,2950.3260792530223
0.0,0.0,0.0,0.0,0.061576594479308855,0.0,0.0,0.0,0.5002279235370436,0.08332109829708284,0.0,0.0,0.0,0.0,0.2896646476746161,0.0,0.0,0.0,0.0,0.0,0.0,0.0,0.0,0.0,0.0,0.03352461619280633,0.0,0.03168511981914234,0.0,0.0,126.56977269624684,9329.202756934123,536.7414787584125,1745.3342612533443
0.0,0.3440088712196094,0.0,0.0,0.0,0.0,0.0,0.0,0.0,0.0,0.0,0.0,0.0,0.0,0.2506036880498066,0.0,0.0,0.3357018823017598,0.0,0.04616458248053702,0.0,0.0,0.0,0.023520975948287094,0.0,0.0,0.0,0.0,0.0,0.0,122.36813401472534,6165.062326196581,598.928799417831,1224.6678270667246
0.30252067939327326,0.0,0.0,0.0,0.0,0.0,0.0,0.0,0.0,0.0,0.0,0.0,0.08565512881195515,0.0,0.0,0.0,0.0,0.0,0.0,0.0,0.0,0.0,0.0,0.11627166754798149,0.0,0.0,0.0,0.36519743560434836,0.0,0.1303550886424417,6.523700570285319,7104.181897179901,570.5544878216219,1320.785511586069
0.0,0.0,0.0,0.0,0.04155706364489937,0.0,0.0,0.0,0.11789677339586137,0.0,0.0,0.15917870413387503,0.0,0.0,0.07963388344985588,0.0,0.0,0.0,0.0,0.0,0.0,0.39283765516618696,0.0,0.0,0.0,0.0,0.0,0.0,0.0,0.20889592020932143,99.24710393161898,5255.369944345308,561.1144806629702,2384.6118825041085
0.0,0.0,0.0,0.0,0.0,0.0,0.0,0.0,0.0,0.0,0.0,0.0,0.0,0.0,0.7228343274770215,0.0,0.0,0.0,0.0,0.0,0.0,0.0,0.0,0.0,0.0,0.0,0.0,0.0,0.0,0.2771656725229786,6.616600259084949,7282.55765938706,649.8913294698972,1994.6574357884217
0.0,0.45658067633250127,0.0,0.0,0.0,0.0,0.0,0.0,0.0,0.0,0.0,0.0,0.11212772027286835,0.0,0.03438382194987956,0.0,0.0,0.0,0.0,0.0,0.0,0.0,0.0,0.0,0.0,0.0,0.0,0.0,0.105871144508108,0.2910366369366428,25.888184690521445,6473.990449527307,412.4902167704272,890.7510617126475
0.0,0.0,0.0,0.0,0.0,0.0,0.0,0.0,0.0,0.0,0.0,0.0,0.0,0.0,0.0,0.0,0.0,0.258967419372684,0.0,0.1214733150736086,0.0,0.6195592655537072,0.0,0.0,0.0,0.0,0.0,0.0,0.0,0.0,91.37224168783611,3380.2718600015064,503.7728518149192,1685.4269562997574
0.0,0.0,0.0,0.0,0.0,0.0,0.0,0.0,0.18401963734724539,0.0,0.1718895126259164,0.0,0.0,0.0,0.09028113329067458,0.0,0.0,0.0,0.0,0.0,0.21813496423056736,0.0,0.1272463119809617,0.0,0.0,0.0,0.0,0.0,0.20842844052463466,0.0,183.8554326031543,9151.79146501816,532.7554640200958,1274.4591723733045
0.6857686512054791,0.0,0.0,0.0,0.0,0.0,0.0,0.0,0.0,0.0,0.0,0.0,0.0,0.0,0.0,0.0,0.0,0.31423134879452075,0.0,0.0,0.0,0.0,0.0,0.0,0.0,0.0,0.0,0.0,0.0,0.0,109.0729481612772,3393.1276412416596,291.2073220943704,574.1849589311472
0.0,0.0,0.0,0.0,0.0,0.0,0.0,0.747668623281031,0.0,0.0,0.0,0.0,0.0,0.0,0.0,0.024854791395372628,0.0,0.0,0.0,0.0,0.0,0.0,0.0,0.22747658532359633,0.0,0.0,0.0,0.0,0.0,0.0,13.603567166880142,15797.752052145837,244.08085032524554,1450.9867435935807
0.0,0.0,0.0,0.0,0.0,0.0,0.19745479182963863,0.0,0.0,0.0,0.0,0.0,0.3344563408838719,0.0,0.0,0.0,0.0,0.05461795528317272,0.0,0.0,0.0,0.0,0.0,0.05956963180186485,0.030651466817735437,0.0,0.0,0.3232498133837165,0.0,0.0,82.26449391045864,7007.415796958026,574.066963617839,
0.2539707873747634,0.22425417774784287,0.0,0.0,0.0,0.0,0.2489942826988135,0.0,0.0,0.0,0.0,0.0,0.0,0.046268199059903585,0.0,0.05671470676307532,0.0,0.0,0.0,0.0,0.0,0.0,0.0,0.0,0.0,0.0,0.0,0.0,0.16979784635560125,0.0,43.134572068231165,8354.384462927836,401.73872054597985,1282.856661114699
0.0,0.13997223179338408,0.0,0.0,0.16359893356488361,0.10178941483668567,0.0,0.08839863547040316,0.3044638824122362,0.0,0.0,0.0,0.0,0.0,0.0,0.0,0.0,0.0,0.0,0.0,0.0,0.2017769019224072,0.0,0.0,0.0,0.0,0.0,0.0,0.0,0.0,103.90728408557882,7612.74665104612,444.98431715617,1757.0732506925797
0.0,0.23261601931507936,0.0,0.0672645863126122,0.0,0.0,0.2211118221589764,0.0,0.0,0.0,0.0,0.0,0.0,0.02309386391659165,0.2042362505584718,0.0,0.0,0.0,0.0,0.0,0.0,0.0,0.0,0.0,0.0,0.0,0.0,0.0,0.2516774577382686,0.0,51.18149662849075,9546.81778000641,487.87846481343234,1520.9348387466805
0.0,0.0,0.0,0.0,0.0,0.0,0.0,0.0,0.0,0.1066817363957949,0.0,0.0,0.0,0.0,0.0,0.35096543031710237,0.0,0.0,0.0,0.11409456902552528,0.0,0.0,0.0,0.22465353265325078,0.0,0.0,0.0,0.0,0.2036047316083267,0.0,22.433440588107604,7725.1919504914495,551.3926515599567,2781.341287282794
0.0,0.0,0.0,0.0,0.0,0.0,0.1611241487670573,0.0,0.0,0.0,0.0,0.21436888240185734,0.3439202487732759,0.0,0.10793370637611424,0.0,0.0,0.0,0.0,0.0,0.0,0.17265301368169522,0.0,0.0,0.0,0.0,0.0,0.0,0.0,0.0,118.47483924758842,5324.657563074352,531.4655307002123,2224.34281867981
0.0,0.0,0.0,0.0,0.0,0.0,0.0,0.0,0.0,0.0,0.0,0.0,0.0,0.1387638492692995,0.0,0.0,0.0,0.0,0.0,0.0,0.0,0.0,0.0,0.0,0.0,0.23643289544352866,0.0,0.0,0.6248032552871718,0.0,16.27659844408265,10082.599814737861,456.733335535357,2214.2466718754877
0.0,0.0,0.0,0.0,0.0,0.0,0.0,0.0,0.0,0.0,0.0,0.0,0.0,0.0,0.5217549273395374,0.0,0.0,0.4782450726604626,0.0,0.0,0.0,0.0,0.0,0.0,0.0,0.0,0.0,0.0,0.0,0.0,172.1184328066143,4856.283422077412,698.2040087832999,1537.5788429025765
0.0,0.2850615253070621,0.0,0.0,0.0,0.0,0.0,0.0,0.0,0.0,0.0,0.17565877195389654,0.0,0.14497465614802205,0.0,0.13966773442076838,0.19951288279092272,0.0,0.0,0.0,0.0,0.0,0.055124429379328155,0.0,0.0,0.0,0.0,0.0,0.0,0.0,115.96231851733566,7211.511214480643,590.5737861223686,2393.251097797091
0.0,0.1530786630537408,0.0,0.0,0.0,0.0,0.0,0.0,0.0,0.0,0.0,0.0,0.0,0.0,0.0,0.0,0.0,0.0,0.0,0.0,0.0,0.39809677153444933,0.0,0.0,0.0,0.44882456541181,0.0,0.0,0.0,0.0,7.997384258928147,10183.315994863207,570.8945967397925,2818.2285679661722
0.0,0.0,0.0,0.0,0.06256770996530779,0.0,0.0,0.0,0.624290305592819,0.021000129207128133,0.0,0.10536703441398383,0.05988776446640053,0.0,0.12688705635436076,0.0,0.0,0.0,0.0,0.0,0.0,0.0,0.0,0.0,0.0,0.0,0.0,0.0,0.0,0.0,175.44699829941894,7080.426320072718,453.9220879525744,1773.1868481045822
0.0,0.0,0.0,0.0,0.0,0.0,0.0,0.0,0.0,0.0,0.0,0.0,0.0,0.0,0.0,0.259964800469429,0.0,0.0,0.0,0.0,0.0,0.2743189769134958,0.0,0.0,0.0,0.0,0.0,0.1261243754012511,0.0,0.3395918472158241,16.976084686070507,6542.769475103077,570.9314322116669,2232.9616780774154
0.0,0.0,0.0,0.0,0.0,0.0,0.0,0.14233038396402437,0.0,0.0,0.0,0.0,0.0,0.0,0.0,0.0,0.0,0.0,0.0,0.08403745060464053,0.0,0.07232415910158133,0.0,0.0,0.0,0.0,0.5758540167925591,0.0,0.0,0.12545398953719453,4.098469728545698,10926.313761573378,234.27868948234246,1487.339276102642
0.0,0.0,0.0,0.0,0.0,0.0,0.0,0.0,0.0,0.0,0.0,0.0,0.0,0.0,0.21745020189358524,0.0,0.0,0.0,0.0,0.0,0.0,0.0,0.0,0.0,0.7825497981064148,0.0,0.0,0.0,0.0,0.0,171.43122093518093,5937.288803873647,410.38264742259844,2973.2625046468065
0.0,0.24994864475936682,0.0,0.0,0.0,0.0,0.0,0.0,0.07203690367100005,0.0,0.3474920472275795,0.0,0.0,0.0,0.0,0.0,0.23617303444129498,0.0,0.0,0.0,0.09434936990075869,0.0,0.0,0.0,0.0,0.0,0.0,0.0,0.0,0.0,200.57164508987472,6240.753911625533,548.5201956124389,1052.9802609709714
0.3302655044007022,0.0,0.0,0.0,0.0,0.0,0.08516536500699393,0.0,0.0,0.0,0.0,0.08405042732646534,0.0,0.0,0.0,0.0,0.0,0.0,0.0,0.0,0.0,0.0,0.0,0.0,0.4077132516475503,0.0928054516182882,0.0,0.0,0.0,0.0,132.92006950600097,6735.4473279898275,374.30120481291385,2497.4983165144768
0.0,0.0,0.0,0.0,0.0,0.0,0.0,0.2714087337284409,0.0,0.42070659477420436,0.0,0.0,0.0,0.0,0.0,0.0,0.0,0.0,0.11703781356748492,0.0,0.19084685792986997,0.0,0.0,0.0,0.0,0.0,0.0,0.0,0.0,0.0,92.04785813644119,13867.988299242224,284.22785461151875,803.0661481794872
0.0,0.0,0.0,0.0,0.0,0.0,0.0,0.0,0.31428404914007635,0.0,0.6857159508599238,0.0,0.0,0.0,0.0,0.0,0.0,0.0,0.0,0.0,0.0,0.0,0.0,0.0,0.0,0.0,0.0,0.0,0.0,0.0,238.24556920384998,5875.950301415129,569.7633758108069,1061.1612325918709
0.0,0.0,0.0,0.0,0.1274358468379955,0.0,0.0,0.0,0.0,0.0,0.19105480051778606,0.0,0.04857740596579465,0.0,0.23443609125800033,0.0,0.0,0.0,0.0,0.0,0.3590646553049409,0.0,0.0,0.0,0.0,0.0,0.03943120011548248,0.0,0.0,0.0,190.69327552403277,7470.567834734926,641.8463028261888,1556.5272506307967
0.0,0.21097206332967822,0.0,0.0,0.0,0.0,0.0,0.0,0.10698421301461103,0.0,0.0,0.0,0.0,0.0,0.0,0.6820437236557109,0.0,0.0,0.0,0.0,0.0,0.0,0.0,0.0,0.0,0.0,0.0,0.0,0.0,0.0,53.38289227602921,7513.548402911499,653.5373502092916,2762.8764250481527
0.2777265216265921,0.0,0.0,0.0,0.0,0.0,0.13312005575634633,0.0,0.24927990948051149,0.12414654033540187,0.0,0.0,0.0,0.11255781062684059,0.0,0.0,0.0,0.0,0.0,0.0,0.0,0.0,0.0,0.0,0.0,0.0,0.0,0.0,0.10316916217430773,0.0,73.13437569666591,7743.183100710069,313.9270820190466,1332.0538770962442
0.0,0.0,0.0,0.0,0.0,0.0,0.0,0.0,0.0,0.7504709074604116,0.0,0.0,0.0,0.0,0.0,0.0,0.0,0.0,0.0,0.0,0.0,0.0,0.0,0.0,0.0,0.2495290925395885,0.0,0.0,0.0,0.0,5.5342666298144545,14594.38090808474,399.64624049440386,1528.0673413690545
0.0,0.0,0.08426151482797785,0.0,0.0,0.0,0.0,0.1083581206490417,0.0,0.07457138984385774,0.0,0.0,0.0,0.02207903980750838,0.3907749648065016,0.0,0.0,0.0,0.0,0.0,0.0,0.0,0.0,0.0,0.3199549700651128,0.0,0.0,0.0,0.0,0.0,84.69617487106304,9141.217276182135,516.8218000919604,2489.7198310369713
0.0,0.0,0.0,0.0,0.0,0.0,0.0,0.0,0.0,0.0,0.0,0.0,0.0,0.1906188973235372,0.0,0.2141238002816527,0.0,0.0,0.0,0.0,0.0,0.0,0.0,0.0,0.5952573023948101,0.0,0.0,0.0,0.0,0.0,165.57640276469948,5647.374414443226,426.6179793416719,3529.528226217871
0.0,0.0,0.12518381266756748,0.2720043000159418,0.0,0.0,0.24897884417611954,0.0,0.0,0.0,0.0,0.33269962098423617,0.0,0.0,0.0,0.0,0.0,0.0,0.0,0.0,0.021133422156135083,0.0,0.0,0.0,0.0,0.0,0.0,0.0,0.0,0.0,204.06548386738604,6156.84212032485,472.4944073299567,3029.58510543636
0.0,0.0,0.0,0.0,0.0,0.0,0.0,0.0,0.0,0.0,0.0,0.4555334046972068,0.0,0.0,0.0,0.5444665953027933,0.0,0.0,0.0,0.0,0.0,0.0,0.0,0.0,0.0,0.0,0.0,0.0,0.0,0.0,151.22155638557834,6565.117827200853,794.2406197571784,3762.944909931585
0.0,0.03258885527881706,0.0,0.0,0.0,0.12667934347363818,0.0,0.0,0.0,0.0,0.0,0.0,0.0,0.0,0.08648010809296512,0.0,0.0,0.0,0.0,0.24876819505444486,0.27171229275469044,0.0,0.0,0.0,0.0,0.0,0.0,0.2337712053454444,0.0,0.0,141.12894679499854,7332.437527595904,487.8109680388543,1392.351795720156
0.0,0.0,0.0,0.0,0.0,0.0,0.0,0.041986696878652176,0.0,0.0,0.0,0.0,0.35374284988164084,0.043398691622373316,0.0,0.0,0.0,0.0,0.24735719105502288,0.0,0.0,0.0,0.0,0.0,0.0,0.313514570562311,0.0,0.0,0.0,0.0,88.34881048903016,8474.152278500416,448.7829816721611,2021.4364265070615
0.0,0.0,0.0,0.0,0.0,0.0,0.12369804750124024,0.0,0.0,0.0,0.0,0.0,0.0,0.0,0.0,0.0,0.0,0.0,0.0,0.0,0.0,0.0,0.0,0.05628588754303576,0.0,0.1632124998491816,0.0,0.6568035651065426,0.0,0.0,14.693562351088813,11994.296079631677,803.0669255716103,1630.5199013458425
0.0,0.0,0.0,0.0,0.0,0.0,0.0,0.0,0.0,0.0,0.0,0.0,0.0,0.0,0.0,0.0,0.0,0.0,0.0,0.0,0.0,0.0,0.4294019268337399,0.0,0.0,0.0,0.0,0.0,0.5705980731662601,0.0,22.631613932605738,13077.14369959816,392.1601905042608,1121.8053689782548
0.0,0.0,0.0,0.8965432496536554,0.0,0.0,0.0,0.0,0.0,0.0,0.0,0.0,0.0,0.0,0.0,0.0,0.0,0.10345675034634463,0.0,0.0,0.0,0.0,0.0,0.0,0.0,0.0,0.0,0.0,0.0,0.0,247.31554428989398,3592.7625671114465,173.8347468031358,2533.408599859206
0.0,0.0,0.18002334712429363,0.0,0.2375154974266849,0.0,0.0,0.0,0.0,0.0,0.0,0.0,0.0,0.009443814277997321,0.0,0.0,0.0,0.0,0.0,0.0,0.0,0.0,0.0,0.15419669846627218,0.0,0.1234737497990886,0.0,0.0,0.0,0.29534689290566346,2.4999978325359438,6472.971191348327,597.683744592624,2678.6278721567783
0.4956450335120913,0.0,0.0,0.0,0.0,0.0,0.0,0.0,0.0,0.30738425881654047,0.0,0.0,0.0,0.0,0.0,0.0,0.0,0.0,0.0,0.0,0.0,0.0,0.0,0.0,0.0,0.0,0.0496239457499231,0.0,0.0,0.14734676192144508,1.5511839770854636,7566.821301153645,258.0840226353075,843.597264038877
0.0,0.0,0.0,0.0,0.0,0.0,0.0,0.0,0.0,0.0,0.03168497792470798,0.0,0.513546896072075,0.0,0.0,0.0,0.0,0.0,0.0,0.3068754832254292,0.0,0.0,0.0,0.0,0.0,0.14789264277778796,0.0,0.0,0.0,0.0,65.48071408785506,4869.630938217993,305.37421037229745,1364.2041916506191
0.0,0.0,0.0,0.0,0.0,0.0,0.0,0.0,0.0,0.0,0.0,0.0,0.0,0.0,0.0,0.0,0.0,0.0,0.318753294609666,0.07901720519422273,0.0,0.0,0.0,0.0,0.0,0.6022295001961113,0.0,0.0,0.0,0.0,63.731169198950454,12099.03891823046,602.5532832689689,2601.050625963793
0.0,0.0,0.0,0.0,0.0,0.0,0.0,0.0,0.0,0.0,0.0,0.0,0.0,0.0,0.0,0.0,0.1454724128341022,0.4000886853771948,0.0,0.0,0.0,0.0,0.0,0.454438901788703,0.0,0.0,0.0,0.0,0.0,0.0,166.30526178835032,2796.245190134732,540.1459099599305,2153.5435819501813
0.0,0.0,0.0,0.0,0.0,0.369875611859286,0.0,0.0,0.0,0.0,0.0,0.0,0.0,0.0,0.03499081018988984,0.09012097986725255,0.0,0.0,0.29177774973783305,0.0,0.0,0.0,0.2132348483457386,0.0,0.0,0.0,0.0,0.0,0.0,0.0,175.34157034358935,8400.96714622247,400.8702286974216,1920.9852575435373
0.0,0.0,0.0,0.0,0.0,0.0,0.0,0.0,0.0,0.19137586786084357,0.0,0.09479118774111032,0.0,0.0,0.0,0.0,0.0,0.0,0.0,0.08585757144556604,0.18736809689954873,0.0,0.0,0.0,0.0,0.0,0.258307652940397,0.0,0.1822996231125343,0.0,94.94089921733875,9833.253264588055,386.64820598594827,1686.34726946716
0.0,0.0,0.0,0.23700503484492486,0.0,0.0,0.0,0.0,0.0,0.0,0.5219722353348132,0.0,0.0,0.0,0.24102272982026207,0.0,0.0,0.0,0.0,0.0,0.0,0.0,0.0,0.0,0.0,0.0,0.0,0.0,0.0,0.0,212.18289752685982,5848.239799409244,681.7395730828953,1919.7962354600952
0.0,0.0,0.0,0.0,0.0,0.16311049492872998,0.0,0.0,0.0,0.0,0.0,0.0,0.0,0.0,0.0,0.0,0.0,0.0,0.0,0.0,0.0,0.0,0.6750073448302482,0.0,0.0,0.0,0.16188216024102184,0.0,0.0,0.0,60.91531610196865,15341.340866114777,340.46125638197753,1367.5620522716486
0.0,0.0,0.0,0.0,0.0,0.0,0.0,0.0,0.0,0.0,0.0,0.0,0.0,0.5802845960035711,0.0,0.0,0.0,0.41971540399642887,0.0,0.0,0.0,0.0,0.0,0.0,0.0,0.0,0.0,0.0,0.0,0.0,171.65183667923569,3240.1292297575606,529.1939123546877,2244.0992060992476
0.0,0.0,0.0,0.0,0.0,0.0,0.0,0.0,0.0,0.0,0.0,0.0,0.3834014309786546,0.0,0.0,0.0,0.0,0.0,0.0,0.0,0.0,0.0,0.0,0.6165985690213454,0.0,0.0,0.0,0.0,0.0,0.0,37.09914662596535,3085.3886385371748,422.7257477559856,2547.7772016894983
0.0,0.0,0.24636445799470016,0.0,0.0,0.0,0.0,0.0,0.24293122420051452,0.0,0.0,0.0,0.0,0.0,0.0,0.2053470828958337,0.03642356093333648,0.16371919427143478,0.0,0.0,0.0,0.0,0.0,0.0,0.0,0.0,0.0,0.10521447970418032,0.0,0.0,143.7697972637684,6459.577329782621,563.2963696361151,2279.040184578067
0.44110557344555634,0.0,0.0,0.0,0.0,0.0,0.0,0.0,0.0,0.0,0.40227123231708006,0.0,0.0,0.0,0.05253319936901661,0.0,0.10408999486834712,0.0,0.0,0.0,0.0,0.0,0.0,0.0,0.0,0.0,0.0,0.0,0.0,0.0,140.53829902527042,5040.252001859945,506.680852246381,1046.5189640097108
0.05843339670077144,0.0,0.0,0.0,0.0,0.0,0.0,0.0,0.0,0.0,0.0,0.0,0.0,0.0,0.0,0.0,0.0,0.0,0.0,0.0,0.0,0.0,0.0,0.0,0.32637325033744413,0.0,0.2626708312318578,0.0,0.0,0.3525225217299266,79.36469192396744,6961.600387154352,275.2704589047819,2004.4664155429082
0.0,0.043951416229509974,0.0,0.20698807973821182,0.0,0.0,0.0,0.0,0.0,0.0,0.0,0.0,0.6156211674220231,0.0,0.0,0.0,0.0,0.0,0.13343933661025517,0.0,0.0,0.0,0.0,0.0,0.0,0.0,0.0,0.0,0.0,0.0,135.80306532786452,3610.314588755845,255.3918876548645,1292.4794678722228
0.0,0.0,0.0,0.0,0.0,0.0,0.0,0.0,0.0,0.0,0.29790204655810365,0.052608154192322676,0.17524411875528195,0.0,0.0,0.0,0.0,0.0,0.0,0.16413979713454463,0.0,0.0,0.0,0.0,0.14709720752645508,0.0,0.0,0.16300867583329195,0.0,0.0,162.13374140685406,6150.464180852096,639.0513705047566,1538.7673039854276
0.0,0.0,0.0,0.0,0.0,0.0,0.0,0.0,0.0,0.0,0.0,0.0,0.0,0.0,0.0,0.0,0.2210364732873406,0.2505898933536342,0.0,0.0,0.0,0.0,0.0,0.0,0.29172385081676133,0.0,0.0,0.0,0.19286922038475635,0.043780562157507516,189.87214158585144,4820.814271902308,447.483460560656,1812.7721840612596
0.21624049975770962,0.16586660014510676,0.0,0.0,0.0,0.0,0.0,0.0,0.0,0.0,0.0,0.2915665016944313,0.0,0.0,0.0,0.0,0.0,0.0,0.0,0.0,0.32632639840275224,0.0,0.0,0.0,0.0,0.0,0.0,0.0,0.0,0.0,190.41977999918421,6149.463270737012,456.56373652854904,1683.9564173826143
0.0,0.0,0.0,0.0,0.0,0.0,0.03613656223172301,0.1857050108145883,0.0,0.0,0.0,0.0,0.21479816106155386,0.3959088723163764,0.0,0.0,0.0,0.0,0.0,0.0,0.0,0.05379492646703849,0.0,0.0,0.11365646710872009,0.0,0.0,0.0,0.0,0.0,80.56627419811201,8244.351388887128,357.91055398616976,2344.4352588453626
0.0,0.24842512189182522,0.0,0.0,0.0,0.0,0.0,0.0,0.0,0.0,0.0,0.0,0.1643451672127034,0.0,0.0,0.09108171353777474,0.0,0.0,0.26021844066561883,0.0,0.0,0.0,0.0,0.0,0.0,0.0,0.0,0.0,0.0,0.23592955669207788,81.22227275491319,5603.660580861109,445.8353039214854,950.8334149811376
0.28120480503819967,0.0,0.0,0.0,0.0,0.0,0.0,0.0,0.0,0.0,0.03433612798075587,0.0,0.0,0.0,0.0,0.0,0.0,0.1181341108738219,0.0,0.0,0.3730207930075139,0.0,0.0,0.0,0.0,0.0,0.0,0.0,0.1933041630997088,0.0,196.95004261916344,5953.018110325921,376.6180603695738,842.2829522135338
0.0,0.0,0.0,0.0,0.0,0.0,0.0,0.0,0.0,0.0,0.0,0.0,0.1219259606881889,0.0,0.0,0.5428037459587879,0.0,0.0,0.0,0.0,0.0,0.0,0.0,0.0,0.0,0.0,0.0,0.0,0.21914368477858007,0.1161266085744432,37.46368179937443,7625.946023285879,565.9653257523961,2698.891030166194
0.0,0.0,0.0,0.0,0.0,0.0,0.0,0.0,0.0,0.0,0.0,0.29338173697480613,0.0,0.0,0.0,0.0,0.0,0.7066182630251938,0.0,0.0,0.0,0.0,0.0,0.0,0.0,0.0,0.0,0.0,0.0,0.0,306.3231937342523,2918.3197387584114,664.6819994159177,1670.3020056009887
0.0,0.0,0.0,0.0,0.0,0.0,0.0,0.17179952452097288,0.0,0.0,0.0,0.0,0.0,0.0,0.0,0.0,0.255199223935059,0.0,0.0,0.09505863029991947,0.31267375227510263,0.0,0.0,0.0,0.0,0.09112169094861536,0.0,0.0741471780203308,0.0,0.0,151.8931848569787,9209.853427703045,367.06305668585935,1349.425765659627
0.0,0.0,0.0,0.0,0.0,0.0,0.0,0.0,0.0,0.0,0.0,0.0,0.0,0.0,0.0,0.0,0.4305206078057454,0.0,0.0,0.0,0.41890075763994133,0.0,0.0,0.0,0.15057863455431345,0.0,0.0,0.0,0.0,0.0,218.75805442648803,4238.967750487322,303.64012940841616,1347.9204457142816
0.0,0.0,0.0,0.0,0.0,0.0,0.0,0.0,0.0,0.21866134561144443,0.0,0.0,0.0,0.0,0.12370615408538796,0.0,0.33124398934054256,0.0,0.0,0.0,0.0,0.0,0.0,0.0,0.0,0.09584800443812026,0.0,0.0,0.2305405065245048,0.0,53.4549944348509,9558.664452926418,451.98365269820385,1913.246791993626
0.0,0.0,0.0,0.5504828448102389,0.0,0.0,0.0,0.0,0.0,0.0,0.0,0.10952416462534834,0.0,0.0,0.0,0.2434904664352136,0.0,0.0,0.0,0.0,0.09650252412919914,0.0,0.0,0.0,0.0,0.0,0.0,0.0,0.0,0.0,212.04026047606507,5292.828085089199,391.9026051314649,3072.536911259928
0.0,0.0,0.0,0.0,0.0,0.0,0.0,0.29835757371645544,0.0,0.0,0.051083897373773626,0.0,0.10635800429300614,0.0,0.0,0.0,0.0,0.0,0.0,0.16898693031084996,0.0,0.2641777117309065,0.0,0.0,0.0,0.0,0.0,0.11103588257500856,0.0,0.0,33.83942881295816,10511.180064397615,436.3330959306007,1173.4961767800326
0.08762194138625255,0.0,0.0,0.0,0.0,0.0,0.0,0.0,0.0,0.0,0.0,0.0,0.0,0.0,0.0,0.0,0.0,0.0,0.18216411143328784,0.0,0.0,0.286576411269692,0.0,0.0,0.44363753591076766,0.0,0.0,0.0,0.0,0.0,149.1398359095472,4560.709430266372,404.19156262342864,2311.1950287632762
0.0,0.0,0.0,0.0,0.0,0.0,0.0,0.0,0.0,0.0,0.0,0.0,0.0,0.0,0.0,0.0,0.0,0.0,0.4270019956776076,0.3166148594505869,0.0,0.0,0.0,0.052655167138202376,0.12768087079834797,0.07604710693525514,0.0,0.0,0.0,0.0,120.38830673827286,5881.343234324304,385.47262410748385,1432.4474301075857
0.0,0.0,0.14829968187310993,0.0,0.0,0.0,0.0,0.0,0.0,0.0,0.15603616849997162,0.0,0.0,0.0,0.35784881925625434,0.0,0.0,0.11238923015523514,0.0,0.0,0.0,0.08575560918162539,0.0,0.0,0.13967049103380366,0.0,0.0,0.0,0.0,0.0,134.23118065150607,6916.002505904243,727.4178302409197,2300.2615643813842
0.16340313504639067,0.0,0.0,0.0,0.0,0.0,0.0,0.0,0.0,0.12800952302441326,0.0,0.0,0.0,0.0,0.0,0.0,0.0,0.0,0.0,0.23941821289190446,0.0,0.0,0.21908923724991647,0.0,0.0,0.0,0.08340830839623517,0.0,0.1666715833911399,0.0,15.181835004739952,10826.150579240615,308.57666806048763,1099.6652657359366
0.0,0.0,0.0,0.0,0.0,0.0,0.18758945652985834,0.0,0.0,0.0,0.0,0.0,0.0,0.0,0.0,0.0,0.0,0.0,0.0,0.0,0.0,0.0,0.0,0.5119079599047561,0.0,0.26871807250952595,0.03178451105585965,0.0,0.0,0.0,22.00396363434544,8925.982444325811,587.7909169004149,3117.510930677627
0.05835011269490793,0.11499949271691859,0.0,0.0,0.0,0.0,0.0,0.0,0.27835322003681806,0.0,0.0,0.19177222373999017,0.0,0.0,0.0,0.0,0.0,0.0,0.3164291710368094,0.0,0.0,0.0,0.0,0.0,0.0,0.04009577977455586,0.0,0.0,0.0,0.0,201.22801048362282,6727.18153752129,489.88649415831895,1714.8358043110952
0.0,0.0,0.0,0.0,0.0,0.4268873938444133,0.0,0.0,0.0,0.35264778561388305,0.0,0.0,0.22046482054170366,0.0,0.0,0.0,0.0,0.0,0.0,0.0,0.0,0.0,0.0,0.0,0.0,0.0,0.0,0.0,0.0,0.0,128.40688084010276,7614.889356209709,242.09822920916423,1866.0374295943748
0.0,0.0,0.2709298096645026,0.0,0.0,0.0,0.0,0.0,0.0,0.0,0.0,0.0,0.0,0.3335315113462777,0.0,0.0,0.24859811574274415,0.0,0.0,0.0,0.14694056324647553,0.0,0.0,0.0,0.0,0.0,0.0,0.0,0.0,0.0,101.66748541052787,4534.425931971698,383.9710573898777,2590.511790883286
0.053399142342399834,0.0,0.0,0.0,0.0,0.0,0.17971428174421114,0.0,0.0,0.0,0.0,0.0,0.4408982587042623,0.32598831720912663,0.0,0.0,0.0,0.0,0.0,0.0,0.0,0.0,0.0,0.0,0.0,0.0,0.0,0.0,0.0,0.0,85.09426864599297,4620.852855560711,325.67236569609855,1761.9101036587267
0.41205589887624533,0.0,0.0,0.0,0.0,0.0,0.5069348098579137,0.0,0.0,0.0,0.0,0.0,0.0,0.0,0.0,0.0,0.0,0.0,0.0,0.08100929126584083,0.0,0.0,0.0,0.0,0.0,0.0,0.0,0.0,0.0,0.0,53.549459498972425,6734.523126640309,296.3928420103347,738.074284317022
0.3554323330703343,0.0,0.0,0.0,0.0,0.0,0.0,0.0,0.0,0.0,0.0,0.0,0.0,0.0,0.0,0.0,0.0,0.0,0.0,0.0,0.3242472806483322,0.0,0.0,0.0,0.0,0.0,0.0,0.0,0.10739495874956709,0.21292542753176633,102.01730527501687,5776.5794351967925,282.22537868952696,784.8066353412935
0.06726208040186223,0.0,0.0,0.0,0.0,0.0,0.0,0.0,0.0,0.0,0.0,0.0,0.0,0.3919896932945932,0.0,0.21643150539974862,0.0,0.0,0.18196481655415983,0.0,0.0,0.0,0.0,0.0,0.08168452847481755,0.06066737587481864,0.0,0.0,0.0,0.0,101.8834149678667,6202.4858948087585,579.7662558956961,3176.565153855519
0.0,0.0,0.0,0.0,0.0,0.0,0.0,0.0,0.0,0.0,0.0,0.0,0.0,0.0,0.0,0.0,0.0,0.5717735263145237,0.0,0.0,0.0,0.0,0.0,0.0,0.0,0.0,0.0,0.3660353549686621,0.0,0.06219111871681425,190.564401842424,6475.523416138403,710.4444731731492,785.1973000015827
0.0,0.0,0.0,0.0,0.0,0.1784353402592093,0.0,0.0,0.0,0.0,0.0,0.0,0.0,0.0,0.0,0.0,0.0,0.0,0.0,0.8215646597407907,0.0,0.0,0.0,0.0,0.0,0.0,0.0,0.0,0.0,0.0,39.63047004923084,3584.9026235997226,188.6643837377689,1200.3169908796947
0.0,0.0,0.11282248416092117,0.08665050394898952,0.0,0.0,0.0,0.15723932592371853,0.0,0.2092801491270815,0.0,0.0,0.0,0.0,0.0,0.0,0.0,0.0,0.0,0.0,0.0,0.0,0.0,0.0,0.0,0.0,0.0,0.0,0.0,0.4340075368392892,31.605432991638597,9875.297973549626,261.2156086945178,1316.7821262859545
0.0,0.0,0.0,0.0,0.0,0.0,0.0,0.0,0.0,0.0,0.0,0.20232098422119546,0.19521291453907264,0.10368566891465067,0.0,0.0,0.0,0.0,0.21334245860045514,0.0,0.0,0.0,0.0,0.0,0.04177769646833709,0.0,0.0,0.0,0.2436602772562889,0.0,154.57210564755292,5678.940704454778,487.49907275710075,2080.914888108833
0.0,0.0,0.0,0.0,0.0,0.0,0.0,0.0,0.0,0.0,0.0,0.0,0.0,0.0,0.17808257211116674,0.0,0.08400471989781233,0.14062179973260513,0.0,0.22043060506409667,0.0,0.0,0.0,0.15708891065821554,0.21977139253610362,0.0,0.0,0.0,0.0,0.0,122.67497645866035,5052.19326951652,505.14175965465205,2273.93465385163
0.1271593711422464,0.0,0.0,0.0,0.0,0.0,0.0,0.0,0.0,0.0,0.0,0.0,0.0,0.0,0.09203153774903561,0.21975142229276567,0.0,0.0,0.0,0.0,0.0,0.0,0.0,0.0,0.1760071667069395,0.08447844157046164,0.0,0.0,0.0,0.300572060538551,47.29656868317295,6483.101713465136,487.9857639626929,2451.7978913941006
0.0,0.0,0.0,0.0,0.0,0.0,0.0,0.0,0.0,0.0,0.0,0.0,0.32506958596475216,0.0,0.6749304140352478,0.0,0.0,0.0,0.0,0.0,0.0,0.0,0.0,0.0,0.0,0.0,0.0,0.0,0.0,0.0,26.42553762790712,6059.020260544256,588.3102909472618,1844.336517975588
0.0,0.0,0.0,0.0,0.3135856207972452,0.16138760512501887,0.0,0.17837474168534612,0.0,0.0,0.0,0.0,0.0,0.0,0.11057036190227934,0.0,0.0,0.0,0.0,0.0,0.0,0.0,0.0,0.0,0.0,0.0,0.0,0.0,0.0,0.23608167049011042,51.49628159685966,8520.767412871972,528.965104571895,2035.433399101297
0.0,0.11741169384119411,0.0,0.0,0.3041844239587567,0.10612021518268856,0.0,0.0,0.0,0.0,0.0,0.0,0.0,0.0,0.0,0.0,0.0,0.12182231204505414,0.0,0.0,0.0,0.0,0.0,0.0,0.27995644388709434,0.0,0.0,0.0,0.07050491108521208,0.0,147.33999714399337,6037.5185840974455,587.2588343399367,2449.017184878234
0.06615127614602002,0.0,0.0,0.0,0.0,0.0,0.0,0.0,0.0,0.0,0.0,0.0,0.0,0.0,0.2931939291154895,0.0,0.0,0.0,0.0,0.0,0.0,0.0,0.0,0.0,0.6406547947384905,0.0,0.0,0.0,0.0,0.0,141.02430044970242,5876.852607091285,481.0642214584735,2895.214930103248
0.0,0.0,0.0,0.0,0.0,0.0,0.0,0.0,0.20192192633877473,0.0,0.0,0.25916776312581685,0.0,0.0,0.0,0.0,0.0,0.0,0.0,0.0,0.0,0.0,0.5389103105354085,0.0,0.0,0.0,0.0,0.0,0.0,0.0,154.24449709468487,12501.616530449484,527.6565735482741,1763.9000804653278
0.0,0.0,0.0,0.0,0.0,0.0,0.0,0.0,0.2703873038267744,0.0,0.0,0.0,0.0,0.0,0.0,0.0,0.0,0.07331588897185633,0.0,0.0,0.0,0.3649743519072939,0.29132245529407536,0.0,0.0,0.0,0.0,0.0,0.0,0.0,101.02781903942387,9213.251308898713,445.62917532280755,1403.6810554129995
0.0,0.0,0.0,0.0,0.0,0.0,0.0,0.0,0.0,0.0,0.0,0.47930352745369836,0.0,0.0,0.0,0.0,0.0,0.11636739001609209,0.3233190559508736,0.0,0.0,0.08101002657933594,0.0,0.0,0.0,0.0,0.0,0.0,0.0,0.0,261.32597893025786,4833.058010906957,728.5381687545057,2538.5032475780113
0.0,0.0,0.0,0.08312742981227474,0.0,0.0,0.0,0.13986345030806008,0.2294017078987223,0.0,0.0,0.0,0.0,0.0,0.0,0.0,0.29272630316884973,0.0,0.0,0.25488110881209314,0.0,0.0,0.0,0.0,0.0,0.0,0.0,0.0,0.0,0.0,126.87525353079067,7464.114745503688,236.31916717515153,1249.7472847773274
0.0,0.0,0.0,0.0,0.15809764178228666,0.1168697180532682,0.0,0.0,0.22736468935932616,0.0,0.0,0.16825150527254348,0.0,0.0,0.0,0.0,0.0,0.3294164455325755,0.0,0.0,0.0,0.0,0.0,0.0,0.0,0.0,0.0,0.0,0.0,0.0,256.95797259472926,5259.580402719791,585.1549688958581,2032.3548866433698
0.0,0.0,0.0,0.0,0.0,0.0,0.18767241660770498,0.0,0.0,0.0,0.0,0.0,0.0,0.0,0.0,0.0,0.4154192207602219,0.0,0.0,0.0,0.0,0.045023105175694064,0.10602233498658786,0.0,0.24586292246979108,0.0,0.0,0.0,0.0,0.0,142.2895216472886,6825.465636892759,386.76477471290724,1811.5492282237162
0.0,0.0,0.0,0.0,0.0,0.0,0.0,0.0,0.0,0.0,0.0,0.0,0.0,0.1323125452085545,0.0,0.0,0.0,0.0,0.0,0.3261318868296515,0.0203567266858952,0.0,0.0,0.4795819389745342,0.0,0.04161690230136444,0.0,0.0,0.0,0.0,19.654973695791938,4231.154335384295,471.53958310471944,2782.7759463276966
0.0,0.0,0.0,0.030603028294464703,0.38724936825747924,0.0,0.0,0.0,0.0,0.0,0.0,0.0,0.0,0.3560980617988007,0.0,0.0,0.0,0.0,0.0,0.0,0.0,0.120388242824015,0.0,0.0,0.056949344468982574,0.0,0.048711954356257796,0.0,0.0,0.0,44.49066563217606,5551.453433639833,680.3580559118976,3223.541520668303
0.0,0.0,0.0,0.0,0.0,0.0,0.0,0.0,0.0,0.0,0.0,0.0,0.0,0.0,0.0,0.0,0.1597464028358718,0.0,0.0,0.0,0.0,0.0,0.0,0.0,0.8402535971641283,0.0,0.0,0.0,0.0,0.0,198.35707552212364,4909.895975309752,274.5054587615026,2686.3586843716957
0.0,0.0,0.0,0.3837623978850308,0.0,0.0,0.2048662939823611,0.0,0.0,0.0,0.0,0.0,0.0,0.0,0.0,0.0,0.0,0.0,0.0,0.0,0.0,0.0,0.0,0.0,0.0,0.4113713081326081,0.0,0.0,0.0,0.0,116.95225325167247,9903.666959572087,407.463940638619,2920.4758687268336
0.0,0.0,0.0,0.0,0.0,0.0,0.0,0.0,0.0,0.0529547248507916,0.0,0.0,0.0,0.0,0.0,0.0,0.0,0.13106393412939252,0.0,0.10211153170059165,0.0,0.0,0.0,0.7138698093192243,0.0,0.0,0.0,0.0,0.0,0.0,53.84370787396705,3920.5568841045797,518.7371101000666,2850.283097815753
0.0,0.0,0.0,0.17381509819226956,0.0,0.0,0.0,0.0,0.0,0.0,0.0,0.2297259350335067,0.0,0.0,0.0,0.0,0.3685544052603923,0.0,0.1554102402018392,0.0,0.0,0.0,0.0,0.0,0.0,0.07249432131199239,0.0,0.0,0.0,0.0,214.65553038738787,5029.106336923637,475.310194201087,2664.776880490808
0.0,0.0,0.0,0.0,0.0,0.0,0.0,0.0,0.0,0.0,0.0,0.6505295969057349,0.0,0.0,0.0,0.0,0.0,0.0,0.0,0.0,0.0,0.0,0.0,0.0,0.0,0.0,0.0,0.0,0.0,0.349470403094265,197.82687505392695,4616.056270471336,588.3053946848318,2776.991635515358
0.08408788708175852,0.0,0.0,0.0,0.0,0.09352252000021272,0.1902197438175071,0.0,0.0,0.0,0.35178542432499854,0.0,0.0,0.0,0.0,0.0,0.0,0.0,0.15047727111976072,0.0,0.0,0.0,0.0,0.0,0.0,0.0,0.1299071536557624,0.0,0.0,0.0,178.0977238800022,7570.361785105116,524.2336312063657,1283.3209556861264
0.0,0.0,0.06149127432425522,0.0,0.0,0.0,0.0,0.0,0.0,0.0,0.2304313625636899,0.0,0.0,0.0,0.2799413282655072,0.0,0.0,0.0,0.0,0.0,0.0,0.18885087717661456,0.0,0.0,0.0,0.0,0.0,0.0,0.23928515766993308,0.0,74.20295418936873,6644.997546881992,679.2916306262721,2327.2725628097405
0.0,0.0,0.0,0.0,0.20145922525394963,0.0,0.0,0.2865168044199895,0.0,0.0,0.0,0.06767901086242573,0.0,0.0,0.0,0.0,0.0,0.0,0.0,0.0,0.17116442845583138,0.0,0.0,0.0,0.0,0.0,0.0,0.0,0.0,0.727999745827654,68.36683665953275,8118.573257781668,381.56931498129785,1303.8717789234042
0.0,0.0,0.0,0.1263762158232696,0.0,0.0,0.0,0.0,0.36675206856450365,0.3225210132576009,0.0,0.0,0.0,0.0,0.0,0.0,0.0,0.0,0.0,0.0,0.184350702354626,0.0,0.0,0.0,0.0,0.0,0.0,0.0,0.0,0.0,191.00417633850154,9778.971189017719,269.6293314213514,1210.0556000064018
0.0,0.0,0.0,0.0,0.7848333221305428,0.0,0.0,0.0,0.0,0.0,0.0,0.0,0.0,0.0,0.0,0.0,0.0,0.0,0.0,0.0,0.0,0.0,0.0,0.0,0.0,0.0,0.0,0.0,0.21516667786945726,0.0,4.677901997954026,6177.092093806548,738.5370699555682,2521.993435227617
0.41824518944851036,0.32715640553829706,0.0,0.0,0.0,0.0,0.0,0.0,0.0,0.0,0.0,0.0,0.0,0.0,0.0,0.0,0.0,0.0,0.0,0.0,0.0,0.12829504868581232,0.0,0.0652831423324208,0.0,0.0,0.0,0.0610202139949595,0.0,0.0,8.085810746523961,5890.778025576166,423.5872634747877,983.7905357332463
0.0,0.0,0.0,0.0,0.0,0.0,0.0,0.06260161113206314,0.0,0.0,0.0,0.3680674196825023,0.0,0.0,0.0,0.0,0.0,0.0,0.0738369115140651,0.0,0.0,0.0,0.0,0.0,0.0,0.06845552348526018,0.0,0.0,0.2645052015939316,0.16253333259217775,154.81150691067316,8623.854029577755,564.623551975019,2531.0934169247
0.0,0.0,0.0,0.0,0.18328839369083477,0.0,0.0,0.0,0.0,0.0,0.0,0.0,0.0,0.0,0.0,0.0,0.0,0.0,0.21521937144063563,0.15443142417934383,0.0,0.111883361613088,0.0,0.0,0.0,0.0,0.09438765233520517,0.0,0.2407897967408926,0.0,53.496355912572206,6820.0320366198475,500.90808107273074,1664.2991714063473
0.0,0.0,0.0,0.46549672815960647,0.0,0.0,0.0,0.22033437750466048,0.0,0.0,0.0,0.11869583840027384,0.0,0.0,0.0,0.0,0.0,0.0,0.0,0.0,0.0,0.0,0.11178782367405987,0.0,0.0,0.0,0.0,0.028773011667200428,0.0,0.05491222059419881,162.92860693142765,9215.64604344877,311.7363657640308,2461.396701105993
0.0,0.0,0.24102226200650165,0.0,0.0,0.0,0.0,0.0,0.0,0.14706910738036857,0.0,0.0,0.0,0.0,0.0,0.0,0.0,0.0,0.12555881159254334,0.0,0.0,0.0,0.0,0.0,0.0,0.0,0.14779658056082992,0.05577960397681256,0.282773634482944,0.0,28.402418967870148,9251.077631169484,393.0446399938429,1837.2727895319542
0.0,0.2213401975762789,0.0,0.0,0.17352381584053142,0.0,0.0,0.0,0.0,0.0,0.23598874655305915,0.0,0.0,0.0,0.0,0.0,0.0,0.0,0.0,0.11771141380426735,0.0,0.0,0.0,0.0,0.25143582622586325,0.0,0.0,0.0,0.0,0.0,147.65478628905691,6617.2636018962885,587.1964885265786,1869.97989359017
0.14916171213373627,0.0,0.0,0.0,0.0,0.0,0.0,0.0,0.5701512394146403,0.0421149809522448,0.0,0.0,0.0,0.0,0.0,0.0,0.0,0.0,0.0,0.0,0.0,0.0,0.0,0.0,0.0,0.0,0.0,0.0,0.1148722310398061,0.12369983645957251,128.0050502854667,6988.479100772167,240.54094860961666,1132.8906469740405
0.0,0.4642535849274983,0.0,0.0,0.0,0.0,0.0,0.0,0.0,0.0,0.0,0.0,0.0,0.0,0.0,0.0,0.0,0.0,0.0,0.0,0.0,0.0,0.0,0.0,0.0,0.5357464150725016,0.0,0.0,0.0,0.0,13.680472708496877,12429.743690374753,589.7313197322576,2217.7666438079023
0.0,0.0,0.0,0.0,0.0,0.0,0.0,0.0,0.0,0.0,0.0,0.0,0.0,0.0,0.7043252873917977,0.0,0.0,0.0,0.2956747126082023,0.0,0.0,0.0,0.0,0.0,0.0,0.0,0.0,0.0,0.0,0.0,64.50234833485533,7163.277588301532,714.1572954538849,1895.8629600006848
0.0,0.0,0.0,0.0,0.0,0.0,0.0,0.0,0.0,0.0,0.0,0.3383089933925277,0.0,0.0,0.0,0.0,0.6616910066074723,0.0,0.0,0.0,0.0,0.0,0.0,0.0,0.0,0.0,0.0,0.0,0.0,0.0,184.14709252766437,3103.392180795257,479.8816729848578,2274.02930468338
0.0,0.0,0.0,0.0,0.0,0.02121371648613144,0.0,0.0,0.0,0.0,0.0,0.0,0.24012675594835658,0.21362137617957097,0.0,0.2803046144488385,0.0,0.0,0.0,0.0,0.24473353693710262,0.0,0.0,0.0,0.0,0.0,0.0,0.0,0.0,0.0,151.93347506847513,5122.437175650154,510.6434864894942,2411.1040130687584
0.028647823646957893,0.0,0.0,0.0,0.0,0.0,0.0,0.0,0.0,0.0,0.0,0.0,0.0,0.0,0.287901506706165,0.0,0.0,0.0,0.0,0.0,0.0,0.0,0.18506281914882738,0.0,0.3308249372216721,0.0,0.0,0.0,0.0,0.1675629132763777,84.36451711372098,9539.398675581415,516.1996027546061,2062.830691600976
0.0,0.0,0.0,0.536452094107568,0.0,0.0,0.0,0.0,0.0,0.0,0.0,0.46354790589243183,0.0,0.0,0.0,0.0,0.0,0.0,0.0,0.0,0.0,0.0,0.0,0.0,0.0,0.0,0.0,0.0,0.0,0.0,268.6460940662354,4037.504056519718,437.7402695637539,3421.8490728391043
0.0,0.0,0.0,0.0,0.0,0.0,0.0,0.0,0.6639167204482975,0.0,0.0,0.0,0.0,0.0,0.0,0.0,0.0,0.0,0.0,0.0,0.0,0.0,0.33608327955170253,0.0,0.0,0.0,0.0,0.0,0.0,0.0,159.87306283566292,10333.945755314719,272.1204108933034,971.3443455922691
0.0,0.0,0.0,0.0,0.0,0.0,0.0,0.0,0.0,0.0,0.18978092459303375,0.22168636864601146,0.0,0.0,0.0,0.0,0.0,0.0,0.0,0.1686475333944554,0.0,0.0,0.0,0.0,0.17856412219723328,0.0,0.0,0.22555311083440024,0.015767940334865737,0.0,179.7421987155091,7209.515102396231,722.4880283454818,2405.580386879508
0.0,0.0,0.0,0.11330806085298102,0.0,0.17286919736445266,0.0,0.0,0.0,0.0,0.08118311574879739,0.0,0.0,0.0,0.0,0.0,0.0,0.0,0.0,0.13352677006429395,0.0,0.0,0.0,0.0,0.2269705149481206,0.0,0.0,0.0,0.27214234102135443,0.0,161.64128767898637,6082.299597615466,330.8251363940789,2330.549575375505
0.0,0.0,0.0,0.0,0.0,0.0,0.0,0.0,0.7466928733267254,0.25330712667327454,0.0,0.0,0.0,0.0,0.0,0.0,0.0,0.0,0.0,0.0,0.0,0.0,0.0,0.0,0.0,0.0,0.0,0.0,0.0,0.0,160.1154805831656,8231.174634225994,247.19153835541954,973.657390703378
0.0,0.03467478333415668,0.0,0.4829618218897603,0.3508372942459461,0.0,0.0,0.0,0.0,0.0,0.0,0.0,0.0,0.0,0.0,0.0,0.0,0.0,0.0,0.0,0.0,0.131526100530137,0.0,0.0,0.0,0.0,0.0,0.0,0.0,0.0,119.35033141115015,4407.611154325721,470.80713992957584,2752.0605707575533
0.0,0.0,0.0,0.7012235576549889,0.0,0.0,0.0,0.0,0.0,0.0,0.0,0.0,0.0,0.0,0.29877644234501105,0.0,0.0,0.0,0.0,0.0,0.0,0.0,0.0,0.0,0.0,0.0,0.0,0.0,0.0,0.0,180.66972917082498,5106.313338135752,333.5022622042157,2726.5677614893143
0.09834002461056032,0.0,0.0,0.0,0.0,0.0,0.0,0.0,0.0,0.12940831087193547,0.21832138603241405,0.0,0.0,0.0,0.3706299498619436,0.0,0.0,0.09416920142906464,0.0,0.0,0.08913112719408196,0.0,0.0,0.0,0.0,0.0,0.0,0.0,0.0,0.0,126.7381313462522,8205.620955030028,707.974301295365,1635.1677558354518
0.0,0.0,0.0,0.0,0.0,0.0,0.0,0.0,0.0,0.0,0.0,0.0,0.0,0.0,0.0,0.0,0.0,0.0,0.0,0.23074873911763535,0.39535802702898676,0.0,0.0,0.0,0.0,0.0,0.3738932338533779,0.0,0.0,0.0,131.91359955725875,7611.184482438647,256.1979961732437,1195.8440104387848
0.0,0.0,0.31232958687200113,0.0,0.0,0.0,0.0,0.0,0.0,0.0,0.0,0.0,0.2315023131518099,0.0,0.0,0.0,0.0,0.0,0.0,0.0,0.0,0.45616809997618885,0.0,0.0,0.0,0.0,0.0,0.0,0.0,0.0,21.539790473161307,3716.904705314133,374.9384642642564,2383.866826074185
0.0,0.0,0.0,0.0,0.0,0.0,0.0,0.0,0.0,0.3893129448956916,0.46618809226595387,0.0,0.03689205130672277,0.0,0.0,0.0,0.0,0.0,0.0,0.0,0.0,0.0,0.0,0.0,0.0,0.0,0.0,0.0,0.10760691153163167,0.0,144.48762910895127,8612.479211459047,547.555079067427,999.5989465710428
0.255206073734833,0.0,0.0,0.0,0.15559313901700433,0.0,0.0,0.0,0.0,0.0,0.0,0.2135890576799784,0.0,0.0,0.0,0.0,0.0,0.0,0.0,0.0,0.0,0.0,0.0,0.3756117295681841,0.0,0.0,0.0,0.0,0.0,0.0,71.53051186955173,4518.517287301077,630.3477030432431,3054.8445113460098
0.0,0.0,0.0,0.0,0.0,0.0,0.0,0.0,0.22087448529481912,0.0,0.0,0.0,0.0,0.0,0.07743288946553496,0.0,0.0,0.0,0.0,0.0,0.0,0.0,0.0,0.7016926252396457,0.0,0.0,0.0,0.0,0.0,0.0,58.44438562068491,4595.605426900942,511.5088850621404,2894.255156498775
0.0,0.0,0.0,0.0,0.0,0.0,0.0,0.0,0.0,0.0,0.0,0.0,0.30662218583759326,0.0,0.0,0.0,0.0,0.0,0.0,0.0,0.0,0.0,0.6933778141624067,0.0,0.0,0.0,0.0,0.0,0.0,0.0,52.76113315708581,12976.010640586355,350.7216347598499,749.7274142317867
0.0,0.0,0.0,0.0,0.0,0.0,0.0,0.0,0.0,0.0,0.0,0.3003053809902535,0.0,0.19182902977964303,0.0,0.0,0.0,0.0,0.0,0.0,0.0,0.0,0.0,0.0,0.0,0.0,0.0,0.0,0.5078655892301036,0.0,100.79110182151003,6276.940424050333,536.0441152278524,2564.4606296600323
0.0,0.0,0.0,0.0,0.0,0.0,0.0,0.0,0.0,0.0,0.0,0.0,0.0,0.0,0.0,0.0,0.0,0.0,0.0,0.0,0.113693311755211,0.0,0.0,0.0,0.8863066882447891,0.0,0.0,0.0,0.0,0.0,230.51439554557257,4979.746568607197,273.33300985863656,2939.8012316103786
0.0,0.0,0.0,0.0,0.11683329071942482,0.0,0.0,0.6212153098414012,0.0,0.0,0.0,0.0,0.0,0.0,0.0,0.10274875698550939,0.0,0.0,0.0,0.0,0.0,0.0,0.0,0.0,0.0,0.0,0.15920264245366447,0.0,0.0,0.0,15.615523526311348,16324.898249779904,292.50298891112476,1513.593849949781
0.0,0.2463090671565955,0.0,0.0,0.0,0.10140432049988768,0.0,0.0,0.0,0.09255763200196412,0.06582438898673934,0.0,0.0,0.0,0.13998941133767379,0.35391518001713956,0.0,0.0,0.0,0.0,0.0,0.0,0.0,0.0,0.0,0.0,0.0,0.0,0.0,0.0,62.340843323812656,8756.576685657252,624.6918169235686,2554.8915029937443
0.0,0.0,0.0,0.0,0.0,0.0,0.0,0.0,0.0,0.0,0.0,0.0,0.0,0.0,0.0,0.0,0.0,0.0,0.0,0.36793474813035293,0.29675342478624456,0.0,0.0,0.0,0.33531182708340246,0.0,0.0,0.0,0.0,0.0,176.90942030052202,4900.161398049869,296.6179764350429,1534.7254291314514
0.0,0.0,0.0,0.0,0.0,0.0,0.0,0.0,0.0,0.09826732888839587,0.0,0.0,0.0,0.0,0.0,0.0,0.0,0.0,0.5918023921539852,0.0,0.014915560255922085,0.0,0.0,0.0,0.0,0.29501471870169693,0.0,0.0,0.0,0.0,128.03749588407354,9812.567647841888,547.7341704427018,1631.9196306470824
0.0,0.0,0.0,0.0,0.0,0.0,0.0,0.22248897342194068,0.0,0.12125080533898926,0.0,0.0,0.0,0.0,0.0,0.0,0.0,0.0,0.0,0.0,0.0,0.13693726912429594,0.0,0.0,0.12562416060642226,0.25022748770970343,0.1434713037986485,0.0,0.0,0.0,35.12579583023564,14949.054896483336,429.06585418965125,2390.894075476058
0.0,0.0,0.0,0.0,0.0,0.0,0.0,0.0,0.09481499498021397,0.0,0.0,0.0,0.30101937764519987,0.0,0.0,0.03414719679800176,0.0,0.0,0.0,0.0,0.12435733721778176,0.0,0.08246445306272863,0.0,0.0,0.0,0.0,0.0,0.363196640296074,0.0,97.67875463328164,8298.311184276867,354.71111107190745,1218.5286495651635
0.0,0.0,0.0,0.49234102217962317,0.32995766082972633,0.0,0.0,0.0,0.0,0.0,0.04741098744150739,0.0,0.0,0.0,0.0,0.0,0.0,0.0,0.0,0.0,0.0,0.0,0.0,0.0,0.13029032954914307,0.0,0.0,0.0,0.0,0.0,175.13364653504152,4677.755090280109,449.15065694572496,2751.2838838834514
0.0,0.589482025064339,0.0,0.0,0.0,0.0,0.0,0.0,0.0,0.0,0.0,0.0,0.2282805085385124,0.0,0.0,0.0,0.0,0.0,0.18223746639714863,0.0,0.0,0.0,0.0,0.0,0.0,0.0,0.0,0.0,0.0,0.0,68.00547092779324,6471.147078628444,421.0280510849301,622.3750704813266
0.0,0.0,0.0,0.0,0.0,0.0,0.0,0.0,0.07556794780621627,0.0,0.0,0.0,0.21130761614306118,0.0,0.0,0.14514378649699394,0.0,0.0,0.0,0.21030757157706745,0.1221023232358701,0.0,0.0,0.0,0.0,0.0,0.0,0.23557075474079123,0.0,0.0,89.26506944571597,7836.1539032599985,547.0083112795262,1524.936361742731
0.0,0.0,0.8263377179019212,0.0,0.0,0.0,0.0,0.0,0.0,0.0,0.0,0.0,0.0,0.0,0.17366228209807885,0.0,0.0,0.0,0.0,0.0,0.0,0.0,0.0,0.0,0.0,0.0,0.0,0.0,0.0,0.0,0.9709549614990254,5554.399054194153,355.38313257445554,2785.795144183552
0.0,0.0,0.0,0.0,0.0,0.0,0.0,0.0,0.0,0.0,0.0,0.0,0.0,0.0,0.0,0.0,0.25766096272254985,0.0,0.0,0.0,0.0,0.0,0.45705075922615446,0.0,0.0,0.0,0.0,0.044914835656504636,0.2403734423947909,0.0,56.42215201696003,12896.614878348304,446.9315367797903,1157.7301010921208
0.0,0.0,0.0,0.0,0.11285065485609645,0.0,0.0,0.35234941491447924,0.0,0.5347999302294243,0.0,0.0,0.0,0.0,0.0,0.0,0.0,0.0,0.0,0.0,0.0,0.0,0.0,0.0,0.0,0.0,0.0,0.0,0.0,0.0,10.944795436455653,16097.37255166793,303.7961585141549,1137.8434198302068
0.0,0.0,0.0,0.0,0.0,0.0,0.0,0.0,0.0,0.35916608199249844,0.0,0.1925588594528137,0.0,0.0,0.0,0.0,0.0,0.0,0.0,0.0,0.15703084141233947,0.0,0.0,0.0,0.0,0.2912442171423482,0.0,0.0,0.0,0.0,118.00069803093622,11883.294904376782,551.5621443725627,2495.5988197474303
0.0,0.0,0.0,0.0,0.0,0.0,0.0,0.10081555297710207,0.0,0.0,0.46897412465509125,0.0,0.0,0.0,0.0,0.0,0.0,0.0,0.14666290728651094,0.0,0.0,0.28354741508129566,0.0,0.0,0.0,0.0,0.0,0.0,0.0,0.0,166.685140805858,7273.956706305677,629.4456750029653,1471.774299888934
0.06317991382802644,0.5096378492382438,0.0,0.0,0.16099341070505802,0.0,0.0,0.0,0.0,0.0,0.0,0.0,0.0,0.0,0.0,0.0,0.0,0.0,0.0,0.0,0.0,0.0,0.0,0.0,0.22493147260695043,0.0,0.0,0.0412573536217213,0.0,0.0,61.842672341167074,6960.193978279512,534.4526022651983,1525.6534053905102
0.08817457605496269,0.0,0.0,0.0,0.1530970706173298,0.0,0.15291854335664973,0.0,0.0,0.0,0.0,0.0,0.0,0.0,0.0,0.23015142878589104,0.0,0.0,0.0,0.0,0.0,0.0,0.0,0.0,0.1519177796545546,0.2237406015306121,0.0,0.0,0.0,0.0,73.06743139476467,9075.708845788393,638.9587570861415,3204.7117443470283
0.0,0.323690214028869,0.0,0.0,0.0,0.0,0.0,0.0,0.0,0.030617835512209035,0.0,0.0,0.0,0.0,0.0,0.0,0.3771572167107189,0.15681256161209767,0.0,0.0,0.0,0.0,0.0,0.0,0.0,0.0,0.11172217213610536,0.0,0.0,0.0,128.83025181866898,5791.062812323943,408.65562970831934,1076.9924209054377
0.0,0.0,0.0,0.0,0.0,0.0,0.0,0.0,0.0,0.18903609054173579,0.0,0.0,0.12176393778162861,0.0,0.23731408475870058,0.0,0.0,0.0,0.0,0.12372875260097269,0.0,0.0,0.0,0.3281571343169625,0.0,0.0,0.0,0.0,0.0,0.0,12.720132699288001,6779.963440395473,559.8545637026052,2222.896233699205
0.0,0.0,0.0,0.0,0.0,0.0,0.10787745968271222,0.0,0.0,0.0,0.2674098858917703,0.0,0.0,0.5240351574403416,0.0,0.0,0.0,0.0,0.0,0.0,0.0,0.0,0.0,0.0,0.100677496985176,0.0,0.0,0.0,0.0,0.0,149.5578375728138,5579.248039251059,547.0048624743844,2581.5224076551144
0.0,0.0,0.0,0.0,0.0,0.0,0.0,0.1352363143847875,0.0,0.1484163305546674,0.0,0.0,0.0,0.0,0.0,0.0,0.0,0.0,0.0,0.20348078788167834,0.0,0.0,0.0,0.0,0.0,0.0,0.0,0.06578033109250146,0.235093964373115,0.21199227171325039,9.726149844985134,10587.317936019685,360.48147311734294,1000.943841759863
0.0,0.0,0.0,0.0,0.0,0.0,0.0,0.7363187297982439,0.0,0.0,0.0,0.0,0.0,0.0,0.0,0.0,0.26368127020175613,0.0,0.0,0.0,0.0,0.0,0.0,0.0,0.0,0.0,0.0,0.0,0.0,0.0,51.09743998160306,15431.839022488613,188.5791556021322,933.7423640299118
0.0,0.0,0.0,0.0,0.0,0.0,0.0,0.0,0.0,0.0,0.21549273263621552,0.0,0.0,0.0,0.13634078288858367,0.0,0.28010575629973705,0.0,0.0,0.0,0.0,0.20281618105145327,0.0,0.16524454712401043,0.0,0.0,0.0,0.0,0.0,0.0,109.14001613965934,5456.056774851265,612.4282856906528,2122.4518931361254
0.0,0.0,0.0,0.0,0.040713972864526875,0.0,0.0,0.0,0.0,0.0,0.7362335831874507,0.0,0.0,0.0,0.0,0.0,0.0,0.0,0.0,0.0,0.0,0.0,0.0,0.0,0.0,0.22305244394802234,0.0,0.0,0.0,0.0,213.23093666648526,8197.000810920415,752.2254983019446,1713.7720793515032
0.0,0.0,0.0,0.16181817318479969,0.2626311335600946,0.0,0.0,0.0,0.0,0.0,0.2596092875980092,0.0,0.13776738513089884,0.0,0.0,0.0,0.0,0.0,0.0,0.0,0.0,0.0,0.0,0.0,0.0,0.0,0.0,0.0,0.17817402052619777,0.0,145.14361710705612,5720.649306224151,579.0539122382768,2026.2013343730284
0.0,0.0,0.0,0.5927532833221438,0.0,0.0,0.09959010638942355,0.0,0.0,0.0,0.2557783992254961,0.0,0.0,0.0,0.0,0.0518782110629366,0.0,0.0,0.0,0.0,0.0,0.0,0.0,0.0,0.0,0.0,0.0,0.0,0.0,0.0,236.2943238557319,5115.373015696892,384.8010755173043,2284.482313961812
0.0,0.0,0.0,0.4704957629189047,0.0,0.0,0.0,0.0,0.0,0.0,0.0,0.0,0.23179331725743763,0.0,0.0,0.0,0.15489005952541582,0.0,0.0,0.0,0.0,0.0,0.0,0.14282086029824184,0.0,0.0,0.0,0.0,0.0,0.0,179.2888711325194,3165.980908528814,263.76699278161124,2215.0946368251894
0.0,0.0,0.1579707978793514,0.0,0.0,0.0,0.0,0.0,0.0,0.0,0.2660584401869738,0.0,0.0,0.0,0.0,0.0,0.0,0.0,0.0,0.0,0.10625764125610486,0.0,0.09675767870689458,0.0,0.0,0.0,0.0,0.0,0.0,0.3729554419706754,126.10525377214292,6842.259130272402,523.3199782654701,1303.555700858226
0.36283237820595177,0.0,0.0,0.2487802197417117,0.0,0.09303761625570976,0.0,0.0,0.0,0.0,0.0,0.0,0.0,0.08947533039346213,0.0,0.0,0.0,0.0,0.0,0.0,0.19439350718897266,0.0,0.0,0.0,0.0,0.011480948214191994,0.0,0.0,0.0,0.0,168.88892565420676,4976.258184469812,244.9380656441333,1946.0584504877695
0.0,0.40163384270817376,0.0,0.0,0.0,0.0,0.0,0.0,0.07966420244625723,0.0,0.0,0.0,0.0,0.0,0.0,0.0,0.0,0.0,0.0,0.0,0.0,0.13276640911944068,0.0,0.0,0.0,0.3859355457261284,0.0,0.0,0.0,0.0,32.40736404585036,10355.719299989098,541.0907989532841,2202.784521492299
0.0,0.0,0.0,0.0,0.0,0.0,0.0,0.0,0.0,0.0,0.0,0.0,0.0,0.0,0.0,0.0,0.0,0.0,0.0,0.0,0.0,0.0,0.0,0.0,0.4866739957209637,0.0,0.0,0.0,0.0,0.5133260042790363,100.7892168712091,4954.9864763534715,288.39585180673913,1925.410803986548
0.0,0.0,0.0,0.0,0.0,0.0,0.0,0.7524413487557842,0.0,0.0,0.0,0.24755865124421592,0.0,0.0,0.0,0.0,0.0,0.0,0.0,0.0,0.0,0.0,0.0,0.0,0.0,0.0,0.0,0.0,0.0,0.0,86.31097509792619,15152.536047804893,302.35039495274196,1456.1371516147078
0.0,0.0,0.0,0.0,0.0,0.0,0.0,0.0,0.0,0.24365532201292567,0.234735960736192,0.0,0.0,0.0,0.0,0.03742848411402864,0.0,0.0,0.0,0.0,0.0,0.0,0.0,0.0,0.0,0.10116993769488658,0.0,0.0,0.12537803807044853,0.25763225737151874,79.32056780376979,9036.8673249932,519.4662707123807,1530.8496161294797
0.0,0.0,0.31882327644646863,0.0,0.0,0.0,0.0,0.0,0.0,0.0,0.0,0.0,0.0,0.0,0.0,0.0,0.46671991594983564,0.0,0.0,0.0,0.0,0.0,0.21445680760369581,0.0,0.0,0.0,0.0,0.0,0.0,0.0,80.0262721312209,7436.212410284245,319.2608074878963,1818.403281211198
0.0,0.0,0.0,0.0,0.0,0.0,0.0,0.10561280055493144,0.47076617415625716,0.0,0.0,0.0,0.0,0.0,0.0,0.1017977480698029,0.0,0.0,0.0,0.0,0.0,0.06743742880815304,0.0,0.0,0.14537355023440568,0.0,0.0,0.1090122981764497,0.0,0.0,166.30538120472193,9308.558110423013,384.0537025746622,1850.2123977329475
0.0,0.0,0.0,0.0,0.0,0.06604844779400805,0.0,0.0,0.0,0.18804070270647752,0.0,0.0,0.0,0.0,0.0,0.0,0.0,0.0,0.0,0.0,0.0,0.0,0.0,0.248882787878902,0.21369845952866706,0.28332960209194524,0.0,0.0,0.0,0.0,66.1736152407979,10038.480746608788,533.4450811834843,3405.753739729904
0.0,0.0,0.0,0.0,0.0,0.0,0.0,0.0,0.0,0.0,0.20884387141362604,0.0,0.0,0.0,0.3177100423028431,0.0,0.0,0.0,0.0,0.0,0.0,0.4734460862835309,0.0,0.0,0.0,0.0,0.0,0.0,0.0,0.0,56.43031882800026,5915.026058972644,703.7322761081039,2059.9303083141244
0.43876107896295885,0.0,0.0,0.0,0.0,0.0,0.0,0.0,0.0,0.0,0.0,0.0,0.0,0.0,0.5612389210370411,0.0,0.0,0.0,0.0,0.0,0.0,0.0,0.0,0.0,0.0,0.0,0.0,0.0,0.0,0.0,3.1639303252484163,6650.975732211645,540.9996663458812,1595.444647981569
0.0,0.0,0.0,0.0,0.0,0.0,0.0,0.0,0.0,0.5749893496830064,0.0,0.0,0.0,0.0,0.0,0.0,0.23193126520777646,0.0,0.1930793851092171,0.0,0.0,0.0,0.0,0.0,0.0,0.0,0.0,0.0,0.0,0.0,75.56880319378202,10085.601099803149,327.1385652062845,1016.9438037813691
0.0,0.0,0.0,0.0,0.0,0.0,0.0,0.30642202652516587,0.0,0.0,0.0,0.0,0.0,0.0,0.0,0.18599314247166523,0.0,0.507584831003169,0.0,0.0,0.0,0.0,0.0,0.0,0.0,0.0,0.0,0.0,0.0,0.0,201.81174147212784,8925.313232655817,501.45528636250503,1345.435693185136
0.0,0.0,0.0,0.0,0.0,0.0,0.0,0.0,0.0,0.0,0.0,0.0,0.0,0.0,0.0,0.0,0.0,0.0,0.0,0.0,0.0,0.7573759868711203,0.0,0.0,0.0,0.0,0.0,0.0,0.24262401312887968,0.0,3.320646715614609,4715.8408875668665,483.994094863712,1943.4075950395595
0.0,0.0,0.0,0.0,0.0,0.0,0.0,0.0,0.0,0.0,0.0,0.13448401535460386,0.0,0.0,0.0,0.0,0.0,0.18602334976994492,0.0,0.0,0.0,0.0,0.0,0.0,0.2605632330440897,0.0,0.0,0.3679034138219196,0.05102598800944205,0.0,170.76493400037484,7630.670823449618,766.4992722660747,2164.423231758705
0.0,0.03912881041505554,0.0,0.745953477931479,0.0,0.0,0.0,0.0,0.0,0.0,0.0,0.0,0.0,0.21491771165346546,0.0,0.0,0.0,0.0,0.0,0.0,0.0,0.0,0.0,0.0,0.0,0.0,0.0,0.0,0.0,0.0,199.34554620874292,3827.695735375476,236.26186265707014,2954.617533931494
0.13416188519044964,0.0,0.0,0.0,0.0,0.0,0.0,0.0,0.0,0.0,0.0,0.0,0.0,0.0,0.0,0.0,0.0,0.0,0.0,0.22640630080063048,0.0,0.0,0.4904876273016327,0.0,0.0,0.0,0.0,0.0,0.14894418670728712,0.0,20.338728126332512,12260.37372879477,336.80970173516897,904.2346388475903
0.0,0.0,0.0,0.6250258464882187,0.0,0.0,0.37497415351178126,0.0,0.0,0.0,0.0,0.0,0.0,0.0,0.0,0.0,0.0,0.0,0.0,0.0,0.0,0.0,0.0,0.0,0.0,0.0,0.0,0.0,0.0,0.0,196.36663776798457,5608.293367487647,237.7053603249753,2098.0001008414074
0.0,0.0,0.0,0.0,0.0,0.0,0.0,0.0,0.0,0.0,0.0,0.6429179479157532,0.0,0.0,0.0,0.0,0.0,0.0,0.0,0.35708205208424687,0.0,0.0,0.0,0.0,0.0,0.0,0.0,0.0,0.0,0.0,191.73689356232336,3982.1922634600523,565.9417728598378,2852.5146564214238
0.0,0.0,0.0,0.029322072869032365,0.0,0.0,0.0,0.0,0.0,0.0,0.0,0.0,0.0,0.0,0.07108244681280539,0.0,0.0,0.0,0.0,0.0,0.0,0.0,0.11492540954257442,0.0,0.1948866002351488,0.0,0.0,0.0,0.5897834705404389,0.0,62.26392290675645,9613.734578508427,420.13952210075627,1883.1279210432672
0.0,0.0,0.0,0.0,0.08335551845525975,0.0,0.2567699722497827,0.0,0.26563087440839267,0.0,0.22964179010862798,0.0,0.0,0.0,0.0,0.0,0.0,0.0,0.0,0.06816554392383482,0.0,0.0,0.0,0.0,0.09643630085410207,0.0,0.0,0.0,0.0,0.0,185.95336519935105,7997.047817551719,523.9320948530415,1440.5260048680364
0.0,0.0,0.0,0.0,0.499861734769973,0.0,0.0,0.0,0.12205858159933479,0.0,0.0,0.0,0.0,0.0,0.0,0.0,0.0,0.0,0.0,0.14002809619172898,0.0,0.0,0.23805158743896315,0.0,0.0,0.0,0.0,0.0,0.0,0.0,38.860303178651925,8790.700467109953,626.91757193886,1896.4068152555556
0.25372670131076125,0.07221939129279038,0.0,0.0,0.0,0.0,0.0,0.0,0.0,0.0,0.0,0.0,0.0,0.0,0.33835679528731666,0.0,0.0,0.0,0.0,0.1453291753146604,0.0,0.0,0.0,0.0,0.19036793679447137,0.0,0.0,0.0,0.0,0.0,46.76679933477738,6977.8297401916125,488.6375935239596,1923.3781089027536
0.0,0.0,0.0,0.0,0.0,0.0,0.0,0.0,0.0,0.4045758804466669,0.0,0.0,0.0,0.0,0.0,0.0,0.0,0.0,0.0,0.21848599702124097,0.0,0.0,0.0,0.0,0.0,0.0,0.3769381225320922,0.0,0.0,0.0,0.7873121554227849,10959.305809197625,214.50917747255548,1227.2537172184154
0.0,0.0,0.0,0.0,0.0,0.0,0.0,0.0,0.47348452036452376,0.1301708828658093,0.0,0.0,0.0,0.0,0.0,0.03026058342999281,0.0,0.0,0.0,0.0,0.36608401333967405,0.0,0.0,0.0,0.0,0.0,0.0,0.0,0.0,0.0,221.25519494995117,7748.473526426908,316.48114636546006,970.559500641788
0.0,0.0,0.0,0.0,0.0,0.0,0.0,0.0,0.0,0.0,0.4251706830819569,0.0,0.0,0.0,0.0,0.0,0.0,0.0,0.0,0.5748293169180432,0.0,0.0,0.0,0.0,0.0,0.0,0.0,0.0,0.0,0.0,123.86371790954668,4540.510685077798,431.332560078345,894.6703046819824
0.0,0.0,0.0,0.0,0.0,0.0,0.0,0.0,0.0,0.0,0.0,0.0,0.2549215734425743,0.07017579927946849,0.0,0.0,0.0,0.16486365080629814,0.0,0.0,0.0,0.3527728966813107,0.0,0.0,0.15726607979034837,0.0,0.0,0.0,0.0,0.0,126.84247142364268,3563.584933389041,429.21603977886394,1833.3969553591528
0.0,0.2552320130844669,0.0,0.0,0.0,0.0,0.0,0.0,0.21926698146272822,0.0,0.0,0.16632771080391556,0.03215211743145639,0.0,0.0,0.0,0.0,0.0,0.0,0.0,0.0,0.0,0.0,0.0,0.0,0.3270211772174329,0.0,0.0,0.0,0.0,112.75549802573246,9965.107278881987,553.7131488811748,2319.0149687130497
0.19279809916573346,0.0,0.0,0.0,0.0,0.0,0.0,0.0,0.0,0.12100147237975568,0.0,0.0,0.0,0.0,0.0,0.0,0.0,0.3081500415111891,0.0,0.0,0.0,0.3780503869433219,0.0,0.0,0.0,0.0,0.0,0.0,0.0,0.0,117.73173488763213,4781.131768253433,482.1165500522374,1275.1281242830364
0.0,0.0,0.0,0.0,0.0,0.0,0.0,0.0,0.0,0.0,0.0,0.0,0.0,0.0,0.0,0.0,0.13052170437713673,0.0,0.0,0.0,0.0,0.0,0.42362117811872624,0.0,0.0,0.09175137173454886,0.0,0.0,0.0,0.35410574576958825,37.75980661286442,11451.030180519261,399.6135815664758,1175.5267886275212
0.3168273534451027,0.6831726465548974,0.0,0.0,0.0,0.0,0.0,0.0,0.0,0.0,0.0,0.0,0.0,0.0,0.0,0.0,0.0,0.0,0.0,0.0,0.0,0.0,0.0,0.0,0.0,0.0,0.0,0.0,0.0,0.0,7.807822749716288,6715.041587351372,348.5327023816622,527.0051188221852
0.0,0.0,0.0,0.0,0.0,0.0,0.0,0.0,0.0,0.0,0.0,0.0,0.0,0.0,0.46039174982351977,0.0,0.0,0.0,0.0,0.0,0.0,0.0,0.0,0.0,0.0,0.0,0.5396082501764804,0.0,0.0,0.0,5.333467360331653,9354.98397331412,492.9931754505006,2100.869621336123
0.0,0.0,0.0,0.0,0.0,0.0,0.0,0.0,0.0,0.0,0.0,0.0,0.0,0.0,0.0,0.0,0.0,0.0,0.40877631366040995,0.0,0.0,0.5912236863395901,0.0,0.0,0.0,0.0,0.0,0.0,0.0,0.0,80.02029198474732,3820.9579157941403,483.48559346496745,1462.3571051220993
0.2586267751582065,0.0,0.0,0.0,0.0,0.0,0.0,0.0,0.0,0.0,0.0,0.0,0.0,0.0,0.0,0.0,0.0,0.2707408940287633,0.0,0.0,0.0,0.0,0.0,0.4706323308130302,0.0,0.0,0.0,0.0,0.0,0.0,101.53593172973525,3444.9846731884168,471.9054356496322,2200.0062988460318
0.0,0.0,0.3940339518768217,0.0,0.021227824351685343,0.0,0.0,0.0,0.0,0.0,0.0,0.0,0.0,0.0,0.0,0.1248624849019913,0.0,0.0,0.29059120728272775,0.0,0.0,0.0,0.0,0.0,0.06765293019385914,0.0,0.0,0.10163160139291484,0.0,0.0,83.3382831930284,6155.50003640875,505.2407030056957,2503.0534718421873
0.0,0.0,0.0,0.4931361823273664,0.0,0.0,0.0,0.0,0.0,0.0,0.0,0.0,0.0,0.0,0.0,0.0,0.0,0.0,0.0,0.0,0.0,0.0,0.0,0.0,0.0,0.5068638176726337,0.0,0.0,0.0,0.0,141.62906787128907,9807.702850374579,418.352164361576,3173.7900118850052
0.21620970330980097,0.0,0.0,0.0,0.0,0.0,0.0,0.0,0.0,0.0,0.0,0.0,0.0,0.0,0.0,0.0,0.0,0.0,0.0,0.0,0.0,0.2408944204957804,0.4671674181491116,0.0,0.0,0.0,0.0,0.07572845804530699,0.0,0.0,22.990605933222668,11486.846662261147,437.2844315901893,1102.0147772697326
0.18310980904051996,0.20211911620016065,0.0,0.0,0.1752759067557998,0.0,0.0,0.15061262754719573,0.0,0.0,0.07125562034214042,0.0,0.0,0.0,0.0,0.0,0.0,0.0,0.0,0.0,0.0,0.0,0.0,0.0,0.0,0.21762692011418344,0.0,0.0,0.0,0.0,30.67843807073667,11424.80696918923,539.0647071209326,1879.9625118836243
0.0,0.0,0.0,0.0,0.0,0.0,0.0,0.0,0.0,0.0,0.0,0.0,0.0,0.0,0.0,0.0,0.0,0.0,0.0,0.0,0.0,0.682904863113427,0.0,0.0,0.31709513688657304,0.0,0.0,0.0,0.0,0.0,72.01471729020246,3752.63260387908,426.3378881018778,2285.2100396785418
0.0,0.0,0.0,0.0,0.0,0.0,0.4371192964585235,0.0,0.0,0.0,0.0,0.0,0.0,0.0,0.13989534018719488,0.0,0.0,0.1715074548265407,0.0,0.0,0.0,0.11799111161885904,0.0,0.0,0.0,0.0,0.0,0.13348679690888193,0.0,0.0,118.60267745025266,7964.928256619612,626.5461482130238,1428.430052386009
0.0,0.0,0.0,0.0,0.0,0.15811348763014263,0.36900388832271475,0.0,0.0,0.0,0.0,0.0,0.0,0.0,0.0,0.0,0.0,0.0,0.0,0.21387331329671222,0.0,0.0,0.0,0.0,0.0,0.2590093107504304,0.0,0.0,0.0,0.0,87.03482043785218,9551.117721621586,399.94453132305756,2070.988130710475
0.0,0.4459804291468079,0.0,0.0,0.0,0.0,0.0,0.0,0.0,0.0,0.0,0.0,0.0,0.0,0.0,0.0,0.0,0.0,0.0,0.0,0.0,0.0,0.0,0.0,0.0,0.5540195708531922,0.0,0.0,0.0,0.0,11.760916942851884,12233.128230185557,567.7358255424859,2414.433927543039
0.0,0.0,0.12171328249762933,0.0,0.0,0.0,0.0,0.258266218517671,0.0,0.0,0.0,0.061829527748323114,0.24823450452818926,0.0,0.0,0.16297430205885957,0.0,0.0,0.0,0.14698216464932778,0.0,0.0,0.0,0.0,0.0,0.0,0.0,0.0,0.0,0.0,63.045641417065504,9795.336170843557,351.8218630139602,1872.0782396922873
0.0,0.0,0.0,0.0,0.2715218450492273,0.0,0.0,0.0,0.0,0.14513773750443495,0.0,0.0,0.0,0.0,0.2110134133167813,0.0,0.0,0.0,0.0,0.0,0.0,0.0,0.0,0.0,0.0,0.057280633593915525,0.0,0.0,0.0,0.31504637053564105,3.8279802314644993,8087.678127729396,649.7934520136259,2022.532822894287
0.0,0.0917667468999032,0.0,0.0,0.0,0.0,0.19243607541939867,0.0,0.0,0.0,0.0,0.12582792491323172,0.0,0.0,0.0,0.0,0.5061705614347934,0.0,0.0,0.0,0.0,0.0,0.0,0.0,0.0,0.08379869133267316,0.0,0.0,0.0,0.0,136.1720691961565,5592.6340516702485,461.13216984710135,1891.026065802689
0.0,0.0,0.0,0.0,0.0,0.0,0.0,0.0,0.0,0.0,0.0,0.0,0.0,0.0,0.0,0.0,0.0,0.1401662018427213,0.0,0.2453081772595404,0.0,0.0,0.0,0.3106041283044059,0.30392149259333245,0.0,0.0,0.0,0.0,0.0,128.0862558109753,4364.394929763215,413.4117560368096,2550.814672457956
0.0,0.0,0.37029084347432767,0.0,0.0,0.0,0.0,0.0,0.0,0.36048022421991177,0.0,0.0,0.0,0.0,0.0,0.0,0.18467527709247253,0.0,0.0,0.0,0.0,0.0,0.0,0.0,0.0,0.0,0.08455365521328813,0.0,0.0,0.0,37.987089875510655,,284.13027202579144,1884.8111703787138
0.0,0.0,0.0,0.0,0.0,0.0,0.0,0.0,0.0,0.0,0.1389239878334178,0.19012860121054734,0.0,0.0,0.14215632012078658,0.0,0.0,0.0,0.0,0.0,0.18625980141030887,0.0,0.252719544092943,0.0,0.08981174533199648,0.0,0.0,0.0,0.0,0.0,204.17356576415017,,646.0811201952074,2147.878726212483
0.0,0.0,0.0,0.0,0.0,0.0,0.0,0.0,0.0,0.0,0.0,0.0,0.0,0.0,0.0,0.0,0.0,0.0,0.0,0.0,0.45210014976917606,0.0,0.0,0.0,0.5271975008394911,0.020702349391333058,0.0,0.0,0.0,0.0,274.970570895026,6191.691714798755,313.4003998684889,2178.575496889486
0.0,0.0,0.0,0.0,0.0,0.0,0.0,0.0,0.0,0.0,0.0,0.0,0.0,0.201801803428214,0.0,0.0,0.0,0.0,0.08269820043798393,0.0,0.0,0.0,0.0,0.30038350756959054,0.0,0.0,0.1142463188816195,0.0,0.0,0.30087016968259217,31.777198233168008,5340.097463506443,426.7427378160126,2600.3702142296092
0.0,0.0,0.0,0.0,0.0,0.0,0.0,0.1951168504785466,0.0,0.0,0.0,0.08501239448104939,0.0,0.215896292352143,0.0,0.0,0.03939480982279545,0.0,0.0,0.0,0.0,0.0,0.0,0.23478607342341662,0.0,0.229793579442049,0.0,0.0,0.0,0.0,54.81894705333497,10766.684002587443,528.5134734718566,3382.7777649371615
0.21351731053862838,0.011286014769132905,0.0425842059998615,0.0,0.0,0.0,0.0,0.0,0.0,0.0,0.0,0.0,0.0,0.0,0.0,0.0,0.0,0.0,0.0,0.0,0.0,0.0,0.0,0.3100652611449086,0.0,0.3593108817130273,0.0,0.0,0.0632363258344415,0.0,10.810547947852799,9567.883736867932,528.9437301064542,3221.655728225023
0.0,0.0,0.0,0.0,0.0,0.0,0.0,0.0,0.0,0.0,0.0,0.0,0.0,0.0,0.0,0.0,0.40917964995835987,0.0,0.0,0.0,0.0,0.0,0.0,0.0,0.0,0.0,0.0,0.0,0.0,0.59082035004164,56.19343225187286,3469.5288289100645,287.89244834764327,980.2773183551838
0.23445095801461477,0.0,0.0,0.0,0.0,0.0,0.0,0.0,0.0,0.0,0.32678598561393657,0.0,0.15865045539860936,0.2801126009728393,0.0,0.0,0.0,0.0,0.0,0.0,0.0,0.0,0.0,0.0,0.0,0.0,0.0,0.0,0.0,0.0,121.17486090849562,4585.5970466149065,527.696825222762,1706.7116876572427
0.0,0.31882082258306643,0.0,0.0,0.0,0.0,0.0,0.0,0.0,0.0,0.0,0.0,0.0,0.0,0.0,0.0,0.6811791774169336,0.0,0.0,0.0,0.0,0.0,0.0,0.0,0.0,0.0,0.0,0.0,0.0,0.0,98.49521427414611,4390.615393446181,366.7184524718632,1096.529001576901
0.0,0.0,0.0,0.0,0.0,0.80026111813859,0.0,0.0,0.0,0.0,0.0,0.0,0.0,0.0,0.0,0.0,0.0,0.0,0.0,0.0,0.0,0.0,0.0,0.0,0.19973888186140998,0.0,0.0,0.0,0.0,0.0,249.1800240625348,4045.7306109253786,182.28204442738436,2845.9321712355586
0.0,0.849685197852011,0.0,0.0,0.0,0.0,0.0,0.0,0.0,0.15031480214798898,0.0,0.0,0.0,0.0,0.0,0.0,0.0,0.0,0.0,0.0,0.0,0.0,0.0,0.0,0.0,0.0,0.0,0.0,0.0,0.0,9.752684696210007,9258.092119428313,412.5636682803015,604.5041394589823
0.0,0.0,0.0,0.0,0.0,0.19165472100584552,0.0,0.0,0.0,0.0,0.0,0.0,0.0,0.0,0.0,0.0,0.0,0.0,0.0,0.0,0.0,0.8083452789941545,0.0,0.0,0.0,0.0,0.0,0.0,0.0,0.0,43.288517670938695,3724.6744657747927,442.64270179201213,3478.9497212341166
0.0,0.0,0.0,0.2273294691115394,0.0,0.0,0.0,0.0,0.0,0.0,0.0,0.0,0.0,0.0,0.0,0.0,0.0,0.41536364749957466,0.0,0.0,0.0,0.0,0.0,0.0,0.0,0.0,0.0,0.0,0.35730688338888594,0.0,204.40285474193254,4960.293174774484,408.5077193707598,1408.5055111215263
0.0,0.0,0.0,0.0,0.0,0.0,0.0,0.0,0.5012839642482573,0.0,0.0,0.0,0.0,0.0,0.0,0.0,0.0,0.17302561982706535,0.0,0.0,0.0,0.0,0.0,0.0,0.0,0.0,0.0,0.0,0.0,0.32569041592467723,167.56539928863378,5555.8604989837695,335.08537916527837,870.8639872609238
0.0,0.0,0.0,0.0,0.0,0.0,0.0,0.10857082935249701,0.0,0.0,0.04199727656229349,0.0,0.0,0.0,0.0,0.0,0.0,0.0,0.08474456461715012,0.0,0.0,0.0,0.0,0.0,0.0,0.0,0.0,0.4763860705704155,0.2883012588976439,0.0,37.24961918421458,12683.601270182255,641.419458026379,1051.3314458597001
0.0,0.0,0.0,0.0,0.0,0.0,0.0,0.0,0.0,0.0,0.0,0.0,0.0,0.17522681695442255,0.0,0.0,0.0,0.13233009544505317,0.2155436113566008,0.0,0.0,0.13215447976051944,0.27675908394613485,0.06798591253726928,0.0,0.0,0.0,0.0,0.0,0.0,115.95355789856738,8986.358959813497,556.1962179443763,1792.4790728449732
0.0,0.0,0.0,0.0,0.0,0.0,0.0,0.0,0.0,0.0,0.0,0.2602532978917727,0.0,0.0,0.0,0.0,0.05628843148001617,0.0,0.17544143780774282,0.0,0.0,0.0,0.0,0.0,0.0,0.2411832034497342,0.2668336293707341,0.0,0.0,0.0,134.0719630475615,9687.938148423213,589.9625092522291,2970.127656792971
0.0,0.0,0.0,0.1668232885155351,0.0,0.0,0.0,0.0,0.0,0.0,0.0,0.0,0.0,0.0,0.0,0.0,0.0,0.08119448065278848,0.0,0.3128206172582966,0.0,0.0,0.0,0.0,0.0,0.0,0.0,0.18101019954626707,0.0,0.2581514140271128,72.41747321823084,6289.38407094274,424.3401496696531,1314.692599773607
0.0,0.0,0.5793645669498237,0.0,0.0,0.0,0.0,0.0,0.07891528988923571,0.0,0.0,0.0,0.0,0.24125372704571008,0.0,0.0,0.0,0.0,0.0,0.0,0.0,0.0,0.0,0.0,0.0,0.0,0.0,0.0,0.0,0.10046641611523051,34.82049250913583,4985.3205125980685,345.60411240738625,2875.675468297245
0.0,0.0,0.0,0.12754947970042554,0.0,0.0,0.06571070694104278,0.0,0.0,0.28998652343789044,0.0,0.0,0.0,0.0,0.0,0.290090238478083,0.0,0.0,0.0,0.056710829845364234,0.0,0.0,0.0,0.0,0.0,0.0,0.0,0.1699522215971941,0.0,0.0,55.834049644938744,10935.671841498475,552.6592018814587,2199.02695056532
0.0,0.0,0.0,0.0,0.1721761207148617,0.0,0.0,0.4000394054630815,0.0,0.0,0.0,0.0,0.12114944822101904,0.0,0.0,0.0,0.0,0.0,0.0,0.0,0.0,0.0,0.11338850306382724,0.0,0.0,0.0,0.19324652253721059,0.0,0.0,0.0,21.88357298966515,14510.781563995064,338.74584248947906,1451.5474671555676
0.0,0.0,0.0,0.3134788856188259,0.0,0.0,0.0,0.0,0.19420521849460454,0.0,0.0,0.4923158958865695,0.0,0.0,0.0,0.0,0.0,0.0,0.0,0.0,0.0,0.0,0.0,0.0,0.0,0.0,0.0,0.0,0.0,0.0,276.71195843362807,5057.27948365186,509.50998026713603,3085.243891440072
0.0,0.0,0.0,0.0,0.0,0.0,0.0,0.1695385666891519,0.0,0.3293187340864705,0.02529667437295038,0.0,0.0,0.0,0.0,0.0,0.0,0.18710795407566405,0.0,0.0,0.0,0.0,0.0,0.1753420332586011,0.11339603751716207,0.0,0.0,0.0,0.0,0.0,107.41100531434967,11073.802848140302,398.9642141176819,1838.1315658249891
0.0,0.0,0.0,0.0,0.0,0.0,0.0,0.0,0.0,0.0,0.6015769570808333,0.0,0.0,0.0,0.0,0.0,0.3051784267039963,0.0,0.0,0.0,0.0,0.0,0.09324461621517026,0.0,0.0,0.0,0.0,0.0,0.0,0.0,220.91914466665725,6161.722128376541,630.5538296664982,1200.799126892428
0.13230695913271145,0.0,0.0,0.0,0.0,0.0,0.0,0.0,0.0,0.0,0.0,0.0,0.0,0.0,0.23826632515647259,0.0,0.0,0.3097604738946294,0.0,0.0,0.31966624181618647,0.0,0.0,0.0,0.0,0.0,0.0,0.0,0.0,0.0,220.61728510499097,5115.517716244569,521.8904149712075,1150.0822521905695
0.0,0.0,0.09512182524699532,0.0,0.0,0.0,0.29991168839673665,0.14274370705676254,0.0,0.18163821544959446,0.03459026250251991,0.0,0.0,0.245994301347391,0.0,0.0,0.0,0.0,0.0,0.0,0.0,0.0,0.0,0.0,0.0,0.0,0.0,0.0,0.0,0.0,63.566289437699396,10295.720810309545,405.2386462282557,1839.531176264338
0.0,0.0,0.0,0.0,0.0,0.0,0.15072379639117742,0.13436063924562108,0.0,0.0,0.0,0.0,0.0,0.0,0.0,0.0,0.0,0.06085346354519908,0.06825161408347592,0.0,0.1026069415507375,0.0,0.0,0.0,0.48320354518378894,0.0,0.0,0.0,0.0,0.0,212.87591919833926,8079.740226894151,320.6934843309423,2331.3549276446442
0.0,0.0,0.0,0.0,0.0,0.0,0.47847015685485966,0.0,0.0,0.0,0.0,0.24366150959323815,0.0,0.0,0.2778683335519022,0.0,0.0,0.0,0.0,0.0,0.0,0.0,0.0,0.0,0.0,0.0,0.0,0.0,0.0,0.0,107.99725245600446,8204.27377443702,601.0018815568229,2196.2190049010155
0.0,0.0,0.0,0.0,0.0,0.0,0.2440714065969534,0.0,0.0,0.0,0.0,0.0,0.0,0.0,0.0,0.0,0.0,0.5749341162490333,0.0,0.0,0.0,0.0,0.0,0.0,0.0,0.0,0.0,0.0,0.1809944771540134,0.0,223.10439668527286,5291.306942299517,523.5302706939162,882.4065447456867
0.0,0.0,0.0,0.0,0.0,0.0,0.3915990393458442,0.0,0.0,0.6084009606541558,0.0,0.0,0.0,0.0,0.0,0.0,0.0,0.0,0.0,0.0,0.0,0.0,0.0,0.0,0.0,0.0,0.0,0.0,0.0,0.0,41.41465655488093,12686.84039286959,327.54504714642906,913.7163019374681
0.0,0.3028136883944573,0.0,0.0,0.0,0.0,0.0,0.0,0.0,0.0,0.0,0.0,0.0,0.0,0.0,0.0,0.0,0.0,0.0,0.17889260834282852,0.4807057668228545,0.0,0.0,0.0,0.0,0.0,0.03758793643985971,0.0,0.0,0.0,164.198324218324,6920.945745420448,345.75896532494903,807.3601699479972
0.0,0.0,0.0,0.0,0.0,0.0,0.0,0.0,0.0,0.0,0.0,0.0,0.0,0.0,0.0,0.0,0.0,0.0,0.0,0.3247461356837844,0.24455968192853972,0.4306941823876759,0.0,0.0,0.0,0.0,0.0,0.0,0.0,0.0,77.5424396043823,4424.044933038823,352.9982392413498,1479.2174656540205
0.0,0.0,0.0,0.0,0.0,0.12382245806558366,0.0,0.4102090515607369,0.0,0.0,0.0,0.0,0.0,0.0,0.0,0.0,0.23907556918023917,0.0,0.0,0.0,0.11018720902308345,0.11670571217035686,0.0,0.0,0.0,0.0,0.0,0.0,0.0,0.0,108.97640357747906,11381.446869900277,272.9686532449452,1461.5301514500388
0.0,0.0,0.0,0.0,0.0,0.0,0.0,0.0,0.0,0.0,0.0,0.0,0.0,0.2829193345954518,0.0,0.0,0.0,0.24250500858191995,0.0,0.0,0.0,0.0,0.0,0.0,0.0,0.0,0.0,0.0,0.0,0.4745756568226281,106.95124878288227,3897.428406087485,430.9853350981813,1568.93566966821
0.0,0.0,0.0,0.0,0.0,0.0,0.0,0.30401323402506053,0.0,0.0,0.6959867659749394,0.0,0.0,0.0,0.0,0.0,0.0,0.0,0.0,0.0,0.0,0.0,0.0,0.0,0.0,0.0,0.0,0.0,0.0,0.0,186.9066579369128,10443.923512637875,592.897062247881,909.6928433762811
0.0,0.0,0.0,0.0,0.0,0.0,0.0,0.0,0.0,0.40002196648502664,0.0,0.0,0.0,0.0,0.0,0.0,0.0,0.0,0.0,0.0,0.0,0.20866205111003372,0.0,0.0,0.0,0.0,0.0,0.0,0.39131598240493964,0.0,6.083808155353466,10472.772952744066,384.4003309934219,1360.354135440576
0.0,0.0,0.0,0.2624039903422263,0.0,0.0,0.0,0.0,0.0,0.0,0.25232987703830495,0.0,0.0,0.0,0.059974254333528716,0.0,0.05625952028138646,0.0,0.0,0.0,0.0,0.0,0.0,0.0,0.0,0.0,0.0,0.0,0.17776567190217907,0.19126668610237466,160.95259429057418,6211.876625789733,467.61710671122694,1893.1870014140068
0.0,0.0,0.0,0.0,0.0,0.1160980599767485,0.0,0.0,0.0,0.0,0.0,0.0,0.0,0.0,0.0,0.0,0.0,0.14888709752040571,0.4417095569704083,0.0,0.2933052855324375,0.0,0.0,0.0,0.0,0.0,0.0,0.0,0.0,0.0,276.2191458414044,4805.212711530951,390.7676901138765,968.7191206056598
0.0,0.0,0.0,0.0,0.0,0.0,0.0,0.0,0.0,0.0,0.0,0.0,0.0,0.0,0.0,0.0,0.0,0.0,0.8623185215755382,0.0,0.0,0.0,0.0,0.0,0.13768147842446168,0.0,0.0,0.0,0.0,0.0,193.53327844688604,5065.296551099516,419.5353296065973,943.300376300705
0.0,0.0,0.0,0.0,0.0,0.0,0.0,0.2749588530801366,0.0,0.0,0.0,0.12928754131391515,0.20144734728000768,0.0,0.0,0.0,0.3104131425566289,0.0,0.0,0.0,0.0838931157693116,0.0,0.0,0.0,0.0,0.0,0.0,0.0,0.0,0.0,139.56058134099058,9127.953675730567,345.2587401110091,1529.9183121550068
0.0,0.0,0.0,0.0,0.0,0.0,0.0,0.0,0.0,0.0,0.0230204330894404,0.6210940425038555,0.0,0.0,0.1659474575784561,0.0,0.0,0.0,0.0,0.0,0.0,0.0,0.0,0.0,0.0,0.0,0.0,0.0,0.0,0.1899380668282482,207.22295495052302,5307.087924096743,731.5398397460876,3467.157526377387
0.0,0.0,0.0,0.0,0.0,0.0,0.5992304274854486,0.0,0.1770582405520212,0.0,0.0,0.0,0.0,0.0,0.0,0.0,0.0,0.0,0.0,0.0,0.0,0.0,0.0,0.0,0.0,0.0,0.2237113319625302,0.0,0.0,0.0,91.43318113750001,9302.834116525099,279.9588051799372,1214.3787568092225
0.0,0.0,0.0,0.18240831835432988,0.0,0.08942870208342593,0.0,0.0,0.0,0.0,0.0,0.0,0.0,0.0,0.0,0.0,0.0,0.0,0.0,0.5190695424462582,0.02668596439761408,0.0,0.0,0.0,0.0,0.0,0.0,0.18240747271837196,0.0,0.0,69.61904619936509,5551.848971854646,324.441903457996,
0.0,0.0,0.7972438683136772,0.0,0.0,0.0,0.0,0.0,0.0,0.0,0.0,0.0,0.0,0.0,0.0,0.0,0.0,0.0,0.0,0.0,0.0,0.0,0.0,0.20275613168632273,0.0,0.0,0.0,0.0,0.0,0.0,1.7615384844295459,5125.039226314249,295.4179844316964,3037.247290735957
0.0,0.0,0.0,0.0,0.0,0.0,0.0,0.0,0.0,0.0,0.30776271157476887,0.0,0.0,0.0,0.0,0.12338148159830757,0.0,0.0,0.32131038308549836,0.0,0.0,0.0,0.0,0.13949143402187308,0.06111842382002863,0.0,0.046935565899523496,0.0,0.0,0.0,191.9234732011823,6263.822717063857,637.9238531431882,1939.541544588747
0.0,0.0,0.0,0.0,0.0,0.0,0.0,0.0,0.0,0.0,0.215177812102438,0.0,0.0,0.0,0.0,0.2906596623390472,0.0,0.09445183036971569,0.0,0.0,0.0,0.0,0.39971069518879915,0.0,0.0,0.0,0.0,0.0,0.0,0.0,127.06246811140655,11163.478274813482,655.2878874071928,1731.1712898377227
0.0,0.0,0.0,0.0,0.0,0.0,0.0,0.0,0.0,0.0,0.0,0.0,0.0,0.0,0.0,0.0,0.0,0.16443500120749488,0.0,0.4990388342245139,0.0,0.0,0.0,0.0,0.0,0.0,0.0,0.0,0.0,0.3365261645679913,62.40370804987937,3828.3783901643324,308.9396281835744,716.7843669267548
0.0,0.3861985027832589,0.0,0.0,0.0,0.0,0.0,0.0,0.0,0.0,0.4425003722514811,0.0,0.0,0.0,0.0,0.0,0.0,0.0,0.0,0.0,0.0,0.0,0.0,0.0,0.0,0.0,0.1713011249652601,0.0,0.0,0.0,134.78073421419703,7719.1100634905615,618.5283141265277,1036.9796982585467
0.0,0.0,0.8193680395095687,0.0,0.18063196049043131,0.0,0.0,0.0,0.0,0.0,0.0,0.0,0.0,0.0,0.0,0.0,0.0,0.0,0.0,0.0,0.0,0.0,0.0,0.0,0.0,0.0,0.0,0.0,0.0,0.0,5.042910357668285,5349.626437493655,342.4340052802553,3052.018940269475
0.0,0.0,0.0,0.0,0.008324417132118822,0.3265808404514569,0.0,0.0,0.0,0.16449732043188764,0.0,0.0,0.0,0.0,0.0,0.13618644177529213,0.0,0.11130196594386615,0.0,0.0,0.0,0.0,0.0,0.2531090142653783,0.0,0.0,0.0,0.0,0.0,0.0,127.49218973744058,6355.7930219699765,444.53449352897064,2892.690674217465
0.0,0.38579153663452476,0.0,0.0,0.0,0.0,0.2937884594471439,0.0,0.0,0.0,0.0,0.0,0.0,0.0,0.0,0.0,0.0,0.0,0.062022482615943786,0.0,0.0,0.0,0.0,0.0,0.0,0.0,0.0,0.25839752130238763,0.0,0.0,45.27929422339656,9849.16713002507,609.9226326461188,878.5840531088537
0.0,0.0998641400637494,0.0,0.13759310599777377,0.0,0.0,0.0,0.0,0.0,0.11013929237965084,0.33054775922172,0.0,0.0,0.0,0.0,0.1253694048689196,0.0,0.0,0.0,0.0,0.0,0.0,0.1964862974681865,0.0,0.0,0.0,0.0,0.0,0.0,0.0,153.73113539012255,10483.822450755515,604.6698845900887,1743.6863201624371
0.0,0.13183099315948954,0.0,0.0,0.3660949124914412,0.0,0.0,0.3022244085448368,0.0,0.0,0.0,0.0,0.0721806535743718,0.0,0.0,0.0,0.0,0.06564642260786732,0.0,0.0,0.0,0.0,0.0,0.0620226096219933,0.0,0.0,0.0,0.0,0.0,0.0,37.156896258898215,11216.14036896696,552.906164562388,1850.740309009247
0.7595229378327891,0.034406557367971186,0.0,0.0,0.0,0.0,0.0,0.0,0.0,0.0,0.0,0.0,0.0,0.0,0.0,0.0,0.0,0.0,0.0,0.0,0.0,0.2060705047992397,0.0,0.0,0.0,0.0,0.0,0.0,0.0,0.0,3.2938782848522887,3653.1434400515004,255.26859780921802,1000.3226662402099
0.0,0.0,0.0,0.0,0.0,0.0,0.0,0.0,0.0,0.14323203159333492,0.0,0.0,0.0,0.0,0.0,0.0,0.0,0.0,0.0,0.39035131454391114,0.0,0.4664166538627539,0.0,0.0,0.0,0.0,0.0,0.0,0.0,0.0,4.922909730376268,5431.583736382332,381.1348229256101,1435.863299766327
0.02298268739251534,0.0,0.0,0.0,0.0,0.0,0.08078467288527046,0.0,0.0,0.0,0.0,0.0,0.0,0.0,0.0,0.0,0.0,0.3844891605140704,0.0,0.0,0.0,0.5117434792081439,0.0,0.0,0.0,0.0,0.0,0.0,0.0,0.0,139.659096079255,3225.508395048352,543.154531556687,1373.9382604961886
0.0,0.0,0.0,0.0,0.0,0.0,0.0,0.0,0.0,0.0,0.0,0.0,0.0,0.0,0.0,0.0,0.0,0.0,0.0,0.0,0.0,0.0,0.0,0.0,0.0,0.0,0.24356915717390773,0.7564308428260924,0.0,0.0,1e-06,11889.721277963683,677.3646072450618,1189.697208879625
0.8794253366988857,0.0,0.0,0.0,0.0,0.0,0.0,0.0,0.0,0.0,0.0,0.0,0.0,0.0,0.0,0.0,0.0,0.0,0.0,0.0,0.12057466330111426,0.0,0.0,0.0,0.0,0.0,0.0,0.0,0.0,0.0,41.52459278562983,3633.2536751751823,190.36366430692044,656.3604012162131
0.0,0.0,0.0,0.0,0.0,0.0,0.06467465252851295,0.0,0.41307745951503516,0.0,0.0,0.0,0.0,0.0,0.0,0.0,0.3027477320735479,0.0,0.0,0.0,0.0,0.0,0.2071399027092798,0.0,0.0,0.0,0.0,0.0,0.01236025317362434,0.0,156.71384023381128,8666.322992164478,319.27807656916104,1176.180511389721
0.0,0.0,0.0,0.0,0.20685165784708537,0.0,0.0,0.0,0.0,0.11048758021004182,0.0,0.0,0.0,0.0,0.0,0.07541541066832491,0.0,0.0,0.0,0.0,0.0,0.21010959144241909,0.0,0.0,0.0,0.32941075676623216,0.0,0.0,0.0,0.06772500306589664,9.61000071591388,10243.800515795148,709.1875948273446,2979.113525136301
0.0,0.0,0.0,0.0,0.0,0.0,0.0,0.0,0.0,0.0,0.0,0.0,0.0,0.0,0.0,0.0,0.0,0.0,0.0,0.0,0.445400922481841,0.0,0.0,0.0,0.0,0.0,0.0,0.0,0.554599077518159,0.0,141.61159260868627,7404.4323261791915,340.2819536727229,1006.7886712666216
0.0,0.0,0.0,0.0,0.0,0.0,0.0,0.0,0.0,0.0,0.23765840468095262,0.0,0.0,0.0,0.5294941552490795,0.0,0.0,0.0,0.0,0.0,0.0,0.0,0.23284744006996796,0.0,0.0,0.0,0.0,0.0,0.0,0.0,90.0796392121279,11226.565106079819,714.1017791130447,1769.2952032651444
0.06263853532140698,0.5682237550870696,0.0,0.0,0.0,0.11033007463023377,0.0,0.0,0.0,0.0,0.0,0.0,0.0,0.0,0.0,0.0,0.25880763496128967,0.0,0.0,0.0,0.0,0.0,0.0,0.0,0.0,0.0,0.0,0.0,0.0,0.0,74.67057991417025,6301.865552567276,404.3449894482474,1020.5892425348418
0.0,0.0,0.0,0.0,0.0,0.0,0.0,0.0,0.0,0.0,0.42816382866575947,0.0,0.0,0.0,0.0,0.0,0.0,0.0,0.0,0.0,0.0,0.0,0.19264335098609414,0.32674120084003977,0.0,0.0,0.0,0.0524516195081067,0.0,0.0,138.51639606849028,8857.015901382016,717.6978614472325,1978.2618127064875
0.0,0.0,0.0,0.10530515091900469,0.0,0.0,0.0,0.0,0.0,0.0,0.0,0.0,0.0,0.23583290135647575,0.0,0.0,0.0,0.007429229350894155,0.0,0.0,0.5040374031509989,0.0,0.0,0.0,0.0,0.1071447521895039,0.0,0.04025056303312243,0.0,0.0,204.33381815463667,6605.1348476741705,414.92892257775287,2183.5397166478715
0.0,0.0,0.0,0.24559630215143247,0.0,0.0,0.0,0.0,0.0,0.0,0.32942890725579227,0.0,0.0,0.0,0.0,0.0,0.0,0.0,0.0,0.1811771164719115,0.11496581010696591,0.0,0.041888898595055964,0.0,0.0,0.0,0.0,0.0,0.08694296541884199,0.0,200.2016179746219,6245.11199037525,442.9669050283731,1577.6707593739993
0.0,0.0,0.09754346852290258,0.3090376746301986,0.0,0.0,0.0,0.0,0.0,0.0,0.0,0.0,0.21036984912840584,0.0,0.008453305582866283,0.0,0.0,0.28109325567280813,0.0,0.0,0.0,0.0,0.0,0.0,0.0,0.0,0.0,0.0935024464628186,0.0,0.0,200.68286926613763,4379.468550903366,427.96498513532515,1786.5350360623645
0.0,0.0,0.3524679984736347,0.0,0.0,0.0,0.0,0.0,0.0,0.0,0.0,0.0,0.0,0.0,0.0,0.0331830350560352,0.0,0.1762430212472989,0.0,0.05509122651880275,0.0,0.0,0.2348105813080083,0.0,0.0,0.0,0.0,0.0,0.1482041373962202,0.0,75.94527343660705,9093.363087684262,435.8157669473068,1875.7542152255492
0.0,0.3257845286075791,0.0,0.0,0.10308881141258797,0.07040213252464532,0.0,0.0,0.0,0.0,0.0,0.0,0.0,0.20801851932900833,0.0,0.0,0.0,0.0,0.025357393291320137,0.0,0.0,0.0,0.0,0.0,0.0,0.2673486148348591,0.0,0.0,0.0,0.0,48.635164324370194,9318.611676798724,602.8094731130373,2515.5763265704786
0.0,0.0,0.10957065415979318,0.0,0.08096236915493174,0.0,0.0,0.0,0.0,0.0,0.0,0.0,0.0,0.6065045294268105,0.0,0.0,0.0,0.0,0.0,0.0,0.0,0.0,0.0,0.0,0.0,0.0,0.0,0.0,0.0,0.20296244725846463,32.71229889913552,4692.400909814899,458.43389147860086,2920.806488749566
0.15979260618639018,0.0,0.0,0.0,0.0,0.0,0.0,0.0,0.0,0.0,0.0,0.0,0.0,0.0,0.0,0.0,0.3338238373087449,0.26432086281108197,0.0,0.0,0.0,0.0,0.0,0.2420626936937831,0.0,0.0,0.0,0.0,0.0,0.0,139.9681451704889,3183.5365722662045,437.46976774734065,1795.2137435460836
0.0,0.0,0.0,0.0,0.0,0.0,0.0,0.0,0.7979236181866854,0.0,0.20207638181331458,0.0,0.0,0.0,0.0,0.0,0.0,0.0,0.0,0.0,0.0,0.0,0.0,0.0,0.0,0.0,0.0,0.0,0.0,0.0,232.75028187037756,6132.1996710909825,372.6570630967255,961.4234088620103
0.0,0.0,0.0,0.0,0.0,0.0,0.0,0.0,0.0,0.11784258087778184,0.1707144514244513,0.0,0.0,0.0,0.0,0.0,0.0,0.35253930514341675,0.0,0.0,0.0,0.0,0.10697609458177586,0.25192756797257415,0.0,0.0,0.0,0.0,0.0,0.0,197.15223653047843,6829.727164601556,641.4981256727082,1748.4187716548977
0.0,0.0,0.0,0.0,0.6095136445796743,0.0,0.0,0.0,0.0,0.0,0.0,0.0,0.0,0.0,0.0,0.39048635542032567,0.0,0.0,0.0,0.0,0.0,0.0,0.0,0.0,0.0,0.0,0.0,0.0,0.0,0.0,14.083459920969265,6677.426873477025,802.4514857358538,3153.1954640078807
0.0,0.0,0.0,0.0,0.29045541238599853,0.0,0.0,0.0,0.0,0.0,0.0,0.0,0.0,0.0,0.7095445876140016,0.0,0.0,0.0,0.0,0.0,0.0,0.0,0.0,0.0,0.0,0.0,0.0,0.0,0.0,0.0,2.4291936622254706,7143.774277733836,849.3445512727383,2442.3676332797513
0.0,0.0,0.0,0.420606418267859,0.0,0.0,0.0,0.0,0.0,0.0,0.0,0.0,0.0,0.092773940855689,0.0,0.0,0.12103568082399539,0.2539927883162621,0.05352054776686768,0.0,0.05807062396932682,0.0,0.0,0.0,0.0,0.0,0.0,0.0,0.0,0.0,258.4543037216946,3808.067096958279,352.3500170949343,1962.224162769885
0.0,0.0,0.0,0.0,0.0,0.3470238410857338,0.2605407537861008,0.0,0.0,0.0,0.0,0.0,0.0,0.0,0.0,0.0,0.2530646361070683,0.0,0.0,0.0,0.0,0.13937076902109694,0.0,0.0,0.0,0.0,0.0,0.0,0.0,0.0,158.18341770806174,5520.025595208237,315.68165357469746,1984.3141553810865
0.0,0.0,0.0,0.0,0.0,0.0,0.0,0.0,0.0,0.0,0.0,0.0,0.0,0.0,0.0,0.0,0.4169136322516133,0.0,0.0,0.0,0.0,0.04972736167715984,0.0,0.0,0.533359006071227,0.0,0.0,0.0,0.0,0.0,166.4423254386684,4182.331120547806,337.33830664682836,2532.2334404571443
0.0,0.16096841818863214,0.0,0.0,0.0,0.0,0.0,0.16174625624527217,0.0,0.1486160610794124,0.0,0.0,0.0,0.4938600274349155,0.0,0.03480923705176791,0.0,0.0,0.0,0.0,0.0,0.0,0.0,0.0,0.0,0.0,0.0,0.0,0.0,0.0,35.094747793761314,9443.600575449776,446.8723699854757,2276.261518878109
0.0,0.0,0.0,0.0,0.15812310761785123,0.3584799939226742,0.0,0.0,0.0,0.0,0.0,0.20188073616716296,0.0,0.11403977098530625,0.0,0.04502215638862741,0.0,0.0,0.0,0.0,0.0,0.0,0.0,0.0,0.0,0.0,0.0,0.12245423491837792,0.0,0.0,175.44252712939036,6086.705965677931,600.2481214052966,3139.2691519776
0.0,0.0,0.0,0.0,0.0,0.0,0.29022428547826545,0.0,0.0,0.7097757145217345,0.0,0.0,0.0,0.0,0.0,0.0,0.0,0.0,0.0,0.0,0.0,0.0,0.0,0.0,0.0,0.0,0.0,0.0,0.0,0.0,27.577623979152243,11931.854114152016,313.3326284650794,938.8641237627861
0.0,0.13268632389058932,0.7803438404679085,0.0,0.0,0.0,0.0,0.0,0.0869698356415022,0.0,0.0,0.0,0.0,0.0,0.0,0.0,0.0,0.0,0.0,0.0,0.0,0.0,0.0,0.0,0.0,0.0,0.0,0.0,0.0,0.0,26.48868967365945,6030.696614657736,308.5580583594811,2310.2093099368676
0.0,0.2679724022442396,0.12548616583904418,0.0,0.0,0.0,0.0,0.0,0.0,0.0,0.0,0.0,0.0,0.1359780345969914,0.0,0.0,0.0,0.0,0.0,0.0,0.0,0.2145643693885367,0.0,0.0,0.21475764818353898,0.0,0.0,0.0,0.04124137974764921,0.0,69.02816592171173,6018.317983422106,452.5983271980778,2447.8216950151655
0.0,0.0,0.0,0.0,0.0,0.0,0.0,0.0,0.5216594674955473,0.0,0.0,0.0,0.0,0.0,0.0,0.47834053250445274,0.0,0.0,0.0,0.0,0.0,0.0,0.0,0.0,0.0,0.0,0.0,0.0,0.0,0.0,137.40820834073722,7697.292574288159,464.4869538064493,2395.083820402746
0.0,0.0,0.0,0.1661104020508009,0.0,0.0,0.0,0.08973101270797541,0.0,0.0,0.0,0.0,0.0,0.0,0.0,0.0,0.0,0.6476082292745197,0.0,0.0,0.0,0.0,0.0,0.0,0.0,0.0,0.09655035596670404,0.0,0.0,0.0,280.6030798077575,4800.7677674100605,,1123.2152361285512
0.0,0.0,0.0,0.0,0.0,0.5942198919321033,0.0,0.0,0.0,0.0,0.14354729229185687,0.0,0.0,0.0,0.0,0.0,0.0,0.0,0.0,0.0,0.0,0.0,0.0,0.0,0.0,0.0,0.0,0.2622328157760398,0.0,0.0,200.42173047845324,6205.484734152302,475.8149325575023,2138.685302363417
0.0,0.0,0.0,0.0,0.0,0.0,0.0,0.0,0.0,0.0,0.0,0.0,0.22228191623011995,0.0,0.0,0.0,0.0,0.13260276488385905,0.0,0.0,0.0,0.0,0.359803653860388,0.0,0.0,0.0,0.0,0.285311665025633,0.0,0.0,78.45136632226684,11900.055114647275,566.0235182038177,897.1061736195687
0.0,0.0,0.0,0.0,0.0,0.0,0.0,0.0,0.2626277870064396,0.0,0.0016893766684960352,0.0,0.0,0.0,0.0,0.0,0.19007691874469337,0.0,0.0,0.2306342289820471,0.0,0.0,0.0,0.0,0.2398336661023134,0.0,0.0,0.0,0.0,0.07513802249601051,149.53758399969175,5750.179308904805,267.0776569829331,1669.8307139284316
0.0,0.0,0.0,0.0,0.0,0.0,0.22865545223209044,0.0,0.0,0.0,0.0,0.0,0.7713445477679094,0.0,0.0,0.0,0.0,0.0,0.0,0.0,0.0,0.0,0.0,0.0,0.0,0.0,0.0,0.0,0.0,0.0,93.12705785078354,4157.8141997295825,238.2194451681543,881.6514286642764
0.0,0.0,0.0,0.0,0.0,0.37345042987498134,0.2919166071975441,0.0,0.0,0.0,0.0,0.0,0.0,0.0,0.0,0.0,0.0,0.0,0.05579821783609867,0.0,0.12481494248895557,0.0,0.022601210955589708,0.0,0.0,0.13141859164683076,0.0,0.0,0.0,0.0,185.0132929204559,8250.444937538146,349.3731205103279,2345.5595227316185
0.0,0.0,0.0,0.0,0.0,0.0,0.0,0.0,0.0,0.0,0.0,0.0,0.0,0.0,0.0,0.0,0.0,0.0,0.0,0.0,0.0,0.0,0.0,0.0,0.0,0.0,0.5294233378458999,0.0,0.0,0.4705766621541,6.00695094851286,7525.155305007696,237.0044711842182,1288.549821958589
0.0,0.0,0.2795759980189404,0.0,0.0,0.0,0.07201561471821626,0.0,0.0,0.0,0.0,0.0,0.0,0.0,0.08158167668065155,0.0,0.0,0.06209836634677958,0.20604154260631374,0.0,0.0,0.0,0.0,0.0,0.0,0.29868680162909844,0.0,0.0,0.0,0.0,81.07612382725398,9618.314977771119,574.4148024406745,2623.375394644421
0.0,0.0,0.0,0.0,0.0,0.0,0.0,0.0,0.0,0.30005487784643886,0.0,0.0,0.0,0.06908118059660463,0.0,0.0,0.0,0.0,0.0,0.0,0.0,0.09039920161810057,0.5404647399388559,0.0,0.0,0.0,0.0,0.0,0.0,0.0,27.59285585404011,16102.608122494945,423.6606652412241,1204.4751245591847
0.0,0.0,0.7474325516141578,0.0,0.0,0.0,0.25256744838584216,0.0,0.0,0.0,0.0,0.0,0.0,0.0,0.0,0.0,0.0,0.0,0.0,0.0,0.0,0.0,0.0,0.0,0.0,0.0,0.0,0.0,0.0,0.0,27.763283558938063,6702.709203257041,307.2455572085673,2404.035967839288
0.0,0.0,0.0,0.0,0.0,0.0,0.0,0.0,0.4583404375857589,0.0,0.031128022202556435,0.0,0.0,0.0,0.0,0.0,0.0,0.0,0.11797110642609766,0.0,0.0,0.0,0.0,0.12321002038931442,0.0,0.0,0.0,0.0,0.0,0.2693504133962726,153.8513545280004,6128.727220590971,356.17268331630754,1243.429550730345
0.0,0.0,0.16517531535321217,0.0,0.0,0.0,0.0,0.3980889053404464,0.0,0.0,0.0,0.0,0.24543239691198404,0.0,0.0,0.0,0.0,0.0,0.0,0.0,0.0,0.0,0.0,0.19130338239435746,0.0,0.0,0.0,0.0,0.0,0.0,32.41492606061482,10224.24968908413,274.15002809012265,1826.521329932579
0.0,0.0,0.0,0.0,0.0,0.15955241502396042,0.0,0.0,0.0,0.0,0.0,0.0,0.1435415164668229,0.12961149367679337,0.0,0.0,0.14076331941316408,0.0,0.0,0.0,0.0,0.0,0.0,0.0,0.0,0.0,0.4265312554192593,0.0,0.0,0.0,87.89020020711273,7098.276729702515,243.59403849424402,2044.7416288538295
0.0,0.0,0.0,0.0,0.0,0.0,0.0,0.0,0.0,0.0,0.0,0.5812939300993938,0.0,0.0,0.0,0.0,0.0,0.0,0.0,0.0,0.0,0.0,0.0,0.0,0.4187060699006061,0.0,0.0,0.0,0.0,0.0,254.1010223209127,4534.723374574673,582.2279004038337,3498.8871177702376
0.0,0.0,0.6686382480610802,0.0,0.0,0.26365305128165956,0.0,0.0,0.0,0.0,0.0,0.0,0.0,0.0,0.0,0.0,0.0,0.0,0.0,0.06770870065726016,0.0,0.0,0.0,0.0,0.0,0.0,0.0,0.0,0.0,0.0,65.01400878167883,4749.4964257220245,232.47688902646604,2667.8865158319086
0.0,0.0,0.0,0.18906635222796336,0.0,0.0,0.0,0.0,0.0,0.0,0.0,0.0,0.119783807933498,0.213123076289404,0.12399531627237885,0.0,0.0,0.0,0.0,0.0,0.0,0.1583925681217898,0.0,0.19563887915496594,0.0,0.0,0.0,0.0,0.0,0.0,83.97524143807206,4386.6820407873465,518.5152295738004,3034.992284111539
0.0,0.0,0.0,0.0,0.0,0.0,0.13784183889508975,0.0,0.0,0.0,0.0,0.0,0.0,0.0,0.08346950520187829,0.0,0.0,0.0,0.0,0.0,0.0,0.0839869274425154,0.0,0.0,0.0,0.31609182778330785,0.0,0.0,0.37860990067720884,0.0,25.45251110285512,10289.704504879575,589.9219876984419,2371.1389475371366
0.0,0.0,0.0,0.0,0.0,0.0,0.0,0.2223137113971375,0.0,0.0,0.0,0.21529927333212115,0.0,0.0,0.0,0.0,0.0,0.0,0.0,0.0,0.07515207977533189,0.0,0.15603429601367486,0.0,0.0,0.0350525178450791,0.29614812163665544,0.0,0.0,0.0,116.04213190693442,14612.610835351083,438.3848732075644,1964.4153585763677
0.0,0.0,0.0,0.0,0.0,0.0,0.0,0.0,0.0,0.23337469057941446,0.0,0.0,0.0,0.3063266349529948,0.0,0.0,0.25805621904245524,0.0,0.0,0.0,0.0,0.0,0.20224245542513536,0.0,0.0,0.0,0.0,0.0,0.0,0.0,69.63862652260997,9411.629665455126,396.8034810994755,1941.1438867282181
0.0,0.0,0.0,0.27771386523787484,0.0,0.0,0.0,0.0,0.0,0.0,0.0,0.0,0.0,0.0,0.0,0.0,0.0,0.0,0.0,0.0,0.0,0.0,0.722286134762125,0.0,0.0,0.0,0.0,0.0,0.0,0.0,92.14562923562046,14010.408249424418,357.9117860478218,1314.2368233679626
0.0,0.0,0.0,0.0,0.0,0.0,0.0,0.0,0.0,0.03589749048407816,0.0,0.0,0.0,0.2796863276903693,0.0,0.0,0.0,0.33143191456387794,0.06528073938797194,0.0,0.0,0.0,0.0,0.0,0.0,0.0,0.0,0.28770352787370257,0.0,0.0,165.10142787060093,6679.945195712747,730.9124322725716,1735.4645304733294
0.0,0.0,0.0,0.1176404071496057,0.0,0.0,0.14127409688394024,0.0,0.0,0.2980497308790099,0.0,0.0,0.0,0.0,0.0,0.0,0.029390753096278213,0.0,0.26813016391900696,0.0,0.14551484807215903,0.0,0.0,0.0,0.0,0.0,0.0,0.0,0.0,0.0,164.67677166786473,9480.904148735553,352.4473739987357,1158.5995423198915
0.0,0.4882132239284583,0.0,0.0,0.0,0.0,0.5117867760715417,0.0,0.0,0.0,0.0,0.0,0.0,0.0,0.0,0.0,0.0,0.0,0.0,0.0,0.0,0.0,0.0,0.0,0.0,0.0,0.0,0.0,0.0,0.0,64.26100377202968,8734.255918491792,408.24675442931976,721.8297065257148
0.0,0.0,0.0,0.0,0.0,0.7209014849039638,0.2790985150960362,0.0,0.0,0.0,0.0,0.0,0.0,0.0,0.0,0.0,0.0,0.0,0.0,0.0,0.0,0.0,0.0,0.0,0.0,0.0,0.0,0.0,0.0,0.0,192.61793682797702,5646.097476253464,210.7093838691851,2183.606375662396
0.0,0.0,0.0,0.0,0.2690971643776977,0.05602117641996579,0.0,0.0,0.23360214298317733,0.0,0.0,0.0,0.062457882616011234,0.0,0.0,0.0,0.2052452558264121,0.0,0.0,0.0,0.0,0.0,0.17357637777673574,0.0,0.0,0.0,0.0,0.0,0.0,0.0,126.84797599937025,7204.9191626984575,512.7142900546777,1815.9143498304284
0.32913533483192575,0.0,0.0,0.0,0.0,0.20147176983885415,0.0,0.0,0.13875130361892235,0.0,0.0,0.0,0.0,0.0,0.0,0.0,0.0,0.0,0.0,0.0,0.0,0.0,0.0,0.0,0.33064159171029767,0.0,0.0,0.0,0.0,0.0,163.82140919689698,4853.128035122498,228.67981594767284,2062.040142164119
0.0,0.0,0.390620241758251,0.0,0.0,0.0,0.0,0.0,0.0,0.0,0.0,0.0,0.0,0.0,0.0,0.20900583121911281,0.0,0.0,0.0,0.0,0.0,0.16475942585377848,0.0,0.0,0.0,0.2356145011688577,0.0,0.0,0.0,0.0,12.428538185086634,8013.830145515831,565.2926410790783,3366.5845250044813
0.0,0.0,0.07769290671344714,0.0,0.15917883715412293,0.0,0.0,0.0,0.0,0.0,0.0,0.0,0.0,0.0,0.0,0.0,0.0,0.0,0.10238724730809011,0.0,0.0,0.0,0.0,0.0,0.0,0.0,0.0,0.1915478618218491,0.0,0.46919314700249065,26.067592316708332,6322.163551708795,540.8035448795133,1458.4747542391542
0.0,0.0,0.4547654626827277,0.0,0.0,0.0,0.0,0.24958294284286256,0.0,0.0,0.0,0.0,0.0,0.0,0.0,0.0,0.0725106784472431,0.0,0.0,0.0,0.22314091602716662,0.0,0.0,0.0,0.0,0.0,0.0,0.0,0.0,0.0,81.1711235377559,10599.37100515804,251.235424564476,1862.4190955409508
0.0,0.0,0.0,0.0,0.0,0.0,0.0,0.0,0.0,0.0,0.0,0.0,0.0,0.0,0.0,0.0,0.0,0.0,0.0,0.0,0.27733865630987153,0.0,0.0,0.0,0.4326650629270163,0.0,0.0,0.28999628076311207,0.0,0.0,188.49962722940364,7539.911225551707,489.9546164000583,1835.6744634433855
0.0,0.0,0.0,0.0,0.0,0.0,0.0,0.0,0.0,0.0,0.0,0.0,0.0,0.0,0.0,0.0,0.0,0.0,0.0,0.4788550302609922,0.0,0.0,0.42891189309603023,0.0,0.0,0.0,0.0,0.09223307664297759,0.0,0.0,17.838174218457127,10699.436584771147,394.02705338333226,769.5049832862506
0.0,0.45886418648587696,0.0,0.0,0.0,0.0,0.0,0.0,0.0,0.0,0.2611570991284953,0.0,0.0,0.0,0.0,0.0,0.06258079404413888,0.0,0.0,0.0,0.21739792034148894,0.0,0.0,0.0,0.0,0.0,0.0,0.0,0.0,0.0,160.36797199658355,6425.704356739886,574.5168776476888,780.2226269911289
0.0,0.0,0.0,0.0,0.0,0.0,0.0,0.0,0.0,0.0,0.0,0.0,0.0,0.0,0.0,0.0,0.0,0.28832389711891443,0.06781100770945864,0.14885222065494003,0.4107114618841467,0.0,0.0,0.0,0.08430141263254026,0.0,0.0,0.0,0.0,0.0,270.5841770439522,4845.950531710245,414.2014031417679,884.1085111368807
0.0,0.0,0.0,0.0,0.0,0.0,0.0,0.0,0.5056547552231235,0.4943452447768766,0.0,0.0,0.0,0.0,0.0,0.0,0.0,0.0,0.0,0.0,0.0,0.0,0.0,0.0,0.0,0.0,0.0,0.0,0.0,0.0,107.06808107928858,10042.567089496724,244.01632814420225,922.651723692596
0.0,0.30522332674334124,0.0,0.0,0.0,0.0,0.0,0.0,0.0,0.0,0.0,0.0,0.0,0.0,0.0,0.12212622682786697,0.0,0.0,0.15841047234934055,0.0,0.0,0.0,0.0,0.0,0.0,0.32708403724355906,0.0,0.0,0.0,0.08715593683589212,46.04299751977076,10210.204923085508,608.7861582969765,2108.4347457709505
0.0,0.0,0.0,0.0,0.0,0.0,0.0,0.0,0.0,0.0,0.0,0.0,0.3097536392175407,0.0,0.0,0.0,0.3145548471157869,0.3756915136666724,0.0,0.0,0.0,0.0,0.0,0.0,0.0,0.0,0.0,0.0,0.0,0.0,213.6012524412514,2455.4985203241167,398.1939498495155,920.9661355267799
0.0,0.0,0.0,0.0,0.035504085777065195,0.1275413475580604,0.0,0.0,0.0,0.0,0.3875707264017631,0.0,0.0,0.0,0.0,0.2465979063977617,0.043811437681234605,0.0,0.0,0.15897449618411486,0.0,0.0,0.0,0.0,0.0,0.0,0.0,0.0,0.0,0.0,170.35783608107891,6595.650684321079,676.7989287470651,2280.2051335952865
0.13181323289559407,0.0,0.0,0.0,0.0,0.0,0.0,0.034896998827629484,0.0,0.0,0.0,0.0,0.0,0.0,0.0,0.3891984097145964,0.0,0.1985107641911592,0.0,0.0,0.0,0.0,0.0,0.1488348948589404,0.0,0.0,0.0,0.0,0.0,0.09674569951208041,99.17687986297166,6280.33062259574,596.6644874758196,2487.10562445812
0.0,0.0,0.0,0.0,0.0,0.0,0.0,0.0,0.0,0.0,0.0,0.0,0.0,0.24454736125624782,0.0,0.0,0.6176902504975221,0.0,0.1377623882462301,0.0,0.0,0.0,0.0,0.0,0.0,0.0,0.0,0.0,0.0,0.0,125.949625213163,3502.7498263302473,383.50641177760315,1711.653012520779
0.0,0.0,0.0,0.0,0.0,0.015655870261260654,0.0,0.0,0.0,0.0,0.0,0.0,0.0,0.0441670808190162,0.022797322393476635,0.0,0.0,0.0,0.0,0.0,0.0,0.0,0.0,0.11201928453302802,0.12310223939671147,0.6822582025965069,0.0,0.0,0.0,0.0,38.495025847394665,12662.190501458928,641.0661102400059,3648.1136225347445
0.0,0.0,0.0,0.0,0.0,0.0,0.0,0.0,0.0,0.0,0.1348374144230217,0.0,0.0,0.0,0.0,0.0,0.0,0.0,0.0,0.0,0.0,0.0,0.0,0.0,0.0,0.0,0.5630351333267293,0.30212745225024895,0.0,0.0,43.02308354903256,11020.626558942111,477.03101268680706,1496.4274418060834
0.0,0.0,0.0,0.0,0.0,0.0,0.0,0.0,0.0,0.0,0.0,0.0,0.0,0.0,0.0,0.23617197566374432,0.11867954329056554,0.0,0.0880243521035403,0.0,0.0,0.0,0.0,0.0,0.0,0.0,0.0,0.0,0.30534746030249443,0.2517766686396554,53.01053669651517,7146.225273712443,490.18705599513777,1853.7075020312518
0.0,0.11380085629529095,0.0,0.14372219456866545,0.0,0.30200666958501776,0.0,0.0,0.0,0.0,0.0,0.2258911887591785,0.0,0.0,0.0,0.0,0.0,0.0,0.0,0.0,0.0,0.0,0.0,0.0,0.0,0.21457909079184734,0.0,0.0,0.0,0.0,204.95888051873135,7634.722308715007,477.25212511125073,3165.862962395036
0.0,0.0,0.0,0.0,0.0,0.0,0.0,0.0,0.0,0.0,0.0,0.0,0.0,0.0,0.0,0.0,0.0,0.0,0.0,0.0,0.5144747381303606,0.07150424169705638,0.17493016073541584,0.0,0.0,0.23909085943716737,0.0,0.0,0.0,0.0,164.93465380976477,10308.694792300314,459.1390459074735,1679.8548399631145
0.0,0.0,0.0,0.0,0.0,0.1358222850052854,0.0,0.0,0.0,0.0,0.0,0.0,0.6266173742975187,0.0,0.0,0.0,0.0,0.0,0.0,0.0,0.0,0.0,0.0,0.0,0.23756034069719587,0.0,0.0,0.0,0.0,0.0,147.98619964606826,3513.916954622387,242.49649156210774,1725.1092728721517
0.0,0.0,0.0,0.0,0.0,0.0,0.0,0.0,0.0,0.0,0.0,0.43844824313580855,0.0,0.0,0.0,0.0,0.0,0.0,0.0,0.0,0.0,0.0,0.5615517568641915,0.0,0.0,0.0,0.0,0.0,0.0,0.0,150.40128126777577,12307.651980371098,611.9243806871124,2201.211203667868
0.0,0.0,0.0,0.0,0.0,0.1547477611844964,0.07388607515268852,0.0,0.1516842979893758,0.0,0.0,0.13865139009268518,0.0,0.1598100031101358,0.0,0.0,0.0,0.0,0.0,0.0,0.0,0.0,0.0,0.0,0.0,0.0,0.0,0.0,0.0,0.32122047247061836,142.41001520071666,5573.112101589481,409.24683656848407,2209.8227137869167
0.0,0.0,0.0,0.0,0.0,0.0,0.0,0.0,0.7143159507643007,0.0,0.0,0.0,0.0,0.0,0.0,0.0,0.0,0.0,0.0,0.0,0.0,0.0,0.0,0.0,0.28568404923569934,0.0,0.0,0.0,0.0,0.0,226.72998726850142,6584.036750559621,246.96611982421456,1519.217917431548
0.0,0.0,0.27417357889498417,0.0,0.0,0.0,0.0,0.0,0.6701826573131464,0.0,0.0,0.0,0.0,0.0,0.0,0.0,0.0,0.0,0.0,0.0,0.0,0.0,0.055643763791869326,0.0,0.0,0.0,0.0,0.0,0.0,0.0,162.1640933232741,6831.076297581253,264.5641294943095,1556.1809406355
0.0,0.0,0.08370489024765308,0.0,0.0,0.0,0.0,0.0,0.0,0.0,0.0,0.0,0.13545954391090903,0.0,0.0,0.18268142992258568,0.0,0.0,0.0,0.2635901011857589,0.0,0.07704391665984915,0.0,0.0,0.0,0.0,0.0,0.0,0.25752011807324404,0.0,31.285672087701343,6179.520440822547,403.5583941619745,1970.9322249393226
0.0,0.0,0.0,0.0,0.0,0.0,0.0,0.0,0.0,0.0,0.0,0.0,0.0,0.0,0.0,0.0,0.0,0.0,0.04423308244544266,0.0,0.8154819424771566,0.0,0.0,0.0,0.0,0.0,0.0,0.0,0.0,0.1402849750774008,268.9732762343117,5321.642989412194,303.8389717897654,730.9561051437107
0.0,0.0,0.0,0.0,0.3593501683225127,0.12857043894080955,0.0,0.0,0.0,0.12479365267808314,0.0,0.0,0.0686789139347958,0.0,0.0,0.21097068776759587,0.0,0.0,0.0,0.0,0.0,0.0,0.0,0.0,0.0,0.0,0.1076361383562029,0.0,0.0,0.0,49.74614606339945,7874.034610935526,703.8780481870708,2840.388877459198
0.0,0.0,0.0,0.0,0.0,0.0,0.0,0.0,0.0,0.0,0.32649222798626354,0.1338413721188885,0.0,0.0,0.0,0.5396663998948481,0.0,0.0,0.0,0.0,0.0,0.0,0.0,0.0,0.0,0.0,0.0,0.0,0.0,0.0,149.08275548221894,6930.86054949248,808.208401367768,3191.94114314236
0.3628848161899348,0.0,0.0,0.0,0.0,0.42989992605162314,0.15242190957311239,0.0,0.0,0.0,0.0,0.0,0.0,0.0,0.0,0.0,0.0,0.05479334818532948,0.0,0.0,0.0,0.0,0.0,0.0,0.0,0.0,0.0,0.0,0.0,0.0,150.165241530496,4995.294649356767,251.55596943971554,1785.5287331973277
0.024683161440833202,0.0,0.0,0.4649005919864163,0.0,0.0,0.0,0.028255633323685917,0.0,0.0,0.22281972454815535,0.0,0.0,0.0,0.2593408887009091,0.0,0.0,0.0,0.0,0.0,0.0,0.0,0.0,0.0,0.0,0.0,0.0,0.0,0.0,0.0,185.8154859827982,6656.340853332645,527.1572693631372,2370.0630726612694
0.0,0.0,0.0,0.0,0.0,0.0,0.4222778599508392,0.0,0.0,0.0,0.0,0.0,0.0,0.0,0.0,0.0,0.0,0.0,0.0,0.0,0.0,0.25713300570002856,0.0,0.0,0.32058913434913217,0.0,0.0,0.0,0.0,0.0,127.21185705564531,7040.009941079459,377.6348128972715,2049.2158453645575
0.0,0.0,0.0,0.0,0.0,0.0,0.0,0.28823663594814075,0.0,0.11773205022537003,0.0,0.0,0.0,0.0,0.0,0.005224764473140538,0.0,0.0,0.0,0.4879498715759054,0.04893934301890549,0.05191733475853772,0.0,0.0,0.0,0.0,0.0,0.0,0.0,0.0,27.86970865045536,10494.905626975573,222.2507092741627,903.0471594863795
0.0,0.0,0.0,0.32301350637722426,0.0,0.0,0.0,0.0,0.0,0.0,0.0,0.0,0.0,0.0,0.0,0.3854586432613756,0.0,0.0,0.0,0.0,0.0,0.0,0.0,0.29152785036140016,0.0,0.0,0.0,0.0,0.0,0.0,101.32336163402968,5655.300705515746,540.4853302088528,3474.122331742736
0.04470507112085235,0.0,0.0,0.0,0.0,0.0,0.0,0.0,0.0,0.0,0.18989726740931115,0.0,0.5033611418746688,0.0,0.0,0.0,0.0,0.06335112675422311,0.0,0.0,0.0,0.07025738608112347,0.0,0.0,0.0,0.0,0.0,0.0,0.12842800675982108,0.0,131.82322614189326,3946.3856531887673,422.47175114757755,1164.0173569284234
0.0,0.21116510187646798,0.0,0.0,0.0,0.0,0.0,0.0,0.0,0.5367885852043078,0.0,0.0,0.0,0.0,0.0,0.0,0.0,0.0,0.0,0.0,0.0,0.0,0.0,0.0,0.0,0.0,0.0,0.0,0.0,0.2520463129192241,8.032414164192101,11699.523791872389,339.8397900670083,814.1145422873642
0.0,0.0,0.13743469478632073,0.0,0.0,0.0,0.0,0.0,0.060095155801266995,0.04593379664901959,0.0,0.0,0.0,0.0,0.0,0.0,0.0,0.0,0.0,0.0,0.0,0.0,0.25290789454268087,0.0,0.0,0.3850178488924656,0.0,0.0,0.0,0.11861060932824632,31.31373600596169,13917.627894875626,508.13442574286034,2556.046996343455
0.0,0.0,0.0,0.0,0.0,0.0,0.0,0.0,0.0,0.0,0.0,0.0,0.0,0.0,0.0,0.0,0.0,0.0,0.0,0.0,0.0,0.49260249070052337,0.0,0.0,0.0,0.0,0.0,0.0,0.0,0.5073975092994767,6.588606874242355,4294.353002541887,370.8362745853891,1465.8660854111583
0.0,0.0,0.0,0.0,0.0,0.32317892740341597,0.0,0.0,0.0274193022086631,0.0,0.0,0.0,0.2537019936839504,0.0,0.0,0.0,0.0,0.0,0.0,0.0,0.0,0.0,0.0,0.0,0.3956997767039705,0.0,0.0,0.0,0.0,0.0,212.6884905351325,4485.065885078537,252.98086673121577,2598.228781801617
0.0,0.0,0.0,0.3885438840162748,0.005326134361486136,0.0,0.0,0.0,0.0,0.08461892287592546,0.0,0.0,0.35162838511963157,0.0,0.0,0.12040844258153997,0.0,0.0,0.0,0.0,0.0,0.04947423104514198,0.0,0.0,0.0,0.0,0.0,0.0,0.0,0.0,150.23432134479182,5320.040010942585,298.94138673947504,2148.4570856325668
0.0,0.0,0.0,0.0,0.2545994849804259,0.0,0.0,0.24858505842483614,0.0,0.0,0.0,0.0,0.0,0.3110055916466514,0.0,0.0,0.0,0.0,0.0,0.0,0.0,0.0,0.0,0.18580986494808663,0.0,0.0,0.0,0.0,0.0,0.0,26.35097155883778,8915.296571358584,509.49746268277136,3035.348105406024
0.0,0.0,0.0,0.0,0.0,0.0,0.0,0.0,0.6516815726262432,0.0,0.0,0.0,0.0,0.0,0.0,0.0,0.0,0.0,0.3483184273737568,0.0,0.0,0.0,0.0,0.0,0.0,0.0,0.0,0.0,0.0,0.0,224.96860908855845,6573.398212775199,303.3550792263657,850.8046967541649
0.0,0.0,0.0,0.453582643396258,0.0,0.0,0.0,0.0,0.0,0.0,0.0,0.0,0.0,0.0,0.0,0.0,0.0,0.0,0.546417356603742,0.0,0.0,0.0,0.0,0.0,0.0,0.0,0.0,0.0,0.0,0.0,,4474.078885887688,291.1187413535166,1690.4881196331705
0.0,0.15572072365095346,0.0,0.0,0.0,0.0,0.0,0.18836983244585248,0.0,0.0,0.0,0.0,0.0,0.0,0.0,0.0,0.0,0.02017376443583215,0.0,0.0,0.2830305046189472,0.0,0.0,0.06017915219181766,0.0,0.0,0.292526022656597,0.0,0.0,0.0,98.10367293499128,10997.843083506421,305.6345322845938,1334.4177506788574
0.0,0.0,0.0,0.0,0.0,0.0,0.0,0.0,0.0,0.0,0.0,0.0,0.22064186832741622,0.0,0.0,0.7793581316725837,0.0,0.0,0.0,0.0,0.0,0.0,0.0,0.0,0.0,0.0,0.0,0.0,0.0,0.0,56.395322236622995,6369.703070456758,633.4616691508875,3247.3972506435393
0.1736237827562671,0.0,0.0,0.0,0.0,0.0,0.0,0.0,0.17523447841652917,0.0,0.0,0.0,0.0,0.0,0.0,0.0,0.0,0.0,0.0,0.1829507001311667,0.0,0.38258704501353763,0.0,0.0,0.0,0.08560399368249932,0.0,0.0,0.0,0.0,45.55293486702945,5577.169502357155,369.01751324020705,1642.8759374736103
0.0,0.0,0.0,0.0,0.16395489676779032,0.0,0.0,0.0,0.0,0.0,0.15115074435230474,0.0,0.0,0.0,0.0,0.0,0.2863769561468843,0.30311533868075036,0.0,0.0,0.0,0.0,0.0,0.0,0.09540206405227025,0.0,0.0,0.0,0.0,0.0,240.43260346605953,4251.9147850841955,663.9687699762425,1524.2091047837062
0.0,0.0,0.0,0.0,0.0,0.0,0.0,0.0,0.0,0.0,0.0,0.0,0.0,0.0,0.0,0.0,0.0,0.33483965162393325,0.0,0.0,0.0,0.0,0.0,0.0,0.0,0.0,0.0,0.0,0.6651603483760667,0.0,127.01750423901314,6677.063837394132,439.0086718335869,1037.7317467461637
0.0,0.0,0.0,0.0,0.0,0.0,0.0,0.0,0.0,0.0,0.0,0.0,0.0,0.0,0.0,0.0,0.0,0.0,0.0,0.0,0.6322381235832886,0.0,0.0,0.0,0.0,0.0,0.36776187641671143,0.0,0.0,0.0,192.17892278450077,7049.574500504273,246.2221512708281,1129.9465671650232
0.0,0.0,0.0,0.0,0.0,0.0,0.0,0.0,0.0,0.0,0.0,0.0,0.0,0.0,0.1819905627238551,0.09522867949492894,0.0,0.0,0.0,0.0,0.0,0.3654119729989935,0.0,0.0,0.0,0.0,0.0,0.0,0.0,0.35736878478222245,9.786405816907294,5533.608890288753,507.2297155679569,1964.3340863123708
0.0,0.0,0.0,0.5807399121989498,0.0,0.0,0.0,0.0,0.0,0.0,0.0,0.4192600878010502,0.0,0.0,0.0,0.0,0.0,0.0,0.0,0.0,0.0,0.0,0.0,0.0,0.0,0.0,0.0,0.0,0.0,0.0,276.001528277438,4159.218058255179,436.55103015886755,3285.514585844267
0.06308283943703313,0.35751943205096415,0.0,0.0,0.0,0.0,0.0,0.0,0.0,0.0,0.0,0.0,0.0,0.0,0.0,0.0,0.0,0.0,0.0,0.0,0.12920924447097007,0.0,0.0,0.0,0.0,0.0,0.45018848404103273,0.0,0.0,0.0,47.356453318058,8513.050652598911,293.66944499310233,1178.6754867596665
0.0,0.0,0.2132026952867772,0.0,0.0,0.0,0.0,0.0,0.0,0.0,0.0,0.2559613520919163,0.0,0.16504439722112335,0.0,0.0,0.0,0.0,0.0,0.29890608589527223,0.0,0.0,0.06688546950491085,0.0,0.0,0.0,0.0,0.0,0.0,0.0,97.05185382553134,5543.9015368565815,497.93842913190554,2704.9526508543286
0.0,0.0,0.0,0.0,0.0,0.0,0.5611782381846335,0.0,0.0,0.0,0.0,0.0,0.0,0.0,0.0,0.0,0.0,0.21645646401312488,0.0,0.0,0.0,0.22236529780224146,0.0,0.0,0.0,0.0,0.0,0.0,0.0,0.0,133.52947597247677,6879.95551330752,467.13402270688744,1163.9271095304107
0.0,0.0,0.0,0.3441903619751049,0.0,0.0,0.0,0.0,0.0,0.0,0.0,0.655809638024895,0.0,0.0,0.0,0.0,0.0,0.0,0.0,0.0,0.0,0.0,0.0,0.0,0.0,0.0,0.0,0.0,0.0,0.0,285.7456258032073,4306.290150623735,613.4979665507814,3603.2645456189694
0.0,0.0,0.0,0.0,0.0,0.0,0.0,0.0,0.0,0.0,0.0,0.0,0.0,0.5250063220714294,0.0,0.0,0.0,0.0,0.0,0.0,0.0,0.0,0.0,0.0,0.0,0.0,0.34050205435922604,0.13449162356934433,0.0,0.0,37.637144854289765,7200.943647644218,446.3955110191677,2622.300373936427
0.0,0.0,0.0,0.0,0.0,0.0,0.0,0.0,0.0,0.0,0.0,0.0,0.0,0.0,0.0,0.0,0.0,0.0,0.0,0.0,0.5252126071508971,0.0,0.0,0.0,0.0,0.0,0.0,0.0,0.4747873928491028,0.0,174.81984512666077,7552.361784683187,332.51958733642846,990.0876040074874
0.0,0.24990251856615958,0.0,0.0,0.27255314589496976,0.0,0.0,0.0,0.0,0.0,0.0,0.0,0.0,0.0,0.24660814709462592,0.0,0.0,0.0,0.0,0.09129265634037198,0.0,0.0,0.13964353210387276,0.0,0.0,0.0,0.0,0.0,0.0,0.0,9.385842691486742,9069.325904976702,672.8641048774556,1834.47215545106
0.0,0.46836158312278015,0.0,0.0,0.22706778170366215,0.0,0.0,0.057835134481274066,0.0,0.09152533847669438,0.0,0.0,0.0,0.0,0.0,0.0,0.0,0.0,0.0,0.0,0.0,0.0,0.1552101622155892,0.0,0.0,0.0,0.0,0.0,0.0,0.0,10.883697259166855,11695.227983485038,563.7145118458726,1176.1443235654933
0.0,0.0,0.0,0.0,0.12462553227956608,0.05559120415664806,0.0,0.0,0.0,0.0,0.0,0.0,0.0,0.0,0.0,0.0,0.0,0.0,0.0,0.0,0.06098001573676637,0.0,0.35502084018796626,0.0,0.0,0.18127766673505644,0.0,0.0,0.2225047409039968,0.0,56.49252707203663,13154.581954672583,575.0756783883071,1946.9059324891514
0.0,0.0,0.0,0.0,0.0,0.0,0.0,0.0,0.0,0.0,0.0,0.0,0.0,0.0,0.25446355533583,0.0,0.0,0.0,0.0,0.49067958782090004,0.0,0.0,0.0,0.0,0.0,0.25485685684327014,0.0,0.0,0.0,0.0,6.507742722887784,7530.2725229150365,512.7702818347834,2103.0767686641902
0.0,0.0,0.0,0.0,0.4068547173678878,0.0,0.0,0.0,0.4049336766315274,0.0,0.0,0.0,0.0,0.0,0.0,0.0,0.0,0.0,0.0,0.0,0.0,0.0,0.0,0.0,0.0,0.0,0.0,0.1882116060005848,0.0,0.0,95.87092217882459,8007.231864858095,650.7797937765839,1764.3206283829988
0.0,0.0,0.0,0.0,0.0,0.0,0.0,0.0,0.869546482837214,0.0,0.0,0.0,0.13045351716278594,0.0,0.0,0.0,0.0,0.0,0.0,0.0,0.0,0.0,0.0,0.0,0.0,0.0,0.0,0.0,0.0,0.0,197.32477468017765,6200.655031308293,237.55236126477516,1026.6487978536718
0.0,0.0,0.2512344869317476,0.0,0.0,0.0,0.0,0.10132534290698458,0.0,0.0,0.22761348871798048,0.0,0.0,0.0,0.2600954088764429,0.0,0.0,0.0,0.0,0.0,0.01611543824637463,0.0,0.0,0.0,0.0,0.0,0.0,0.14361583432046982,0.0,0.0,78.3738099718929,9445.889742053903,659.3260679442761,2095.210922617851
0.0,0.0,0.0,0.0,0.0,0.17259120791360594,0.0,0.0,0.0,0.0,0.23192999747296172,0.0,0.0,0.0,0.0,0.0,0.01655008051888655,0.0,0.09153655389766382,0.0,0.14800866388911496,0.0,0.0,0.0,0.0,0.0,0.0,0.33938349630776715,0.0,0.0,197.92766274940712,8432.82782051627,710.163985310603,1398.6433222552123
0.0,0.0,0.0,0.0,0.0,0.0,0.33745636743096036,0.0,0.0,0.0,0.0,0.0,0.0,0.28843796610567735,0.0,0.0,0.0,0.0,0.0,0.0,0.0,0.0,0.0,0.0,0.0,0.23560174519310728,0.0,0.0,0.13850392127025493,0.0,53.57295190185423,9093.517918344518,528.7884129218652,2367.317446629908
0.0,0.0,0.0,0.0,0.0,0.0,0.0,0.0,0.0,0.0,0.0,0.0,0.0,0.0,0.0,0.0,0.0,0.0,0.0,0.0,0.0,0.3882574347444051,0.0,0.0,0.0,0.09456173335441405,0.0,0.34246334652464516,0.0,0.17471748537653575,0.5137265487766207,8568.250746543521,646.7059719832666,1802.125775405271
0.0,0.0,0.0,0.0,0.0,0.6514698849321284,0.0,0.0,0.0,0.0,0.0,0.34853011506787157,0.0,0.0,0.0,0.0,0.0,0.0,0.0,0.0,0.0,0.0,0.0,0.0,0.0,0.0,0.0,0.0,0.0,0.0,273.79767961313064,4350.499246953676,410.5806285731753,3200.0462670212396
0.0,0.0,0.0,0.0,0.0,0.4047629064199129,0.0,0.0,0.0,0.0,0.0,0.0,0.46915820763022487,0.0,0.0,0.0,0.0,0.12607888594986225,0.0,0.0,0.0,0.0,0.0,0.0,0.0,0.0,0.0,0.0,0.0,0.0,183.82240915677417,2956.858993881458,251.12911385277093,1645.3104129172893
0.23331029244984378,0.0,0.0,0.0,0.0,0.0,0.0,0.0,0.0,0.0,0.0,0.0,0.0,0.0,0.0,0.48879712353428617,0.0,0.0,0.0,0.0,0.0,0.0,0.0,0.18124453801289467,0.07982635809989079,0.0,0.0,0.0,0.0,0.016821687903084463,50.232769909788885,6446.858040552526,588.6101204459279,3041.027028746749
0.0,0.0,0.0,0.0,0.0,0.0,0.0,0.0,0.0,0.0,0.0,0.19130732982857523,0.0,0.0,0.0,0.0,0.0,0.0,0.0,0.0,0.0,0.4071349568835789,0.0,0.1683289262643711,0.0,0.0,0.0,0.0,0.0,0.23322878702347477,67.5449625806432,4267.295764360295,583.4929495412341,2575.327034905822
0.0,0.0,0.0,0.13722643729680423,0.0,0.0,0.0,0.6349729443829036,0.0,0.0,0.0,0.0,0.0,0.0,0.0,0.1426668292810739,0.0,0.0,0.0,0.0,0.0,0.0,0.08513378903921826,0.0,0.0,0.0,0.0,0.0,0.0,0.0,61.22084048799498,15602.09903045924,234.588069457257,1621.129848252472
0.0,0.0,0.0,0.703245904419138,0.0,0.0,0.0,0.0,0.0,0.11354618517548166,0.0,0.0,0.0,0.0,0.0,0.0,0.0,0.0,0.0,0.0,0.18320791040538037,0.0,0.0,0.0,0.0,0.0,0.0,0.0,0.0,0.0,232.20294947460602,5455.535719382798,183.300436959483,2305.3915123592687
0.0,0.0,0.0,0.0,0.0,0.0,0.0,0.0,0.0,0.0,0.0,0.0,0.0,0.0,0.0,0.0,0.0,0.0,0.0,0.0,0.0,0.0,0.0,0.13724925147072561,0.0,0.8627507485292746,0.0,0.0,0.0,0.0,11.556418183244908,12867.16991264917,649.7792965796904,3507.9080621926123
0.0,0.0,0.0,0.0,0.0,0.0,0.0,0.0,0.0,0.0,0.0,0.0,0.0,0.0,0.3583347076682623,0.0,0.0,0.3428819089358781,0.0,0.0,0.0,0.2987833833958595,0.0,0.0,0.0,0.0,0.0,0.0,0.0,0.0,119.48488832485221,4713.4240980402965,686.7508237024413,1768.6545366772475
0.0,0.0,0.0,0.0,0.0,0.0,0.20396947759875833,0.0,0.0,0.0,0.0,0.0,0.0,0.16181440056349408,0.0,0.0,0.0,0.0,0.0,0.2201971926211853,0.0,0.0,0.0,0.0,0.0,0.0,0.0,0.0,0.2572542671468563,0.15676466206970607,37.71448027568324,6991.189384240787,361.6290575360427,1591.3762295080053
0.4621811213416533,0.0,0.0,0.0,0.20554807364422759,0.0,0.0,0.0,0.0,0.0,0.0,0.0,0.0,0.0,0.07470994391320687,0.11905544456631183,0.0,0.0705926821654442,0.0,0.0,0.0,0.0,0.0,0.0,0.0,0.0,0.0,0.06791273436915621,0.0,0.0,33.24771915909886,5702.108002888322,581.1696149227621,1797.6551082080937
0.0,0.0,0.0,0.0,0.0,0.0,0.0,0.0,0.0,0.0,0.0,0.0,0.0,0.0,0.44269920994965994,0.0,0.0,0.5573007900503402,0.0,0.0,0.0,0.0,0.0,0.0,0.0,0.0,0.0,0.0,0.0,0.0,203.5540839171918,4509.192159025805,701.803606806556,1449.0211395857714
0.17555696175742294,0.0,0.0,0.0,0.0,0.3561663291600354,0.0,0.0,0.0,0.0,0.0,0.0,0.23094437730679962,0.0,0.0,0.0,0.0,0.0,0.0,0.0,0.0,0.0,0.0,0.0,0.0,0.0,0.0,0.23733233177574206,0.0,0.0,119.77667797485852,5903.028102480347,385.55524020751784,1723.1145054655892
0.0,0.0,0.0,0.0,0.0,0.7084939835484052,0.0,0.0,0.29150601645159485,0.0,0.0,0.0,0.0,0.0,0.0,0.0,0.0,0.0,0.0,0.0,0.0,0.0,0.0,0.0,0.0,0.0,0.0,0.0,0.0,0.0,222.34277091122212,4667.219771060586,179.16906296382678,2214.527640846002
0.0,0.0,0.0,0.0,0.0,0.0,0.0,0.0,0.0,0.0,0.0,0.0,0.0,0.0,0.0,0.0,0.0,0.0,0.0,0.0,0.0,0.48440461420514735,0.0,0.0,0.0,0.0,0.5155953857948526,0.0,0.0,0.0,1e-06,7267.8199211786605,318.41079701549876,1921.8269092228925
0.0,0.0,0.06967427245690375,0.0,0.0,0.0,0.13581553185774156,0.0,0.0,0.0,0.0,0.0,0.0,0.0,0.14212744007589,0.0,0.08558612156637599,0.0,0.28620117438311504,0.0,0.0,0.0,0.0,0.0,0.0,0.0,0.0,0.0,0.0,0.2805954596599737,91.40905621963664,5949.463320900761,466.0642165094995,1374.691577735619
0.0,0.0,0.0,0.0,0.0,0.0,0.0,0.0,0.0,0.0,0.0,0.0,0.0,0.0,0.5563396533256029,0.4436603466743971,0.0,0.0,0.0,0.0,0.0,0.0,0.0,0.0,0.0,0.0,0.0,0.0,0.0,0.0,24.729571919851296,8082.200798539621,805.2749828761392,3138.0896988403915
0.0,0.2638025389372862,0.2625122164474502,0.0,0.0,0.0,0.0,0.0,0.0,0.0,0.0,0.0,0.0,0.0,0.0,0.0,0.0,0.18624204339910624,0.0,0.0,0.0,0.0,0.2874432012161574,0.0,0.0,0.0,0.0,0.0,0.0,0.0,75.19521858677255,10222.356862689301,463.0577030381353,1368.4497652312682
0.0,0.17153900658582352,0.0,0.1163357113973014,0.0,0.042324722648222936,0.0,0.0,0.0,0.0,0.0,0.0,0.0,0.0,0.2333286003943715,0.0,0.0,0.0,0.1942164717195979,0.0,0.0,0.0,0.0,0.0,0.0,0.0,0.0,0.0,0.24225548725468288,0.0,90.97681151835033,7783.348921013281,548.7734912027554,1540.648907532919
0.0,0.0,0.0,0.0,0.0,0.0,0.2555723254957474,0.0,0.0,0.0,0.0,0.0,0.0,0.0,0.0,0.0,0.0,0.0,0.0,0.0,0.0,0.0,0.0,0.0,0.0,0.0,0.0,0.0,0.3594198600718213,0.3850078144324315,35.81982327091281,7542.393638749547,333.30335883038697,1098.0428912796074
0.0,0.0,0.0,0.0,0.0,0.0,0.41877680742495316,0.0,0.0,0.0,0.0,0.0,0.0,0.0,0.0,0.0,0.581223192575047,0.0,0.0,0.0,0.0,0.0,0.0,0.0,0.0,0.0,0.0,0.0,0.0,0.0,122.45287586253806,5205.557466828298,333.81021559189185,1209.1635198681754
0.0,0.0,0.10538877902464001,0.0,0.0,0.0,0.0,0.0,0.0,0.0,0.0,0.0,0.0,0.0,0.0,0.0,0.052561996160736965,0.0,0.0,0.5012772048021962,0.0,0.0,0.0,0.0,0.0,0.0,0.3009342434355534,0.0,0.0,0.03983777657687344,11.63613344499266,6760.856131684379,192.87621832595323,1349.432090638255
0.0,0.0,0.0,0.0,0.326821830543307,0.0,0.0,0.03618709219261666,0.0,0.0,0.0,0.0,0.2704274010144228,0.0,0.11107456205544702,0.1705299587946051,0.0,0.0,0.0,0.0,0.0,0.0,0.0849591553996014,0.0,0.0,0.0,0.0,0.0,0.0,0.0,36.568663095243444,7742.397582813759,702.5034511924454,2398.4003687875343
0.0,0.09559846195819201,0.0,0.11788689196696518,0.0,0.0,0.1842728452063743,0.0,0.0,0.0,0.0,0.0,0.0,0.0,0.0,0.262524752937386,0.0,0.0,0.0,0.0,0.0,0.33971704793108237,0.0,0.0,0.0,0.0,0.0,0.0,0.0,0.0,68.55208303671874,7219.702531012012,549.3494336686458,2730.3873899908453
0.0,0.0,0.0,0.0,0.0,0.0,0.48801749731088506,0.0,0.5119825026891149,0.0,0.0,0.0,0.0,0.0,0.0,0.0,0.0,0.0,0.0,0.0,0.0,0.0,0.0,0.0,0.0,0.0,0.0,0.0,0.0,0.0,154.08963513149305,8703.544328250113,313.1570373349367,994.8214486175884
0.4354637277765571,0.0,0.0,0.0,0.0,0.5645362722234428,0.0,0.0,0.0,0.0,0.0,0.0,0.0,0.0,0.0,0.0,0.0,0.0,0.0,0.0,0.0,0.0,0.0,0.0,0.0,0.0,0.0,0.0,0.0,0.0,134.1685499381792,3619.683750371783,167.89363239264554,1804.9163238431931
0.0,0.0,0.0,0.0,0.0,0.0702927718154205,0.0,0.0,0.0,0.16885179386966948,0.0,0.0,0.0,0.0,0.0,0.0,0.0,0.0,0.0,0.3866037955136421,0.33681539743932715,0.0,0.0,0.0,0.0,0.0,0.0,0.0374362413619408,0.0,0.0,133.43944775035743,6758.957245671682,303.5208147416653,970.8254784032694
0.0,0.0,0.0,0.08473275170294296,0.0,0.0,0.0,0.0,0.0,0.0,0.0,0.0,0.0,0.11982253438044169,0.0,0.0,0.0,0.0,0.03537345275598033,0.0,0.0,0.0,0.0,0.760071261160635,0.0,0.0,0.0,0.0,0.0,0.0,36.398369273436835,3882.6298050738524,505.1122088697106,3394.422560933894
0.0,0.0,0.0,0.341835394431883,0.1940436915588569,0.0,0.0,0.0,0.0,0.0,0.0,0.0,0.0,0.0,0.0,0.20841536504936412,0.0,0.15752610712292928,0.0,0.0,0.0,0.0,0.0,0.03595439328982463,0.06222504854714207,0.0,0.0,0.0,0.0,0.0,165.04035321892366,5441.16323789115,526.4341807954919,3143.7837370898733
0.0,0.0,0.0,0.0,0.0,0.0,0.27791222136646565,0.0,0.24021917357080103,0.0,0.0,0.1228993877664253,0.0,0.0,0.0,0.0,0.0,0.0,0.0,0.0,0.0,0.0,0.0,0.2406962204961093,0.0,0.0,0.0,0.11827299680019857,0.0,0.0,122.30972742552797,7241.5190130492165,527.876660867829,2061.6128316874474
0.16180506501387049,0.0,0.0,0.0,0.0,0.0,0.0,0.0,0.0,0.0,0.0,0.0,0.0,0.0,0.0,0.0,0.0,0.0,0.0,0.0,0.0,0.0,0.0,0.0,0.8381949349861296,0.0,0.0,0.0,0.0,0.0,178.7613955331008,4840.871978582579,262.29844623373225,2760.4181943386952
0.0,0.0,0.18585112555360772,0.0,0.0,0.0,0.0,0.0,0.0,0.0,0.0,0.0,0.0,0.0,0.0,0.0,0.0,0.0,0.0,0.0,0.23943778269391258,0.0,0.5747110917524796,0.0,0.0,0.0,0.0,0.0,0.0,0.0,95.09465047389985,13336.98359436522,356.1248451534012,1207.6223858436135
0.0,0.0,0.0,0.0,0.0,0.0,0.0,0.0,0.0,0.0,0.0,0.0,0.0,0.0,0.19964092467369746,0.30625434419641895,0.0,0.22443174119542936,0.26967298993445415,0.0,0.0,0.0,0.0,0.0,0.0,0.0,0.0,0.0,0.0,0.0,158.53483876169767,5832.681099241787,700.7524380496694,2182.9358452724964
0.0,0.0,0.0,0.0,0.0,0.0,0.0,0.0,0.0,0.0,0.7077965346866809,0.0,0.0,0.0,0.0,0.0,0.0,0.0,0.0,0.0,0.0,0.0,0.0,0.0,0.0,0.0,0.0,0.2922034653133191,0.0,0.0,188.3230332269083,7366.641367558821,802.7102798367431,1003.5451655264554
0.0,0.0,0.0,0.0,0.290649077490597,0.0,0.0,0.0,0.0,0.0,0.0,0.0,0.0,0.0,0.0,0.0,0.0,0.0,0.09194936830230659,0.0,0.0,0.0,0.0,0.38976772050719,0.22763383369990656,0.0,0.0,0.0,0.0,0.0,76.66566752552615,4773.231511813468,624.3850068367044,3255.010192106178
0.0,0.0,0.0,0.0,0.411560254624411,0.0,0.0,0.04427502391766597,0.0,0.0,0.0,0.0,0.0,0.0,0.0,0.0,0.0,0.0,0.0,0.0,0.041259251248387044,0.0,0.0,0.5029054702095359,0.0,0.0,0.0,0.0,0.0,0.0,15.615477984088008,5239.563988825305,647.6778026953756,3114.3592948509654
0.0,0.0,0.0,0.0,0.0,0.0,0.0,0.0,0.0,0.0,0.0,0.0,0.0,0.0,0.0,0.0,0.0,0.0,0.0,0.0,0.0,0.0,0.7622525975587835,0.0,0.2377474024412166,0.0,0.0,0.0,0.0,0.0,67.92786667567765,15661.31117129564,369.4651491695369,1345.9027377576617
0.0,0.0,0.0,0.0,0.0,0.0,0.0,0.0,0.0,0.0,0.0,0.0,0.6714474502369576,0.0,0.0,0.0,0.0,0.0,0.0,0.0,0.0,0.0,0.0,0.0,0.0,0.0,0.0,0.32855254976304243,0.0,0.0,62.82129219820452,5575.882778463762,445.4722022677948,930.7892036969321
0.3408735637016978,0.07919059980201519,0.0,0.0,0.0,0.0,0.15785380951775707,0.0,0.0,0.0,0.0,0.0,0.0,0.0,0.0,0.0,0.0,0.0,0.0,0.0,0.205626292828572,0.0,0.0,0.0,0.0,0.0,0.0,0.024218618171778606,0.0,0.19223711597817927,92.60363265373536,5745.744924898675,326.73408367080907,869.0424087323407
0.474554022482411,0.0,0.0,0.23191719629453567,0.2935287812230534,0.0,0.0,0.0,0.0,0.0,0.0,0.0,0.0,0.0,0.0,0.0,0.0,0.0,0.0,0.0,0.0,0.0,0.0,0.0,0.0,0.0,0.0,0.0,0.0,0.0,61.99639183102355,4604.519306071616,404.08194435906825,1832.555805637144
0.15924509698914094,0.0,0.0,0.0,0.07782799639622917,0.0,0.0,0.0,0.1913447959698765,0.0,0.0,0.0,0.0,0.0,0.10350339098902434,0.33401215089719777,0.0,0.0,0.0,0.0,0.0,0.0,0.0,0.0,0.0,0.0,0.0,0.0,0.13406656875853146,0.0,66.64179293110458,7932.69381421298,592.4693207880965,2503.1506045151
0.0,0.277868568286478,0.0,0.0,0.384713426068382,0.0,0.0,0.0,0.0,0.0,0.0,0.0,0.0,0.0,0.0,0.0,0.0,0.0,0.0,0.0,0.0,0.3374180056451401,0.0,0.0,0.0,0.0,0.0,0.0,0.0,0.0,5.537343152058687,5611.646269297228,651.973938946747,2139.6703795313156
0.0,0.0,0.0,0.0,0.0,0.0,0.0,0.0,0.0,0.1788467510544572,0.0,0.0,0.0,0.0,0.0,0.0,0.0,0.0,0.0,0.2434530843115446,0.0,0.0,0.0,0.5777001646339982,0.0,0.0,0.0,0.0,0.0,0.0,6.353557798661407,5572.459598788149,422.47794613006766,2582.4624698530206
0.0,0.0,0.0,0.0,0.0,0.0,0.0,0.0,0.0,0.0,0.0,0.0,0.0,0.0,0.0,0.0,0.0,0.0,0.0,0.32971779035259813,0.0,0.0,0.0,0.4746138542996238,0.0,0.04634702925505923,0.0,0.14932132609271884,0.0,0.0,1.8875160973265608,5920.246855494407,517.0487024824574,2540.593180070285
0.0,0.03324167890210867,0.0,0.0,0.0,0.0,0.18247775719032444,0.0,0.0,0.0,0.0,0.21330292496386666,0.0,0.0,0.0,0.0,0.0,0.0,0.0,0.0,0.0,0.0,0.0,0.0,0.0,0.25781508116235896,0.31316255778134117,0.0,0.0,0.0,89.77488328750485,10830.01499823614,497.7523588077772,2820.2280271807685
0.0,0.0,0.0,0.0,0.0,0.0,0.0,0.0,0.3884753549926735,0.0,0.0,0.0,0.0,0.0,0.0,0.0,0.0,0.0,0.19953695275374383,0.05347492503711091,0.0,0.0,0.0,0.0,0.0,0.0,0.02130302155502763,0.0,0.3372097456614443,0.0,136.13977824168313,7088.647736220811,328.85993375966615,1205.3576061007639
0.0,0.0,0.0,0.0,0.0,0.0,0.0,0.0,0.0,0.0,0.0,0.0,0.10544394038339873,0.0,0.0,0.0,0.0,0.31162379406017515,0.0,0.0,0.0,0.0,0.16487519041709364,0.1251401377453934,0.12921252950960121,0.163704407884338,0.0,0.0,0.0,0.0,162.2222951274094,7969.213781723509,542.3116701553992,2123.7699020726373
0.0,0.0,0.0,0.0,0.0,0.0,0.0,0.0,0.0,0.0,0.0,0.6731279916472818,0.0,0.0,0.15625261786189953,0.0,0.0,0.09739978825179517,0.0,0.0,0.0,0.0,0.0,0.0,0.0,0.07321960223902355,0.0,0.0,0.0,0.0,229.66490208297984,5677.2394701078,794.8920768170855,3453.8980285041243
0.0,0.0,0.0,0.0,0.0,0.0,0.0,0.0,0.0,0.0,0.0,0.0,0.0,0.0,0.0,0.0,0.12182883645533282,0.0,0.0,0.2405405159537793,0.0,0.0,0.0,0.0,0.0,0.0,0.0,0.23054737257114166,0.4070832750197462,0.0,18.707579923896873,8083.576337943318,467.5797624390323,1191.8479814762068
0.0,0.0,0.15607515538188527,0.43871831505472136,0.0,0.0,0.0,0.0,0.0,0.0,0.0,0.0,0.0,0.0,0.0,0.0,0.0,0.0,0.40520652956339326,0.0,0.0,0.0,0.0,0.0,0.0,0.0,0.0,0.0,0.0,0.0,189.5028800303397,5091.086425808594,303.1077200985035,1913.0646668591057
0.0,0.32916831726007023,0.0,0.0,0.0,0.15324285278648164,0.0,0.1326508754462815,0.0,0.0,0.0,0.0,0.2617932167789425,0.0,0.0,0.0,0.0,0.0,0.0,0.0,0.0,0.0,0.0,0.0,0.0,0.0,0.0,0.0,0.0,0.12314473772822417,84.92061202049976,8302.083930422184,308.3752789723649,1163.6417531298976
0.0,0.02269807668639757,0.1917992674102778,0.0,0.0,0.20726166348179517,0.0,0.0,0.0,0.14917840769951893,0.0,0.0,0.0,0.0,0.0,0.0,0.0,0.0,0.0,0.0,0.0,0.0,0.0,0.0,0.0,0.0,0.33509333939029656,0.0,0.09396924533171398,0.0,57.802203061583334,10027.503407885315,257.5672301950203,2100.7214296171046
0.0,0.0,0.0,0.0,0.0,0.0,0.0,0.0,0.0,0.0,0.0,0.0,0.0,0.0,0.0,0.0,0.0,0.0,0.0,0.0,0.0,0.0,0.0,0.0,0.5420225070962488,0.4579774929037513,0.0,0.0,0.0,0.0,123.24290504646834,10293.877372760477,462.0283189680379,3564.3359236727856
0.0,0.0,0.0,0.0,0.0,0.5280032463884485,0.0,0.0,0.0,0.0,0.0,0.0,0.0,0.027668102818892693,0.0,0.0,0.0,0.0,0.0,0.0,0.0,0.0,0.0,0.0,0.0,0.0,0.0,0.44432865079265865,0.0,0.0,129.489616066906,7407.895027472004,527.3345995757684,2123.7499574930603
0.0,0.0,0.0,0.0,0.0,0.0,0.17520399920557986,0.0,0.0,0.0,0.0,0.0,0.0,0.0,0.0,0.0,0.0,0.0,0.0,0.0,0.0,0.0,0.0,0.11889999449825511,0.0,0.0,0.0,0.0,0.5103536202481614,0.19554238604800378,28.75669995095367,7884.975321598583,362.9057153651807,1502.9497749393
0.0,0.0,0.0,0.0,0.0,0.0,0.0,0.0,0.0,0.0,0.0,0.0,0.0,0.0,0.0,0.0,0.0,0.30673555962995713,0.0,0.49151497058226445,0.0,0.0,0.0,0.11533868257751147,0.0,0.0,0.0,0.0,0.0,0.08641078721026695,117.22469766612927,3555.5418456392736,392.95683840856003,1157.2104552597134
0.2639170834464898,0.0846908636302153,0.3960934232910445,0.0,0.17110667451195768,0.0,0.0,0.0,0.0,0.0,0.0,0.0,0.0,0.0,0.0,0.0,0.0,0.0,0.08419195512029269,0.0,0.0,0.0,0.0,0.0,0.0,0.0,0.0,0.0,0.0,0.0,24.5085726765732,5693.462138447125,415.6350316498167,1917.0950143319521
0.0,0.0,0.0,0.0,0.0659508962590049,0.0,0.0,0.0,0.13189563097346627,0.0,0.0,0.0,0.36599680938040985,0.0,0.0,0.038072143173317675,0.0,0.0,0.0880792332860088,0.0,0.0,0.0,0.0,0.0,0.0,0.0,0.3100052869277924,0.0,0.0,0.0,93.80248501777943,6534.233941152741,325.1582493321966,1509.7159585134164
0.0,0.0,0.0,0.0,0.0,0.0,0.0,0.17749645406713133,0.0,0.0,0.0,0.0,0.0,0.0,0.0,0.0,0.0,0.0,0.6602678268830283,0.0,0.0,0.0,0.0,0.0,0.0,0.0,0.0,0.0,0.0,0.16223571904984038,134.87814198879485,7475.30665484272,392.2126930795989,594.9058657545179
0.0,0.0,0.0,0.11515894516106708,0.0,0.0,0.0,0.0,0.0,0.0,0.0,0.0,0.0,0.0,0.0,0.17253982954846664,0.0,0.0,0.0,0.0,0.0,0.0,0.0,0.0,0.7123012252904662,0.0,0.0,0.0,0.0,0.0,197.970890575807,5627.492500426775,355.834707262476,3140.613192352683
0.0,0.0,0.0,0.0,0.0,0.3454316275072472,0.0,0.0,0.0,0.0,0.0,0.0,0.0,0.0,0.0,0.0,0.24840139245646645,0.36557094604621765,0.0,0.0,0.0,0.0,0.0,0.0,0.0,0.0,0.0,0.0,0.040596033990068704,0.0,261.08664651554307,2795.0250880494855,391.7935972348474,1719.5391805208167
0.1583139557283475,0.0,0.0,0.0,0.05672568844746447,0.0,0.0,0.3571145763545786,0.0,0.0,0.0,0.0,0.0,0.0,0.0,0.0,0.0,0.0,0.0,0.0,0.0,0.0,0.365415258989324,0.0,0.0,0.0,0.06243052048028533,0.0,0.0,0.0,17.577610135697192,16740.295884980253,297.0933232974362,1061.7965525515206
0.0,0.0,0.0,0.0,0.0,0.0,0.0,0.0,0.49009191410311564,0.0,0.0,0.0,0.0,0.0,0.0,0.0,0.0,0.0,0.3093741922039646,0.0,0.0,0.0,0.0,0.0,0.0,0.0,0.0,0.20053389369291968,0.0,0.0,155.50757738103837,7717.0697016649665,471.4465624551119,886.6452045352939
0.13915521798428282,0.0,0.0,0.0,0.0,0.0,0.0,0.0,0.0,0.0,0.0,0.0,0.0,0.0,0.330974684258295,0.0,0.0,0.0,0.0,0.0,0.0,0.0,0.0,0.0,0.0,0.380812458904576,0.0,0.0,0.0,0.14905763885284623,6.996538678578221,10685.072295885397,703.0370398437246,2686.369944465076
0.0,0.0,0.0,0.0,0.0,0.0,0.0,0.0,0.0,0.0,0.01680427469446956,0.42611478704115757,0.0,0.0,0.0,0.0,0.0,0.0,0.0,0.0345175984765484,0.0,0.0,0.0,0.3539584675757394,0.0,0.0,0.16860487221208514,0.0,0.0,0.0,144.82235369021407,5528.460803464333,606.7752823955489,3673.546279697774
0.0,0.0,0.0,0.0,0.0,0.0,0.3736618254573162,0.0,0.0,0.0,0.0,0.0,0.0,0.0,0.0,0.0,0.0,0.0,0.0,0.0,0.0,0.0,0.0,0.0,0.0,0.08280322101023707,0.0,0.5435349535324469,0.0,0.0,38.46433383793314,11476.297157927898,691.1821268045974,1284.9559581951164
0.0,0.0,0.0,0.0,0.1152051420034205,0.0,0.0,0.0,0.0,0.0,0.05396901586303743,0.0,0.21230904107681897,0.0,0.0,0.0,0.11306861277745589,0.0,0.0,0.0,0.0,0.0,0.0,0.0,0.10422840658495677,0.0,0.0,0.0,0.0,0.4012197816943106,85.03322649010182,4591.010085691402,403.2882553716067,1473.871746983555
0.0,0.0,0.0,0.07890819402617237,0.2175007337237075,0.0,0.0,0.0,0.0,0.0,0.2233524953586646,0.3352487907902429,0.0,0.0,0.0,0.0,0.0,0.0,0.14498978610121255,0.0,0.0,0.0,0.0,0.0,0.0,0.0,0.0,0.0,0.0,0.0,238.5927125549419,5661.529869793552,790.0702456516649,2845.4910402433857
0.0,0.13673700668971153,0.0,0.0,0.0,0.0,0.0,0.0,0.0,0.0,0.0,0.0,0.0,0.1477914844183114,0.1209196415888256,0.0,0.0,0.0,0.26025482874880884,0.0,0.0,0.0,0.0,0.021319700147007917,0.0,0.0,0.0,0.31297733840733477,0.0,0.0,70.72516946079898,8912.060271815575,754.5816055016155,1537.761546302855
0.0,0.0,0.0,0.0,0.18137280689632837,0.0,0.0,0.0,0.0,0.0,0.0,0.0,0.0,0.0,0.0,0.0,0.0,0.0,0.0,0.0,0.0,0.0,0.0,0.0,0.0,0.0,0.0,0.8186271931036716,0.0,0.0,1.499670291132464,10721.508954375728,906.9250816766777,1264.990038494888
0.0,0.0,0.0,0.0,0.21295957606963187,0.0,0.0,0.0,0.0,0.0,0.0,0.0,0.17347342908688604,0.0,0.15376568340346322,0.0,0.0,0.0,0.0,0.0,0.0,0.0,0.0,0.45980131144001885,0.0,0.0,0.0,0.0,0.0,0.0,25.007200653478815,4402.993028210131,670.2054158602068,2926.4081578603996
0.0,0.0,0.0,0.0,0.0,0.0,0.0,0.33961079342396383,0.21770415076288052,0.035260524956343624,0.0,0.0,0.0,0.0,0.16726461457350836,0.0,0.0,0.0,0.0,0.2235763602372032,0.0,0.0,0.0165835560461006,0.0,0.0,0.0,0.0,0.0,0.0,0.0,61.191713896123964,13326.489988816003,328.78927209621463,1224.545520111946
0.0,0.0,0.0,0.0,0.21398806684691624,0.0,0.0,0.0,0.0,0.0,0.0,0.0,0.0,0.0,0.0,0.0,0.08234479033137357,0.47013291223072173,0.23353423059098846,0.0,0.0,0.0,0.0,0.0,0.0,0.0,0.0,0.0,0.0,0.0,218.428580189284,3400.285732524381,624.1817721607543,1196.7556180558981
0.0,0.0,0.3376118875956816,0.0,0.0,0.0,0.0,0.0,0.0,0.0,0.0,0.0,0.0,0.0,0.0,0.0,0.6623881124043184,0.0,0.0,0.0,0.0,0.0,0.0,0.0,0.0,0.0,0.0,0.0,0.0,0.0,85.92395571197797,3426.8542351035826,307.3968620503033,1976.1470357565522
0.0,0.0,0.0,0.0,0.0,0.0,0.0,0.0,0.2773268352535893,0.18360233944203963,0.0,0.0,0.0,0.0,0.09089337816761243,0.0,0.0,0.0,0.0,0.0,0.2738227977113706,0.0,0.0,0.11341976424279539,0.0,0.0,0.0,0.0,0.0,0.060934885182592644,159.36546376795098,8099.969960255843,432.3396343609905,1528.1168656738027
0.0,0.0,0.0,0.0,0.0,0.0,0.0,0.0,0.3120649214116721,0.0,0.0,0.0,0.0,0.1188875307082821,0.139142385478526,0.3760825679162793,0.05382259448524047,0.0,0.0,0.0,0.0,0.0,0.0,0.0,0.0,0.0,0.0,0.0,0.0,0.0,105.5343181950484,7699.653249691403,567.4490853048242,2696.397660598207
0.0,0.6659260531397867,0.0,0.0,0.0,0.0,0.0,0.0,0.1637847262145418,0.0,0.0,0.0,0.17028922064567156,0.0,0.0,0.0,0.0,0.0,0.0,0.0,0.0,0.0,0.0,0.0,0.0,0.0,0.0,0.0,0.0,0.0,64.94373238718175,7173.9504831664435,377.32181461362075,713.1907899286282
0.40196198456133336,0.0,0.0,0.0,0.0,0.0,0.0,0.0,0.0,0.0,0.0,0.0,0.0,0.0,0.0,0.0,0.0,0.0,0.0,0.0,0.0,0.0,0.0,0.22099938274879083,0.1250200077726811,0.0,0.13779197017280864,0.0,0.0,0.1142266547443861,33.04403803904663,5077.706934039649,284.964824422975,1943.7736751607197
0.1160172752463861,0.0,0.0,0.0,0.0,0.0,0.0,0.0,0.0,0.0,0.0,0.0,0.0,0.0,0.0,0.0,0.0,0.0,0.0,0.057024353488342575,0.0,0.0,0.0,0.0,0.0,0.8269583712652713,0.0,0.0,0.0,0.0,7.87777746129949,12436.214258062051,567.573110802268,3185.8623563249453
0.0,0.0,0.0,0.0,0.21365540140245715,0.0,0.0,0.0,0.0,0.0,0.0,0.3663740174237216,0.15583858442918624,0.0,0.0,0.0,0.0,0.0,0.0,0.0,0.264131996744635,0.0,0.0,0.0,0.0,0.0,0.0,0.0,0.0,0.0,217.04155869810606,4900.346314758635,653.7894861850414,2644.0544695825015
0.0,0.0,0.0,0.0,0.0,0.0,0.0,0.0,0.5380702484224238,0.0,0.1242853355251201,0.0,0.0,0.0,0.0,0.0,0.0,0.07806346211771731,0.0,0.0,0.0,0.0,0.0026589755195157863,0.0,0.0,0.0,0.0,0.09814160888645442,0.15878036952876853,0.0,210.15197880223872,7664.237232534411,459.75352168911155,1183.6170178882076
0.0,0.6402137939473097,0.1094095183614227,0.0,0.21076385535850706,0.0,0.0,0.0,0.0,0.0,0.0,0.0,0.0,0.0,0.0,0.0,0.0,0.0,0.0,0.0,0.0,0.0,0.0,0.0,0.0,0.0,0.0,0.03961283233276065,0.0,0.0,9.706640835243455,8037.634998062989,541.562800560377,1409.6406259760897
0.2462318414421209,0.0,0.0,0.0,0.0,0.0,0.0,0.0,0.0,0.0,0.0,0.10435697325531254,0.0,0.06538531374065033,0.23017272403192396,0.0,0.0,0.0,0.0,0.0,0.0,0.20057652321338754,0.0,0.0,0.0,0.0,0.0,0.0,0.15327662431660485,0.0,42.89380092919893,6171.163767689977,572.7975022799322,2206.225703344299
0.0,0.0,0.0,0.0,0.0,0.0,0.0,0.0,0.0,0.0,0.26891839474074775,0.0,0.0,0.1705061581496691,0.5605754471095833,0.0,0.0,0.0,0.0,0.0,0.0,0.0,0.0,0.0,0.0,0.0,0.0,0.0,0.0,0.0,92.27197234057671,6555.621758178141,820.1381258370044,2290.1366439820276
0.0,0.0,0.0,0.0,0.0,0.0,0.0,0.0,0.0,0.0,0.0,0.0,0.0,0.0,0.0,0.0,0.0,0.0,0.0,0.0,0.0,0.6627443002868502,0.0,0.0,0.0,0.0,0.0,0.0,0.0,0.3372556997131499,4.919459712588117,3548.661081658108,426.3436725330073,1571.2107274198117
0.0,0.0,0.0,0.0,0.0,0.0,0.0,0.0,0.49950177098101045,0.0,0.0,0.5004982290189895,0.0,0.0,0.0,0.0,0.0,0.0,0.0,0.0,0.0,0.0,0.0,0.0,0.0,0.0,0.0,0.0,0.0,0.0,256.3027230979099,5480.189358299221,538.3760793000614,2459.5176924288057
0.0,0.0,0.0,0.0,0.0,0.0,0.0,0.0,0.0,0.0,0.2811051554620969,0.0,0.0,0.0,0.03290660259687462,0.0,0.0,0.0,0.0,0.5220280511790091,0.0,0.11408555370033599,0.0,0.0,0.049874637061683304,0.0,0.0,0.0,0.0,0.0,94.64325756073944,4725.572974944933,452.02632567894204,1249.2320686356181
0.0,0.0,0.0,0.0,0.0,0.0,0.0,0.0,0.0506849450340603,0.0,0.0,0.1231626469361334,0.0,0.0,0.0,0.0,0.0,0.052680839944851364,0.0,0.0,0.0,0.0,0.0,0.0,0.0,0.1908506925692304,0.0,0.2187787645846489,0.0,0.3638421109310757,80.58444762736168,8754.810073772165,646.413526547035,1960.3499344562272
0.0,0.0,0.0,0.0,0.0,0.0,0.0,0.26674481346705015,0.0,0.0,0.0,0.0,0.0,0.0,0.0,0.0,0.0,0.36632015832170794,0.0,0.0,0.0,0.0,0.0,0.0,0.024220899063010653,0.0,0.14199668174775965,0.0,0.0,0.2007174474004716,147.68018451558763,9238.497774088766,376.75252030050757,943.912159966565
0.0,0.07845711846488702,0.0,0.0,0.0,0.0,0.0,0.0,0.0,0.0,0.0,0.0,0.0,0.0,0.0,0.0,0.2413109637959735,0.0,0.0,0.0,0.0,0.0,0.0,0.6802319177391394,0.0,0.0,0.0,0.0,0.0,0.0,37.65493540476261,3688.0671969564405,509.0962799087107,2951.933332787442
0.0,0.0,0.0,0.0,0.0,0.0,0.0,0.0,0.4836252612084362,0.0,0.0,0.0,0.0,0.0,0.0,0.0,0.0,0.0,0.0,0.0,0.5163747387915637,0.0,0.0,0.0,0.0,0.0,0.0,0.0,0.0,0.0,286.79299343869906,6161.552287375852,254.28546762678414,806.7226034592081
0.0,0.0,0.0,0.03292397970306964,0.0,0.0,0.24188081316477114,0.0,0.0,0.0,0.0,0.0,0.0,0.3789918747859368,0.0,0.0,0.0,0.06419263793395999,0.0,0.0,0.0,0.0,0.0,0.0,0.10221321879053472,0.0,0.0,0.17979747562172774,0.0,0.0,106.73466362394241,7061.044213123428,546.9301192339076,2490.778234049796
0.0,0.0,0.0,0.0,0.0,0.0,0.0,0.0,0.0,0.0,0.0,0.0,0.0,0.06681653388129419,0.0,0.0,0.0,0.0,0.0,0.16501940855259412,0.1368238101022566,0.0,0.28731862588995327,0.0,0.0,0.0865961170300563,0.0,0.0,0.0,0.25742550454384544,68.94086129917618,10507.339086564098,404.02886157004787,1434.9762190065983
0.0,0.0,0.0,0.0,0.0,0.0,0.0,0.0,0.0,0.0,0.0,0.0,0.0,0.0,0.0,0.0,0.0,0.0,0.1413771749949405,0.0,0.0,0.0,0.0,0.0,0.0,0.8586228250050596,0.0,0.0,0.0,0.0,32.78924366533621,12782.278378095702,661.8024134006265,3298.605628970485
0.0,0.0,0.0,0.0,0.0,0.4112076518797677,0.0,0.0,0.0,0.3446815189780107,0.0,0.0,0.0,0.1495975291877658,0.0,0.0,0.0,0.09451329995445566,0.0,0.0,0.0,0.0,0.0,0.0,0.0,0.0,0.0,0.0,0.0,0.0,161.11259472323806,7465.535486979059,303.85260370373487,2228.223621925785
0.0,0.0,0.0,0.0,0.8852719595026597,0.0,0.0,0.0,0.0,0.0,0.0,0.0,0.0,0.0,0.11472804049734026,0.0,0.0,0.0,0.0,0.0,0.0,0.0,0.0,0.0,0.0,0.0,0.0,0.0,0.0,0.0,1e-06,5707.550879433212,853.6705949218408,2621.839266465947
0.0,0.0,0.0,0.0,0.0,0.0,0.0,0.0,0.0,0.0,0.0,0.0,0.0,0.0,0.7392246275709243,0.0,0.0,0.0,0.0,0.0,0.26077537242907556,0.0,0.0,0.0,0.0,0.0,0.0,0.0,0.0,0.0,80.39561649821772,6901.0603224670685,693.8755459246929,2072.31170949872
0.0,0.0,0.0,0.0,0.0,0.40022811958755394,0.0,0.12645424604678518,0.0,0.0,0.0,0.0,0.0,0.0,0.0,0.0,0.0,0.0,0.0,0.0,0.3678984293169304,0.0,0.0,0.0,0.0,0.0,0.0,0.0,0.10541920504873045,0.0,227.44207306198632,7261.329278669506,243.00841385282362,1822.2771002812967
0.0,0.0,0.0,0.0,0.31786871957073665,0.0,0.0,0.0,0.0,0.0,0.0,0.0,0.0,0.0,0.4512076748971814,0.0,0.0,0.2309236055320819,0.0,0.0,0.0,0.0,0.0,0.0,0.0,0.0,0.0,0.0,0.0,0.0,86.37355877555045,5793.10642767977,819.9071982779251,2051.5071199032104
0.0,0.10700618306357025,0.0,0.0,0.0,0.0,0.0,0.1608346498401221,0.0,0.0,0.0,0.0,0.0,0.0,0.0,0.0,0.0,0.0,0.0,0.0,0.0,0.0,0.0,0.0,0.0,0.7321591670963077,0.0,0.0,0.0,0.0,7.669222325073276,15499.361418190696,592.1407607229048,3055.558624833429
0.0,0.0,0.34292018044262756,0.0,0.0,0.0,0.0114195423308001,0.0,0.0,0.39762963652338745,0.0,0.0,0.0,0.0,0.0,0.0,0.0,0.0,0.0,0.2480306407031848,0.0,0.0,0.0,0.0,0.0,0.0,0.0,0.0,0.0,0.0,5.411178781437708,9096.607729878726,,1622.4894211297144
0.0,0.0,0.0,0.0,0.0,0.0,0.0,0.0,0.0,0.0,0.0,0.0,0.0,0.0,0.0,0.0,0.0,0.0,0.0,0.0,0.0,0.7667798913236408,0.0,0.0,0.23322010867635912,0.0,0.0,0.0,0.0,0.0,52.39653017722866,3772.6763947233217,448.45444457027105,2322.913190930786
0.0,0.0,0.0,0.0,0.0,0.0,0.0,0.0,0.21512621845161853,0.0,0.0,0.0,0.0,0.0,0.0,0.0,0.0,0.0,0.0,0.0,0.0,0.0,0.0,0.0,0.7848737815483816,0.0,0.0,0.0,0.0,0.0,204.5497729502859,5494.762672167672,261.5616538051439,2592.2033637951777
0.0,0.0,0.0,0.0,0.0,0.30820526194682085,0.0,0.0,0.0,0.0,0.0,0.0,0.0,0.0,0.0,0.0,0.0,0.0,0.0,0.0,0.0,0.6917947380531793,0.0,0.0,0.0,0.0,0.0,0.0,0.0,0.0,82.38023200767975,3561.787073299221,381.0792120679778,2342.968421938978
0.0,0.0,0.0,0.0,0.0,0.0,0.0,0.0,0.06646407015691719,0.0,0.7596429721128697,0.0,0.17389295773021318,0.0,0.0,0.0,0.0,0.0,0.0,0.0,0.0,0.0,0.0,0.0,0.0,0.0,0.0,0.0,0.0,0.0,247.60369968836457,5106.548275789438,689.6507856854712,999.3396468437752
0.0,0.0,0.0,0.0,0.06157659447930885,0.0,0.0,0.0,0.5002279235370435,0.08332109829708284,0.0,0.0,0.0,0.0,0.2896646476746161,0.0,0.0,0.0,0.0,0.0,0.0,0.0,0.0,0.0,0.0,0.03352461619280633,0.0,0.03168511981914234,0.0,0.0,126.56977269624684,9329.202756934123,536.7414787584125,1745.3342612533443
0.0,0.13813438602278677,0.0,0.11129642027046577,0.0,0.10764619656176584,0.0,0.0,0.0,0.0,0.0,0.0,0.0,0.0,0.0,0.3862836171608796,0.0,0.0,0.09554867571567,0.0,0.0,0.0,0.1610907042684322,0.0,0.0,0.0,0.0,0.0,0.0,0.0,102.54657164960167,9027.915330935739,549.7721784668,2644.0931024764477
0.0,0.0,0.0,0.0,0.0,0.0,0.0,0.0,0.0,0.0,0.0,0.0,0.0,0.0,0.0,0.0,0.0,0.0,0.0,0.0,0.6113345430054985,0.0,0.27958221052844506,0.0,0.0,0.0,0.0,0.0,0.0,0.10908324646605662,212.09388393666842,9160.967068456177,346.42981777833285,841.2918621443331
0.0,0.0,0.0,0.0,0.0,0.0,0.0,0.0,0.0,0.13444300761688466,0.0,0.1548201329586915,0.0,0.0,0.0,0.0,0.0,0.0,0.0,0.3170096298383547,0.0,0.0,0.28213450276633617,0.0,0.0,0.0,0.0,0.0,0.0,0.11159272681973303,62.622733732382656,10617.77079732215,420.3078680274311,1456.2238060863854
0.7786803467466472,0.0,0.0,0.0,0.0,0.0,0.0,0.0,0.0,0.0,0.22131965325335276,0.0,0.0,0.0,0.0,0.0,0.0,0.0,0.0,0.0,0.0,0.0,0.0,0.0,0.0,0.0,0.0,0.0,0.0,0.0,58.825682859963734,4027.0471285102917,299.23709749403247,649.0466561782656
0.0,0.6397632027082155,0.0,0.0,0.0,0.0,0.0,0.0,0.0,0.0,0.0,0.0,0.0,0.0,0.0,0.3602367972917845,0.0,0.0,0.0,0.0,0.0,0.0,0.0,0.0,0.0,0.0,0.0,0.0,0.0,0.0,20.479581651144265,7836.332071866679,549.2010712549989,1647.8831634086255
0.0,0.6721137990048514,0.0,0.0,0.32788620099514876,0.0,0.0,0.0,0.0,0.0,0.0,0.0,0.0,0.0,0.0,0.0,0.0,0.0,0.0,0.0,0.0,0.0,0.0,0.0,0.0,0.0,0.0,0.0,0.0,0.0,6.134674940144192,7083.144375662404,632.0599858925257,1286.586562997382
0.0,0.0,0.0,0.0,0.0,0.0,0.0,0.0,0.0,0.0,0.0,0.0,0.0,0.0,0.0,0.0,0.0,0.0,0.0,0.0,0.0,0.0,0.0,0.0,0.0,0.0,0.0,0.15804712884449565,0.8419528711555042,0.0,12.53848360284953,8981.846398189597,419.81691577585013,1231.4864921454969
0.0,0.0,0.0,0.0,0.0,0.0,0.0,0.0,0.0,0.0,0.0,0.0,0.0,0.0,0.0,0.0,0.0,0.0,0.0,0.0,0.0,0.0930247523694651,0.0,0.0,0.0,0.0,0.9069752476305348,0.0,0.0,0.0,3.720415190177027,9252.606243187585,202.11552055031797,1646.7084030005342
0.08169856290177703,0.0,0.0,0.0,0.0,0.0,0.0,0.0,0.0,0.0,0.0,0.0,0.0,0.0,0.1280969195248169,0.0,0.3719773900146928,0.0,0.0,0.09339169499767724,0.0,0.0,0.150245753379663,0.0,0.0,0.17458967918137303,0.0,0.0,0.0,0.0,71.00328978932957,8681.700593382096,491.65951010656346,1933.916195634207
0.0,0.0,0.0,0.8543881157033124,0.0,0.0,0.0,0.0,0.0,0.0,0.0,0.0,0.0,0.14561188429668745,0.0,0.0,0.0,0.0,0.0,0.0,0.0,0.0,0.0,0.0,0.0,0.0,0.0,0.0,0.0,0.0,222.63282343725552,3453.4421174178356,195.1092658846351,2737.3619301764484
0.0,0.0,0.0,0.0,0.0,0.0,0.45620137643675085,0.0,0.0,0.0,0.17280744342164148,0.2018915976155173,0.0,0.16909958252609028,0.0,0.0,0.0,0.0,0.0,0.0,0.0,0.0,0.0,0.0,0.0,0.0,0.0,0.0,0.0,0.0,181.7085809532989,7249.871662815709,543.5225683325983,2303.4593000142177
0.0,0.0,0.06371777856561074,0.0,0.0,0.0,0.0,0.0,0.0,0.036673947025323596,0.0,0.4146111394656105,0.0,0.24611289737540512,0.0,0.0,0.0,0.0,0.0,0.0,0.0,0.0,0.17699181120107435,0.0,0.0,0.0,0.5904721059270586,0.0,0.0,0.0,110.23634590269607,9372.37675443826,494.6379213672981,2723.571835811571
0.0,0.23985245562155189,0.0,0.0,0.0,0.0,0.0,0.0,0.0,0.0,0.0,0.0,0.0,0.29321469891532026,0.0,0.0,0.1427417328906192,0.0,0.0,0.0,0.0,0.0,0.0,0.0,0.0,0.0,0.0,0.0,0.32419111257250854,0.0,45.743585587012596,6563.688903400635,432.41947763528697,1847.521986299025
0.0,0.0,0.0,0.0,0.0,0.0,0.0,0.0,0.0,0.0,0.0,0.0,0.0,0.0,0.0,0.0,0.0,0.0,0.0,0.0,0.1967819491307179,0.0,0.0,0.0,0.0,0.0,0.0,0.0,0.0,0.803218050869282,56.680036447568085,4873.501455569962,254.30812269992984,841.5848158337253
0.0,0.0,0.0,0.0,0.0,0.0,0.0,0.0,0.0,0.3189697407071248,0.0,0.0,0.0,0.0,0.0,0.0,0.0,0.0,0.0,0.0,0.0,0.0,0.6810302592928752,0.0,0.0,0.0,0.0,0.0,0.0,0.0,27.705185835695342,18270.578416906825,360.65303937550505,865.5356720577657
0.0,0.0,0.0,0.0,0.3449794742847781,0.0,0.2692539098027192,0.0,0.0,0.0,0.0,0.0,0.0,0.0,0.0,0.0,0.0,0.0,0.0,0.0,0.0,0.0,0.0,0.0,0.0,0.3857666159125027,0.0,0.0,0.0,0.0,27.947348101310777,11090.05197272352,736.8317590488268,2896.4243296952563
0.0,0.0,0.0,0.5451934090433064,0.0,0.0,0.0,0.0,0.0,0.0,0.0,0.0,0.0,0.0,0.0,0.0,0.0,0.0,0.0,0.0,0.0,0.0,0.0,0.0,0.0,0.0,0.0,0.0,0.45480659095669357,0.0,141.92955773281804,6102.317490562442,223.78116336807935,1884.7769312215355
0.3099868871220078,0.0,0.0,0.0,0.0,0.0,0.0,0.0,0.6900131128779923,0.0,0.0,0.0,0.0,0.0,0.0,0.0,0.0,0.0,0.0,0.0,0.0,0.0,0.0,0.0,0.0,0.0,0.0,0.0,0.0,0.0,155.90088903344724,6063.988700667048,195.93815250264635,846.983059773442
0.0,0.0,0.0,0.0,0.0,0.0,0.0,0.024445909529649784,0.0,0.0,0.44148292698331154,0.15803519391300236,0.0,0.13561902163584588,0.0,0.0,0.0,0.16476829986413138,0.0,0.0,0.0,0.0,0.0,0.0,0.0,0.0,0.075648648074059,0.0,0.0,0.0,266.88959904994846,6162.496864136599,793.1925445114944,2062.862745359625
0.0,0.0,0.0,0.0,0.0,0.6956369127923793,0.0,0.0,0.0,0.28418809653662386,0.0,0.0,0.02017499067099684,0.0,0.0,0.0,0.0,0.0,0.0,0.0,0.0,0.0,0.0,0.0,0.0,0.0,0.0,0.0,0.0,0.0,180.50275019761722,6912.263388940739,204.51301980723335,2189.8007188988586
0.0,0.0,0.0,0.0,0.1250305237686446,0.0,0.0,0.0,0.0,0.0,0.0,0.0,0.0,0.0,0.0,0.0,0.0,0.0,0.0,0.0,0.0,0.0,0.0,0.5649758673816887,0.0,0.0,0.0,0.0,0.0,0.3099936088496666,9.308037126429463,3972.178400988895,548.7885722705004,2759.9259924285034
0.0,0.0,0.0,0.0,0.0,0.0,0.0,0.0,0.0,0.0,0.0,0.2128377316711193,0.0,0.21055358614464334,0.0,0.0,0.0,0.0,0.0,0.07305252771993694,0.0,0.0,0.0,0.0,0.0,0.0,0.0,0.5035561544643004,0.0,0.0,83.85540971121316,8772.231872306624,801.731595463774,2223.6728011916935
0.0,0.8766803051400825,0.0,0.0,0.0,0.0,0.0,0.0,0.0,0.0,0.0,0.0,0.0,0.0,0.0,0.0,0.0,0.0,0.0,0.0,0.0,0.0,0.0,0.0,0.0,0.0,0.0,0.0,0.12331969485991745,0.0,8.36064843624382,8248.913638455548,409.1243118929875,622.8842566067904
0.0,0.0,0.0,0.0,0.0,0.0,0.0,0.0,0.0,0.0,0.37762449889293603,0.0,0.0,0.0,0.0,0.0,0.0,0.0,0.0,0.0,0.0,0.09493413654197336,0.0,0.32781138941795285,0.1996299751471377,0.0,0.0,0.0,0.0,0.0,153.97957477093254,5705.301904111056,601.3397272610223,2784.5652560229264
0.0,0.3702373377875734,0.27595442580992263,0.0,0.0,0.0,0.0,0.16020642640415492,0.0,0.0,0.0,0.0,0.0,0.0,0.0,0.0,0.0,0.0,0.0,0.0,0.0,0.0,0.0,0.0,0.0,0.0,0.0,0.19360180999834908,0.0,0.0,9.425934520682778,10586.166421071464,479.3244439108088,1412.232365284068
0.0,0.0,0.0,0.0,0.0,0.0,0.0,0.15084665705512876,0.0,0.0,0.0,0.0,0.19516079899850647,0.0,0.0,0.0,0.0,0.0,0.0,0.0,0.0,0.0,0.0,0.0,0.0,0.12363000901560578,0.0,0.0,0.2222446370993584,0.30811789783140064,26.853820712056972,9625.649452602664,354.3197382559606,1261.3317232602271
0.0,0.0,0.0,0.0,0.13833279396534975,0.0,0.0,0.0,0.0,0.2572714967787015,0.0,0.0,0.0,0.32035815696791675,0.0,0.2840375522880319,0.0,0.0,0.0,0.0,0.0,0.0,0.0,0.0,0.0,0.0,0.0,0.0,0.0,0.0,35.82554525515006,8892.787957283112,602.2828986520184,2900.502184328479
0.14193153740365133,0.0,0.0,0.24884528623628122,0.0,0.27807424432356065,0.0,0.0,0.0,0.0,0.0,0.0,0.0,0.05369414569820679,0.0,0.0,0.0,0.0,0.0,0.0,0.16497422525727623,0.0,0.11248056108102371,0.0,0.0,0.0,0.0,0.0,0.0,0.0,218.94121156495456,6259.976839893829,261.2296232654326,2162.129652841581
0.0,0.0,0.0,0.0,0.0,0.0,0.25638885426557506,0.0,0.0,0.0,0.0,0.0,0.0,0.0,0.0,0.743611145734425,0.0,0.0,0.0,0.0,0.0,0.0,0.0,0.0,0.0,0.0,0.0,0.0,0.0,0.0,51.75438410208314,8358.411049789482,644.4263529090425,2939.5861021133082
0.0,0.0,0.0,0.1894325930514242,0.0,0.021475119345683337,0.0,0.06244739619262379,0.0,0.0,0.09507147414341531,0.0,0.6315734172668535,0.0,0.0,0.0,0.0,0.0,0.0,0.0,0.0,0.0,0.0,0.0,0.0,0.0,0.0,0.0,0.0,0.0,136.4991547154396,4391.295301614881,257.8075950736109,1301.1868987192984
0.0,0.0,0.0,0.0,0.0,0.0,0.0,0.0,0.0,0.0,0.0,0.0,0.5585032767230529,0.0,0.0,0.0,0.0,0.0,0.0,0.0,0.0,0.0,0.0,0.0,0.0,0.0,0.0,0.0,0.4414967232769471,0.0,61.76504978011362,5395.216345609779,276.9057168307345,1046.177711622267
0.0,0.0,0.0,0.0,0.0,0.0,0.0,0.054027184847250984,0.0,0.0,0.0,0.2566787612230637,0.0,0.0,0.0,0.0,0.0,0.15767584159203926,0.0,0.2479141971952685,0.0,0.0,0.13527696556579588,0.14842704957658157,0.0,0.0,0.0,0.0,0.0,0.0,144.39606190419664,8059.023438458682,525.3270474012131,2444.8721983415353
0.0,0.0,0.0,0.0,0.0,0.0,0.0,0.1478684471418005,0.0,0.0,0.14226762696373937,0.0,0.0,0.22120533587852143,0.0,0.0,0.0,0.0,0.2568453375824631,0.20186838794764483,0.0,0.02994486448583088,0.0,0.0,0.0,0.0,0.0,0.0,0.0,0.0,112.36055943673219,8000.540339684347,465.6413339832082,1552.5471334065192
0.0,0.0,0.32034231786742384,0.0,0.08801581427288599,0.0,0.0,0.0,0.0,0.0,0.0,0.0,0.1595055744609761,0.0,0.0,0.0,0.0,0.30834596849168244,0.044160349564293676,0.0,0.0,0.0,0.0,0.0,0.0,0.0,0.0,0.0,0.0,0.07962997534273793,142.05568672634487,4564.109867877237,465.7898669502729,1788.8055192491681
0.1022066435064921,0.3148162641275618,0.0,0.14369991917382022,0.0,0.0,0.0,0.0,0.0,0.0,0.0,0.0,0.0,0.0,0.0,0.07648885078599127,0.0,0.0,0.0,0.0,0.0,0.0,0.0,0.3627883224061347,0.0,0.0,0.0,0.0,0.0,0.0,46.66313688873433,6015.067323409789,453.43350221356803,2464.6008583028183
0.0,0.3781457046943424,0.10526459531176678,0.0,0.0,0.0,0.24233874335064245,0.0,0.0,0.0,0.0,0.0,0.0,0.0,0.0,0.0,0.05626488459816758,0.21798607204508075,0.0,0.0,0.0,0.0,0.0,0.0,0.0,0.0,0.0,0.0,0.0,0.0,117.48264606605412,7510.248830046605,432.7114456215435,1046.2999530738261
0.0,0.0,0.0,0.0,0.0,0.0,0.11342329564899786,0.0,0.0,0.0,0.0,0.0,0.0,0.0,0.0,0.0,0.0,0.0,0.0,0.0,0.0,0.6375316517847871,0.05450130453757295,0.0,0.0,0.0,0.0,0.0,0.1945437480286422,0.0,17.30220590040702,6283.132107442197,500.7555601436803,1802.3602730719942
0.0,0.0,0.3177028126850826,0.0,0.0,0.0,0.37643743240796523,0.0,0.0,0.0,0.0,0.0,0.0,0.0,0.0,0.0,0.0,0.0,0.0,0.0,0.0,0.0,0.0,0.0,0.0,0.0,0.0,0.0,0.30585975490695233,0.0,45.44729123701044,8585.949571732088,325.8753299778579,1875.174921172028
0.0,0.0,0.0,0.0770839986428901,0.0,0.31377591058431403,0.0,0.25592273059292997,0.0,0.0,0.0,0.0,0.0,0.0,0.0,0.22264692726310908,0.0,0.0,0.0,0.0,0.13057043291675674,0.0,0.0,0.0,0.0,0.0,0.0,0.0,0.0,0.0,161.27973846765724,9541.856263244692,333.3021851643287,2455.038434908311
0.0,0.0,0.0,0.0,0.0,0.0,0.0,0.08179169209752961,0.0,0.0,0.0,0.0,0.1998277611174962,0.12577368319913182,0.0,0.0,0.0,0.0,0.0,0.18004202029616675,0.0,0.0,0.0,0.0,0.0,0.0,0.0,0.0,0.4125648432896756,0.0,37.9284159318038,7927.237659366956,334.9381467247389,1453.2924175150818
0.0,0.0,0.0,0.35943900473590024,0.0,0.08027063189085287,0.0,0.0,0.0,0.0,0.007144007010753964,0.17811328119055075,0.0,0.0,0.0,0.0,0.0,0.0,0.0,0.0,0.0,0.0,0.0,0.0,0.0,0.0,0.2133440833699255,0.16168899180201665,0.0,0.0,175.74170212715003,7522.003460486033,443.46192894293563,2610.178705829811
0.0,0.0,0.0,0.28689368162675427,0.0,0.0,0.0,0.0,0.0,0.0,0.0,0.0,0.0,0.0,0.0,0.0,0.0,0.7131063183732457,0.0,0.0,0.0,0.0,0.0,0.0,0.0,0.0,0.0,0.0,0.0,0.0,324.7985733568796,2255.0266404690014,466.2834260401846,1142.9335682562141
0.0,0.0,0.0,0.0,0.20341391982760035,0.24620979158484435,0.0,0.0,0.0,0.0,0.0,0.0,0.0,0.0,0.0,0.0,0.0,0.12568051588589002,0.0,0.0205397791423313,0.0,0.0,0.0,0.0,0.0,0.0,0.0,0.0615506776869697,0.0,0.3426053158723642,118.84660368641234,4999.631354836852,460.2249014999268,1804.7515107687664
0.0,0.0,0.0,0.0,0.0,0.0,0.0,0.0,0.0,0.0,0.0,0.0,0.0,0.0,0.0,0.0,0.0,0.0,0.0,0.0,0.4961470031179787,0.0,0.0,0.0,0.0,0.5038529968820213,0.0,0.0,0.0,0.0,152.92501180030033,10135.790819618975,476.564239662724,2363.533342863665
0.0,0.0,0.0,0.4538315472731175,0.0,0.4310126062534876,0.0,0.0,0.0,0.0,0.0,0.0,0.0,0.044336076668040014,0.0,0.0,0.0,0.0,0.0,0.0,0.0,0.0,0.07081976980535508,0.0,0.0,0.0,0.0,0.0,0.0,0.0,234.84461941771968,4779.60327557799,212.1256052456166,2561.4906864513605
0.0,0.0,0.0,0.0,0.0,0.0,0.0,0.0,0.0,0.0,0.0,0.0,0.0,0.0,0.0,0.4682609646443006,0.0,0.0,0.0,0.0,0.0,0.0,0.0,0.329007008784266,0.2027320265714334,0.0,0.0,0.0,0.0,0.0,68.99713142648186,6302.680492784406,616.5621511083474,3730.5255135295024
0.0,0.0,0.0,0.0,0.0,0.0,0.0,0.0,0.0,0.0,0.0,0.0,0.0,0.0,0.0,0.0,0.0,0.0,0.0,0.0,0.0,0.7581450828831394,0.0,0.0,0.0,0.2418549171168607,0.0,0.0,0.0,0.0,5.7862987709103635,6087.592406288796,544.5563874690183,2438.0599083268344
0.0,0.0,0.0,0.0,0.0,0.16505237130478054,0.0,0.0,0.0,0.0,0.0,0.0,0.0,0.0,0.0,0.0,0.0,0.0,0.0,0.0,0.49065354831192454,0.0,0.0,0.0,0.0,0.0,0.0,0.0,0.0,0.34429408038329506,189.1823381247616,5320.004481154432,260.94468230618224,1121.1486223159532
0.0,0.0,0.0,0.0,0.0,0.0,0.0,0.24347200234663782,0.0,0.0,0.0,0.0,0.0,0.0,0.0,0.0,0.0,0.0,0.0,0.0,0.0,0.0,0.0,0.0,0.0,0.0,0.0,0.7565279976533622,0.0,0.0,0.2701048629840237,13973.646258583554,754.9385686640072,974.9005957490537
0.8295179532586884,0.0,0.0,0.0,0.0,0.0,0.0,0.0,0.0,0.0,0.0,0.0,0.0,0.0,0.0,0.0,0.0,0.0,0.0,0.17048204674131176,0.0,0.0,0.0,0.0,0.0,0.0,0.0,0.0,0.0,0.0,3.396144570046464,3578.2817453145335,171.83969193337722,616.5431870496485
0.0,0.0,0.0,0.0,0.0,0.0,0.0,0.0,0.0,0.0,0.0,0.0,0.0,0.0,0.0,0.0,0.0,0.0,0.0,0.0,0.0,0.14199388238285607,0.0,0.0,0.0,0.6404047001817496,0.2176014174353944,0.0,0.0,0.0,7.676204063887118,13330.317927202403,573.7717733658201,3056.9639018567427
0.20992127763190777,0.0,0.0,0.0,0.0,0.0,0.0,0.0,0.3720395859485008,0.0,0.0,0.0,0.0,0.0,0.0,0.0,0.0,0.0,0.0,0.0,0.0,0.0,0.0,0.0,0.41803913641959156,0.0,0.0,0.0,0.0,0.0,183.7655272450986,6027.317342571105,240.23955783169754,1884.7972470350185
0.0,0.0,0.14282381375642106,0.0,0.0,0.0,0.0,0.0,0.0,0.2264887220027341,0.0,0.0,0.0,0.0,0.23150742575688882,0.0,0.0,0.0,0.0,0.12354983237669823,0.0,0.0,0.0,0.0,0.0,0.010485028499542021,0.0,0.0,0.2651451776077158,0.0,7.079473591124767,9577.711505355957,442.269285944676,1894.8370155253483
0.0,0.0,0.0,0.0,0.0,0.18080120342083317,0.0,0.0,0.0,0.0,0.0,0.0,0.0,0.0,0.0,0.0,0.0,0.0,0.0,0.0,0.0,0.0,0.0,0.0,0.0,0.0,0.6375081542417548,0.0,0.0,0.18169064233741197,45.3910936808418,8110.546333009448,175.00235063166738,1792.7581851080806
0.0,0.0,0.0,0.0,0.0,0.0,0.0,0.0,0.0,0.0,0.0,0.0,0.0,0.0,0.0,0.0,0.0,0.0,0.0,0.16756963865416227,0.0,0.0,0.0,0.0,0.0,0.0,0.0,0.8324303613458377,0.0,0.0,2.2801809792957277,9977.959670578666,763.1034107343428,952.2566494002538
0.0,0.0,0.0,0.0,0.0,0.0,0.0,0.4022623551092111,0.0,0.0,0.0,0.0,0.0,0.0,0.0,0.0,0.0,0.0,0.0,0.0,0.0,0.0,0.17842576090389586,0.419311883986893,0.0,0.0,0.0,0.0,0.0,0.0,17.752512897581315,13903.113564274163,351.27696764564746,2092.730088617368
0.0,0.0,0.0,0.0,0.0,0.0,0.27531310242868745,0.0,0.0,0.0,0.0,0.22121144416456276,0.0,0.0,0.11647934580552632,0.0,0.0754108149744073,0.0,0.0,0.0,0.06991293316318327,0.0,0.0,0.24167235946363289,0.0,0.0,0.0,0.0,0.0,0.0,153.12622798820772,7128.077324452117,639.2857864742176,2618.314027909268
0.0,0.0,0.0,0.0,0.0,0.0,0.0,0.0,0.0,0.0,0.0,0.03682501999450785,0.0,0.0,0.09093122075773674,0.0,0.0,0.0,0.0,0.5622780652243264,0.10034587192092385,0.022127286038134863,0.0,0.0,0.0,0.0,0.0,0.18749253606437022,0.0,0.0,54.9742314899638,6275.829679591156,445.3313147044661,1123.8369414297003
0.0,0.0,0.0,0.0,0.0,0.0,0.04783623530080866,0.0,0.0,0.0,0.4730371405030652,0.0,0.47912662419612617,0.0,0.0,0.0,0.0,0.0,0.0,0.0,0.0,0.0,0.0,0.0,0.0,0.0,0.0,0.0,0.0,0.0,180.7981368356583,4817.256559338067,519.2512533258787,1060.0326850291426
0.0,0.0,0.0,0.0,0.0,0.0,0.0,0.0,0.39954547060399226,0.0,0.0,0.0,0.0,0.0,0.0,0.047166157181387065,0.0,0.0,0.3609508420858154,0.0,0.0,0.0,0.0,0.0,0.0,0.0,0.0,0.19233753012880536,0.0,0.0,181.1551393175159,7530.75957732813,480.929207579673,988.3787586326209
0.0,0.0,0.5202128133694717,0.0,0.0,0.0,0.0,0.0,0.0,0.0,0.0,0.0,0.1282647675198194,0.0,0.0,0.0,0.0,0.0,0.0,0.0,0.0,0.0,0.0,0.3076959865677747,0.0,0.04382643254293426,0.0,0.0,0.0,0.0,17.496526447849323,5093.513014053734,397.1780478025907,3238.1543940068636
0.0,0.0,0.0,0.0,0.0,0.0,0.0,0.22533828187431254,0.0,0.0,0.0,0.0,0.0,0.14041314284003492,0.0,0.0,0.0,0.046736230787028765,0.0,0.13411111325384262,0.0,0.0,0.0,0.0,0.0,0.0,0.0,0.4534012312447812,0.0,0.0,34.805615364462106,11735.645632426545,609.6903407159396,1206.760327225409
0.0,0.3915053767583319,0.0,0.0,0.0,0.0,0.0,0.0,0.0,0.0,0.0,0.0,0.0,0.0,0.0,0.3505231448481202,0.257971478393548,0.0,0.0,0.0,0.0,0.0,0.0,0.0,0.0,0.0,0.0,0.0,0.0,0.0,56.71990484357564,6966.758997534385,541.1356436978742,1954.9866050163769
0.0,0.0,0.0,0.0,0.5303339962440582,0.0,0.08302248466471399,0.0,0.0,0.0,0.0,0.0,0.0,0.0,0.0,0.0,0.0,0.12459630334896686,0.0,0.0,0.0,0.26204721574226103,0.0,0.0,0.0,0.0,0.0,0.0,0.0,0.0,53.10444913096528,5292.650956531884,747.0401915189647,2212.4146882269424
0.0,0.0,0.0,0.0,0.0,0.0,0.3077080955939952,0.0,0.1275196553930749,0.0,0.0,0.0,0.0,0.0,0.0,0.44946273786236046,0.0,0.0,0.0,0.0,0.0,0.0,0.0,0.0,0.0,0.0,0.11530951115056944,0.0,0.0,0.0,81.65323990002115,8941.550592156538,526.4670664315698,2352.0353879130703
0.0,0.0,0.9091370342226323,0.0,0.0,0.0,0.0,0.0,0.0,0.0,0.0,0.0,0.0,0.0,0.0,0.0,0.0,0.0,0.0,0.0,0.0,0.09086296577736773,0.0,0.0,0.0,0.0,0.0,0.0,0.0,0.0,2.762749156457873,4412.113781012064,283.3610715363267,2810.043051603313
0.312236729942376,0.10330200837788654,0.0,0.0,0.0,0.0,0.0,0.0,0.17978598295656434,0.0,0.0,0.3562702258296993,0.0,0.0,0.0,0.0,0.0,0.0,0.0,0.0,0.0,0.0,0.0,0.0,0.04840505289347374,0.0,0.0,0.0,0.0,0.0,166.24404142934776,5842.333943927263,498.57968412889534,2256.254954048775
0.0,0.0,0.0,0.0,0.0,0.0,0.0,0.0,0.0,0.0,0.0,0.0,0.0,0.0,0.0,0.7853237140543553,0.0,0.0,0.0,0.0,0.0,0.0,0.0,0.0,0.0,0.0,0.0,0.21467628594564458,0.0,0.0,30.932081337116973,8452.114260963213,781.2131336571916,2961.542100046036
0.0,0.0,0.026268543543167367,0.0,0.0,0.0,0.0,0.0,0.2954765119470612,0.0,0.0,0.0,0.08922856657682883,0.0,0.0,0.0,0.0,0.0,0.0,0.1358913525352323,0.0,0.0,0.09590155591844104,0.3572334694792692,0.0,0.0,0.0,0.0,0.0,0.0,88.11768722367509,6733.550977778861,390.58255848431986,2063.4010888605535
0.0,0.0,0.0,0.1428686984439762,0.0,0.0,0.2314785156658155,0.0,0.23115078890183863,0.0,0.0,0.0,0.0,0.0,0.0,0.0,0.0,0.0,0.3528847022431381,0.0,0.0,0.0,0.0,0.0,0.0,0.0,0.0,0.0,0.04161729474523159,0.0,188.57046039328577,6674.589765725235,408.8751791953965,1200.920099145138
0.0,0.0,0.022922604086892374,0.0,0.08437618749391683,0.0,0.0,0.0,0.8006774548669479,0.0,0.0,0.0,0.0,0.0,0.0,0.09202375355224289,0.0,0.0,0.0,0.0,0.0,0.0,0.0,0.0,0.0,0.0,0.0,0.0,0.0,0.0,178.48351688440238,6935.775395639768,332.93731477355993,1511.9970754395579
0.0,0.0,0.0,0.35587786710011804,0.0,0.0,0.0,0.0,0.0,0.0,0.0,0.169322936034556,0.07540051186086937,0.0,0.0,0.0,0.1471533682202269,0.0,0.0,0.0,0.0,0.0,0.2522453167842298,0.0,0.0,0.0,0.0,0.0,0.0,0.0,173.55441114004492,7881.703471916346,387.0220930582027,2339.2238136332703
0.0,0.0,0.0,0.0,0.0,0.0,0.0,0.0,0.0,0.22811202178552148,0.0,0.0,0.0,0.0,0.0,0.12262592532222806,0.0,0.08813841529211562,0.06656228912262577,0.0,0.0,0.0,0.0,0.0,0.2873197171359042,0.0,0.20724163134160486,0.0,0.0,0.0,114.59775159423047,9373.215824828974,393.3640340205469,2348.7450419425804
0.0,0.0,0.0,0.22950898650419807,0.0,0.0,0.09091453141914795,0.0,0.0,0.0,0.3171283584709811,0.0,0.0,0.0,0.2586998043659161,0.0,0.0,0.04993693189186315,0.0,0.0,0.0,0.0,0.0,0.0,0.0,0.0,0.0,0.0,0.05381138734789358,0.0,186.33049047775563,6999.568297056349,625.9617910700931,1994.0425596655189
0.23765761270472327,0.0,0.06584028462366781,0.0,0.0,0.0,0.0,0.0,0.0,0.0,0.0,0.0,0.09328931834469933,0.0,0.0,0.0,0.0,0.0,0.17525197010329,0.0,0.0,0.0,0.1845522758116227,0.0,0.0,0.0,0.0,0.0,0.0,0.24340853841199692,55.39530342059299,7554.458734284051,335.8233926556577,994.0915558858308
0.0,0.0,0.0,0.0,0.0,0.0,0.0,0.0,0.0,0.0,0.0,0.0,0.0,0.0,0.0,0.0,0.0,0.11977732152602974,0.0,0.0,0.0,0.6505196655822839,0.0,0.22970301289168626,0.0,0.0,0.0,0.0,0.0,0.0,52.85528176003223,3728.964891503349,513.8560164465711,2283.1014734319465
0.12318642821032177,0.0,0.0,0.0,0.0,0.0,0.0,0.0,0.3477547394311768,0.0,0.0,0.0,0.3424713317841943,0.0,0.0,0.18658750057430704,0.0,0.0,0.0,0.0,0.0,0.0,0.0,0.0,0.0,0.0,0.0,0.0,0.0,0.0,130.02346879127404,5411.357639189279,336.82146978745834,1553.8645054953292
0.0,0.0,0.0,0.0,0.0,0.0,0.0,0.0,0.11039897221203365,0.0990123667451799,0.0,0.0,0.44960278081622573,0.0,0.0,0.0,0.20176579694998834,0.0,0.0,0.026092642990395258,0.0,0.11312744028617704,0.0,0.0,0.0,0.0,0.0,0.0,0.0,0.0,100.29452564370708,4795.07393688333,300.78320866692695,1277.309978536302
0.0,0.0,0.0,0.0,0.0,0.0,0.0,0.0,0.0,0.4022819089597513,0.0,0.0,0.0,0.0,0.3278760417029556,0.0,0.0,0.0,0.0,0.0,0.0,0.0,0.0,0.0,0.0,0.2698420493372931,0.0,0.0,0.0,0.0,1.9666332754833915,12993.211517446596,596.5063658578302,2320.190651311931
0.2566044200159759,0.0,0.0,0.0,0.0,0.0,0.0,0.0,0.0,0.0,0.0,0.21982366578507143,0.0,0.0,0.0,0.0,0.0,0.5235719141989525,0.0,0.0,0.0,0.0,0.0,0.0,0.0,0.0,0.0,0.0,0.0,0.0,249.0102467698362,3058.5273886537607,610.9635415533469,1444.4294305162243
0.3137818177853635,0.0,0.0,0.0,0.0,0.0,0.0,0.0,0.0,0.0,0.22081687265828304,0.0,0.0,0.0,0.0,0.0,0.0,0.0,0.0,0.0,0.0,0.0,0.0,0.21683868303550438,0.0,0.0,0.0,0.12045383660702895,0.12810878991382013,0.0,67.95238603316895,6747.2640706310185,556.844667294305,1704.2910756592246
0.0,0.0,0.0,0.0,0.0,0.464608215128591,0.31977920354293266,0.0,0.0,0.06363916612304,0.0,0.0,0.02635469908607311,0.0,0.0,0.0,0.0,0.0,0.0,0.0,0.12561871611936326,0.0,0.0,0.0,0.0,0.0,0.0,0.0,0.0,0.0,206.708278887208,6974.782665884325,272.11796916367695,1950.10561687189
0.0,0.0,0.0,0.0,0.0,0.0,0.0,0.0,0.0,0.0,0.0,0.7084714345405304,0.0,0.0,0.0,0.29152856545946954,0.0,0.0,0.0,0.0,0.0,0.0,0.0,0.0,0.0,0.0,0.0,0.0,0.0,0.0,217.7689255968526,5693.61883124562,762.4043897433835,4004.6430517580693
0.018865174064335518,0.0,0.0,0.0,0.0,0.0,0.048068990350366866,0.0,0.0,0.0,0.0,0.0,0.0,0.4670547576708998,0.0,0.0,0.0,0.0,0.24154949303092135,0.22446158488347662,0.0,0.0,0.0,0.0,0.0,0.0,0.0,0.0,0.0,0.0,79.54707665152387,4631.826156394006,417.4703570440237,3389.4207879221613
0.34819175159816634,0.0,0.08782760952136989,0.0,0.0,0.0,0.0,0.0,0.2565090359769705,0.0,0.0,0.0,0.0,0.0,0.0,0.0,0.0,0.0,0.0,0.0,0.0,0.0,0.0,0.3074716029034932,0.0,0.0,0.0,0.0,0.0,0.0,63.589128846867695,4682.417997485137,349.6443104724201,1994.3719219420989
0.0,0.0,0.0,0.0,0.0,0.0,0.0,0.0,0.0,0.0,0.0,0.2614578851244899,0.0,0.0,0.0,0.0,0.0,0.0,0.0,0.0,0.0,0.0,0.0,0.0,0.73854211487551,0.0,0.0,0.0,0.0,0.0,216.8478324902747,5094.992259969078,420.04246321256005,3500.0394797075
0.0,0.0,0.6643896829060731,0.0,0.0,0.0,0.0,0.0,0.0,0.0,0.0,0.0,0.0,0.0,0.0,0.0,0.0,0.3356103170939268,0.0,0.0,0.0,0.0,0.0,0.0,0.0,0.0,0.0,0.0,0.0,0.0,122.26093703723859,4162.189163375234,408.6954625148783,2141.750493432516
0.0,0.0,0.0,0.0,0.0,0.0,0.0,0.0,0.0,0.11492910419541909,0.0,0.0,0.8080052343422771,0.0,0.0,0.0,0.07706566146230369,0.0,0.0,0.0,0.0,0.0,0.0,0.0,0.0,0.0,0.0,0.0,0.0,0.0,89.6074732271676,3808.730754782163,254.04119120581558,968.5753594318177
0.3596748534556491,0.0,0.0,0.0,0.0,0.0,0.0,0.640325146544351,0.0,0.0,0.0,0.0,0.0,0.0,0.0,0.0,0.0,0.0,0.0,0.0,0.0,0.0,0.0,0.0,0.0,0.0,0.0,0.0,0.0,0.0,10.505553484798867,14356.14723050019,140.95885810996842,714.5659338814202
0.0,0.0,0.023845130984709393,0.06485122461284974,0.0,0.0,0.0,0.0,0.0,0.0,0.0,0.0,0.0,0.0,0.35876979103140555,0.0,0.0,0.0,0.0,0.0,0.0,0.09599680675847003,0.0,0.0,0.22675593855046008,0.0,0.0,0.0,0.0,0.22978110806210506,85.34547372133348,6562.996750793396,548.5013969944105,2307.711580447098
0.0,0.0,0.0,0.0,0.06010179160168737,0.0,0.0,0.9398982083983125,0.0,0.0,0.0,0.0,0.0,0.0,0.0,0.0,0.0,0.0,0.0,0.0,0.0,0.0,0.0,0.0,0.0,0.0,0.0,0.0,0.0,0.0,17.32487587266553,18304.270304201866,167.2155441291237,817.5525279892929
0.0,0.0,0.0,0.0,0.0,0.0,0.0,0.0,0.0,0.0,0.0,0.0,0.0,0.2936921649568949,0.0,0.0,0.1815962270824895,0.15769205159563943,0.0,0.0,0.0,0.0,0.0,0.0,0.0,0.0,0.0,0.0,0.3670195563649763,0.0,108.68958870203355,5445.894041510056,453.9443334801146,1955.3254880984603
0.0,0.0,0.230332343430776,0.30021162475488367,0.11151584296139337,0.0,0.0,0.0,0.0,0.0,0.0,0.0,0.0,0.1744204547516659,0.0,0.0,0.0,0.0,0.0,0.0,0.0,0.0,0.0,0.0,0.183519734101281,0.0,0.0,0.0,0.0,0.0,144.48595137965543,4552.801530582246,377.0334590921552,3265.736548480809
0.0,0.0,0.0,0.0,0.0,0.0,0.0,0.0,0.0,0.0,0.0,0.0,0.0,0.0,0.0,0.0,0.06624939675887256,0.0,0.0,0.05807501049122798,0.0,0.0,0.0,0.0,0.2223056826782032,0.0,0.0,0.5736366315873729,0.07973327848432352,0.0,65.25551898231981,9505.688821685655,690.0004954561452,1520.3434369848558
0.0,0.0,0.0,0.0,0.0,0.0,0.0,0.16670804961960575,0.0,0.2891234107533195,0.04920068531401017,0.0,0.0,0.0,0.0,0.0,0.07333599290745599,0.0,0.42163186140560865,0.0,0.0,0.0,0.0,0.0,0.0,0.0,0.0,0.0,0.0,0.0,119.38564384574036,11156.535680178093,386.1078407164759,890.3408811774106
0.0,0.7830887656938834,0.0,0.0,0.0,0.0,0.0,0.0,0.0,0.0,0.0,0.0,0.0,0.0,0.0,0.0,0.0,0.0,0.0,0.2169112343061166,0.0,0.0,0.0,0.0,0.0,0.0,0.0,0.0,0.0,0.0,9.671012516518289,7595.161703539648,360.86716230589315,584.4556638210695
0.0,0.0872103353389211,0.0,0.0,0.0,0.0,0.0,0.0,0.0,0.0,0.25666876387202847,0.0,0.0,0.29404487311534006,0.0,0.0,0.0,0.0,0.0,0.20909270046838244,0.15298332720532795,0.0,0.0,0.0,0.0,0.0,0.0,0.0,0.0,0.0,152.57146026582905,5510.275832626165,503.31821747402887,1708.5123957801886
0.0,0.2216705421444877,0.11576053117715018,0.0,0.0,0.0,0.10441980732394637,0.0,0.0,0.0,0.0,0.0,0.0,0.0,0.0,0.0,0.0,0.0,0.0,0.2604181410042533,0.0,0.0,0.0,0.0,0.15825053567784123,0.0,0.0,0.1394804426723211,0.0,0.0,54.489673680231874,7659.932118901871,438.3528800005397,1478.8675522680876
0.0,0.10002617493827966,0.0,0.0,0.0,0.0,0.0,0.20345467105333082,0.0,0.0,0.0,0.0,0.17539928999687612,0.18708839163061453,0.0,0.0,0.0,0.0,0.0,0.0,0.107606172728208,0.0,0.2264252996526908,0.0,0.0,0.0,0.0,0.0,0.0,0.0,79.1219815207181,12481.205552510302,354.3596752149193,1395.4908746762885
0.0,0.0,0.0,0.0,0.0,0.0,0.0,0.0,0.0,0.067506769627789,0.0,0.0,0.3081931419086193,0.0,0.0,0.0,0.0,0.2122047041988841,0.0,0.0,0.0,0.0,0.26916662721172274,0.0,0.0,0.1429287570529849,0.0,0.0,0.0,0.0,131.94643758559423,10297.216070396813,465.3292123755918,1335.8317473723305
0.0,0.0,0.0,0.0,0.0,0.0,0.36979979820367115,0.0,0.0,0.0,0.0,0.0,0.0,0.0,0.0,0.0,0.0,0.0,0.0,0.0,0.0,0.5001920016467528,0.0,0.0,0.0,0.0,0.13000820014957595,0.0,0.0,0.0,37.98089725943675,7466.65422337357,419.069387399474,1547.7826084244907
0.0,0.0,0.17202333963287228,0.0,0.1410054710769274,0.2669339755123482,0.0,0.0,0.0,0.0,0.0,0.0,0.0,0.0,0.0,0.07817691861424146,0.0,0.0,0.0,0.0,0.0,0.18861829642961583,0.0,0.153241998733995,0.0,0.0,0.0,0.0,0.0,0.0,76.29957061657083,4792.353023624827,526.374862639787,3390.541977568916
0.0,0.0,0.0,0.0,0.6509513291068355,0.0,0.0,0.0,0.0,0.0,0.0,0.0,0.0,0.0,0.0,0.0,0.0,0.0,0.0,0.0,0.0,0.0,0.0,0.3490486708931645,0.0,0.0,0.0,0.0,0.0,0.0,3.399486117963508,4805.520805057953,787.6251576302718,3102.181395463439
0.0,0.0,0.0,0.0,0.0,0.0,0.0,0.0,0.0504313697288737,0.0,0.0,0.0,0.42453879021808255,0.0,0.0,0.0,0.0,0.0,0.0,0.0,0.0,0.5250298400530439,0.0,0.0,0.0,0.0,0.0,0.0,0.0,0.0,45.814734555794345,3344.009692606503,396.03049421132266,1718.849843856307
0.2441544472300679,0.1107927926695223,0.0,0.0,0.0,0.0,0.0,0.0,0.0,0.0,0.0,0.0,0.0,0.0,0.0,0.0,0.24172864699109914,0.23196313095841795,0.0,0.0,0.0,0.09241101977299278,0.0,0.0,0.0,0.0,0.07894996237789988,0.0,0.0,0.0,119.62054077428805,4761.025059304489,389.685429076895,1142.2752668640453
0.0,0.0,0.0,0.0,0.0,0.0,0.0,0.0,0.0,0.0,0.0,0.0,0.7321031220263761,0.0,0.0,0.0,0.0,0.0,0.10727211584314357,0.0,0.0,0.16062476213048027,0.0,0.0,0.0,0.0,0.0,0.0,0.0,0.0,89.26141927149513,3191.4932533331794,277.8354805979142,1120.0623095721105
0.0,0.0,0.0,0.0,0.0,0.0,0.0,0.0,0.0,0.0,0.0,0.6411929293544256,0.0,0.0,0.0,0.0,0.0,0.0,0.0,0.0,0.0,0.0,0.0,0.0,0.0,0.0,0.0,0.0,0.0,0.3588070706455744,179.31232606797312,4554.682787086428,654.1771205289749,2753.498479318271
0.0,0.0,0.45759804933834036,0.0,0.0,0.0,0.0,0.0,0.0,0.08738775511777375,0.0,0.0,0.0,0.0,0.0,0.0,0.0,0.0,0.0,0.0,0.45501419554388584,0.0,0.0,0.0,0.0,0.0,0.0,0.0,0.0,0.0,150.43061120807337,6788.057510580327,313.53360538962863,1828.1823943736797
0.08833367238754053,0.14194924746289098,0.0,0.0,0.0,0.0,0.06407914010329978,0.0,0.0,0.0,0.0,0.0,0.0,0.0,0.0,0.0,0.12741774923295612,0.0,0.0,0.0,0.0,0.4435627122879563,0.0,0.0,0.0,0.13465747852535634,0.0,0.0,0.0,0.0,35.12933195599181,6434.048339898952,509.3879631598563,1945.157671990062
0.0,0.0,0.0,0.0,0.0,0.0,0.0,0.0,0.0,0.0,0.0,0.723874509161489,0.0,0.0,0.0,0.0,0.0,0.0,0.0,0.0,0.0,0.0,0.0,0.0,0.2761254908385111,0.0,0.0,0.0,0.0,0.0,263.9787983025414,4849.628320671508,638.8477353806628,3813.6372562365505
0.0,0.0,0.3942776483888388,0.3772548175486297,0.0,0.0,0.0,0.0,0.0,0.0,0.0,0.0,0.0,0.0,0.0,0.0,0.0,0.0,0.0,0.0,0.22846753406253154,0.0,0.0,0.0,0.0,0.0,0.0,0.0,0.0,0.0,175.3092448746648,4559.069534499267,252.75699308209354,2524.227911419524
0.0,0.0,0.0,0.0,0.0,0.0,0.0,0.0,0.0,0.0,0.0,0.0,0.0,0.0,0.0,0.0,0.0,0.0,0.4208720431575337,0.0,0.16544435994684406,0.0,0.0,0.0,0.0,0.4136835968956222,0.0,0.0,0.0,0.0,142.65908243256283,9391.341708784626,531.0947593691474,2049.5045388958956
0.0,0.0,0.0,0.0,0.0,0.0,0.0,0.0,0.0,0.0,0.0,0.0,0.0,0.0,0.0,0.0,0.0,0.0,0.0,0.0,0.30804742870266855,0.0,0.0,0.0,0.0,0.0,0.383548254212,0.0,0.0,0.0,130.49101284787005,8557.365069266654,246.07177453600917,1125.1654842067446
0.0,0.0,0.0,0.16293922599940985,0.0,0.0,0.0,0.0,0.0,0.0,0.0,0.0,0.15391180842039762,0.0,0.0,0.0,0.0,0.6831489655801927,0.0,0.0,0.0,0.0,0.0,0.0,0.0,0.0,0.0,0.0,0.0,0.0,277.52979882737856,2536.890147621664,451.03391841542856,1018.2290821299529
0.0,0.0,0.0,0.0,0.8161775291671073,0.0,0.0,0.0,0.0,0.0,0.0,0.0,0.0,0.0,0.0,0.0,0.0,0.0,0.0950345899112134,0.0,0.0,0.0,0.0887878809216792,0.0,0.0,0.0,0.0,0.0,0.0,0.0,19.327020549325812,6695.776568790172,829.533334882427,2396.8406942829947
0.10707376005878667,0.0,0.0,0.0,0.0,0.0,0.0,0.0,0.08733912543745394,0.0,0.07800021262836983,0.0,0.0,0.0,0.0,0.0,0.0,0.0,0.0,0.0,0.0,0.0,0.0,0.15827864010969186,0.0,0.0,0.028119452540256076,0.0,0.0,0.07195495016668763,90.72444817041729,5144.2818975128985,467.4321066264783,1912.8943375797028
0.0,0.09844399223491335,0.0,0.0,0.0,0.0,0.12525734003319436,0.0,0.0,0.0,0.0,0.0,0.0,0.32745859740656136,0.0,0.0,0.0,0.0,0.0756524282928069,0.0,0.0,0.0,0.37318764203252397,0.0,0.0,0.0,0.0,0.0,0.0,0.0,67.85809764131754,12169.32511422205,490.69365611941066,1768.219680305213
0.0,0.0,0.0,0.0,0.0,0.0,0.0,0.0,0.0,0.0,0.0,0.0,0.0,0.0,0.0,0.0,0.0,0.0,0.0,0.35396387030115806,0.0,0.0,0.0,0.0,0.646036129698842,0.0,0.0,0.0,0.0,0.0,152.2778408030672,4835.745118017196,259.7099650489267,2337.3671843233005
0.0,0.0,0.0898984109742246,0.0,0.0,0.0,0.0,0.0,0.0,0.18146627170025534,0.36812744392653707,0.0,0.0,0.0,0.0,0.0,0.0644779490630569,0.0,0.0,0.0,0.0,0.2614828810768284,0.0,0.0,0.0,0.0,0.0,0.034547043259097646,0.0,0.0,121.85246822561561,6985.822268344138,595.1396802095087,1771.99308184837
0.0,0.0,0.0,0.28365150870129247,0.0,0.0,0.0,0.0,0.15071001662095462,0.3153605950588365,0.0,0.0,0.0,0.0,0.0,0.0,0.0,0.0,0.0,0.0,0.0,0.0,0.0,0.080758281876701,0.0,0.16951959774221542,0.0,0.0,0.0,0.0,116.11328920904234,10833.218018060526,379.9143302397268,2344.7102568770683
0.0,0.0,0.19951417303927033,0.0,0.0,0.0,0.0,0.0,0.0,0.0,0.0,0.13678389196883114,0.0,0.0,0.0,0.0,0.0,0.18804490784291,0.0,0.0,0.0,0.0,0.0,0.38988774548012667,0.0,0.04447691450195847,0.041292367166903314,0.0,0.0,0.0,112.02146891337172,5038.022650376633,556.2429219200088,3340.2244427853966
0.0,0.0,0.0,0.0,0.0,0.0,0.0,0.0,0.0,0.3323755784834581,0.0,0.0,0.0,0.0,0.0,0.0,0.08189879196313418,0.10302748594937099,0.0,0.0,0.0,0.48269814360403684,0.0,0.0,0.0,0.0,0.0,0.0,0.0,0.0,49.87463141880408,6748.802204753587,441.8871741844344,1604.8314501774266
0.14456115019119897,0.3874163335832822,0.0,0.0,0.0,0.0,0.0,0.0,0.0,0.0,0.0,0.0,0.0,0.0,0.0,0.0,0.0,0.0,0.0,0.38114990862833636,0.0,0.0,0.0,0.0,0.08687260759718252,0.0,0.0,0.0,0.0,0.0,22.893016011444956,6111.148160543832,314.47209943174045,819.3414946540214
0.0,0.0,0.0,0.09641828169890786,0.0,0.0,0.0,0.2710450757516044,0.0,0.0,0.0,0.0,0.0,0.08616757367166165,0.0,0.0,0.0,0.13747429325685867,0.0,0.0,0.0,0.0,0.0,0.0,0.0,0.11701913104154425,0.2918756445794233,0.0,0.0,0.0,95.20272155930289,12969.413347076468,360.0067719066308,1938.449187007624
0.0,0.0,0.0,0.0,0.0,0.0,0.0,0.0,0.0,0.0,0.0,0.0,0.0,0.0,0.0,0.0,0.0,0.0,0.0,0.0,0.0,0.0,0.0,0.6724532849759682,0.0,0.0,0.0,0.0,0.0,0.3275467150240317,4.4591805252102565,3944.071449432841,458.6388826480342,2700.648033735966
0.0,0.0,0.0,0.0,0.0,0.0,0.0,0.0,0.0,0.0,0.4470578588063951,0.0,0.0,0.2473393918644456,0.0,0.0,0.0,0.0,0.11263990795450553,0.0,0.0,0.0,0.06032480186247239,0.0,0.0,0.0,0.0,0.0,0.0,0.1326380395121814,166.26638023030424,6484.909772879602,634.6601952029088,1674.2738908079293
0.0,0.0,0.0,0.0,0.0,0.20149827754228705,0.0,0.0,0.0,0.0,0.0,0.0,0.0,0.0,0.0,0.0,0.0,0.0,0.0,0.0,0.0,0.26310262955791175,0.1167190148189202,0.0,0.0,0.0,0.0,0.0,0.0,0.4186800780808808,63.91516917909663,6582.326406484121,355.48900668578256,1631.181652111339
0.0,0.0,0.0,0.0,0.0,0.19641810864597423,0.0,0.0,0.0,0.0,0.0,0.0,0.0,0.0,0.30434403139956634,0.3386086628226137,0.0,0.0,0.0,0.0,0.06908862304470965,0.0,0.0,0.0,0.0,0.0,0.0,0.09154057408713603,0.0,0.0,100.54579834066625,7839.349087196316,686.9298882240282,2983.210302760258
0.0,0.0,0.0,0.0,0.0,0.0,0.0,0.0,0.4321129546596463,0.0,0.0,0.08250944803033249,0.06679097104879536,0.0,0.0,0.0,0.0,0.0,0.41858662626122584,0.0,0.0,0.0,0.0,0.0,0.0,0.0,0.0,0.0,0.0,0.0,219.64178925446632,5842.621094760043,442.27028705715423,1133.1028011414965
0.0,0.0,0.0,0.29278746154322294,0.0,0.0,0.0,0.0,0.0,0.0938864523918085,0.0,0.0,0.21827335860353925,0.0,0.0,0.0,0.0,0.0,0.31988119147694716,0.0,0.0,0.07517153598448212,0.0,0.0,0.0,0.0,0.0,0.0,0.0,0.0,168.29076045279416,5577.20582008447,350.8089855983176,1517.4206067159612
0.0,0.0,0.0,0.0,0.0,0.0,0.0,0.0,0.0,0.0,0.0,0.0,0.0,0.0,0.0,0.6566874540965156,0.0,0.0,0.0,0.0,0.0,0.34331254590348437,0.0,0.0,0.0,0.0,0.0,0.0,0.0,0.0,24.636953563790446,6473.2630482269415,680.6490964319173,3243.2832275799096
0.0,0.0,0.0,0.0,0.0,0.0,0.0,0.0,0.0,0.0,0.0,0.0,0.1723397220889061,0.0,0.0,0.0,0.0,0.0,0.0,0.0,0.0,0.0,0.0,0.0,0.0,0.0,0.0,0.6609314490446166,0.16672882886647725,0.0,18.395759843625036,10361.320519365696,700.1644986401491,1054.7959068789833
0.0,0.0,0.0,0.0,0.0,0.0,0.0,0.0,0.0,0.0,0.0,0.0,0.0,0.0,0.5144107134896467,0.0,0.0,0.0668750571474588,0.0,0.0,0.0,0.0,0.0,0.15858859269284506,0.0,0.0,0.0,0.0,0.26012563667004934,0.0,33.17420488081212,7429.4203861743745,694.8979256249727,2231.508112151493
0.0,0.0,0.0,0.6229926670350062,0.0,0.0,0.0,0.0,0.0,0.0,0.0,0.0,0.0,0.0,0.0,0.0,0.0,0.0,0.0,0.0,0.0,0.0,0.0,0.0,0.0,0.0,0.3770073329649937,0.0,0.0,0.0,156.46590983381444,6577.743989240652,138.2962338952391,2500.1479257623755
0.0,0.017577551753361908,0.0,0.0,0.0,0.0,0.0,0.0,0.0,0.0,0.0,0.2560327302637105,0.0,0.3402058992754303,0.0,0.0,0.0,0.0,0.0,0.0,0.0,0.0,0.0,0.0,0.0,0.06251239887526917,0.1548080298761208,0.1688633899561073,0.0,0.0,104.2486242064347,7198.006237379442,706.6538281410839,3039.0523758582935
0.0,0.0,0.0,0.0,0.0,0.0,0.0,0.0,0.0,0.0,0.0,0.0,0.32557654488117826,0.0,0.0,0.0,0.0,0.0,0.0,0.0,0.0,0.05892051992015608,0.0,0.0,0.0,0.0,0.6155029351986657,0.0,0.0,0.0,31.80116029074205,8532.185253586096,229.0095912277878,1405.812944860406
0.0,0.0,0.0,0.0,0.0,0.0,0.2584484311665216,0.0,0.0,0.0,0.0,0.0,0.0,0.0,0.0,0.0,0.0,0.0,0.0,0.0,0.7415515688334785,0.0,0.0,0.0,0.0,0.0,0.0,0.0,0.0,0.0,249.3315347854772,6993.573523966873,324.3106017638076,780.2289690519696
0.0,0.0,0.0,0.0,0.0,0.0,0.0,0.10287220481905876,0.0,0.0,0.0,0.0,0.22114662147668376,0.0,0.08689199897573094,0.0,0.1205877713077774,0.0,0.0,0.35511839519944205,0.0,0.0,0.0,0.0,0.0,0.0,0.11338300822130706,0.0,0.0,0.0,42.323654244260844,6737.773459721244,268.8103455627836,1285.048645434335
0.0,0.0,0.0,0.0,0.11760729285273304,0.0,0.09987087965799331,0.0,0.29457282473640434,0.0,0.0,0.0,0.0,0.0,0.0,0.0,0.0,0.0,0.0,0.0,0.1400115785801896,0.0,0.0,0.0,0.09355082919663844,0.0,0.0,0.0,0.25438659497604116,0.0,160.54462924660433,7573.7386733026215,406.0549371241464,1672.6098026307181
0.0,0.0,0.0,0.0,0.3104951436151019,0.0,0.0,0.0,0.13969660529570566,0.053116152717498935,0.0,0.0,0.0,0.0,0.19791533468203337,0.0,0.0,0.0,0.0,0.0,0.0,0.0,0.14279148384537735,0.0,0.15598527984428287,0.0,0.0,0.0,0.0,0.0,84.22741096055539,9289.962541846904,668.6676883489747,2280.9525271203115
0.0,0.0,0.0,0.8412500035040603,0.0,0.0,0.0,0.0,0.0,0.0,0.0,0.0,0.0,0.0,0.15874999649593954,0.0,0.0,0.0,0.0,0.0,0.0,0.0,0.0,0.0,0.0,0.0,0.0,0.0,0.0,0.0,201.53940947343077,4287.981904965347,229.54676072202957,2585.6347185307486
0.19313897007304234,0.09888412512817919,0.0,0.0,0.0,0.0,0.4806222017706049,0.0,0.0,0.0,0.0,0.0,0.0,0.0,0.0,0.0,0.0,0.0,0.0,0.0,0.0,0.0,0.0,0.0,0.0,0.0,0.0,0.0,0.09384249588617087,0.13351220714200276,57.84570156911564,7802.3016621429915,351.16304067123735,932.6560891129222
0.0,0.0,0.0,0.26402788417765355,0.0,0.0,0.0,0.0,0.0,0.0,0.0,0.0,0.0,0.0,0.6959056874834959,0.0,0.0,0.0,0.04006642833885031,0.0,0.0,0.0,0.0,0.0,0.0,0.0,0.0,0.0,0.0,0.0,72.29778207270884,7321.771061911695,660.5876882634492,2273.830664173276
0.0,0.0,0.10167922593995488,0.0,0.0,0.0,0.0,0.16006893948883202,0.0,0.0,0.0,0.0,0.0,0.0,0.21675483502397092,0.0,0.0,0.241346153982788,0.0,0.0,0.0,0.0,0.0,0.0,0.0,0.027394205621076514,0.2527566399433777,0.0,0.0,0.0,94.64588383517335,9820.336688647494,491.17215756766296,1881.6122800975054
0.0,0.1940300657543891,0.0,0.0,0.0,0.0,0.0,0.0,0.0,0.8059699342456109,0.0,0.0,0.0,0.0,0.0,0.0,0.0,0.0,0.0,0.0,0.0,0.0,0.0,0.0,0.0,0.0,0.0,0.0,0.0,0.0,7.670584364933097,13168.53019158279,290.8058288344682,814.2457841936489
0.0,0.0,0.0,0.025759828584681576,0.0,0.0,0.0,0.0,0.0,0.0,0.0,0.0,0.0,0.0,0.0,0.624593713864855,0.0,0.0,0.0,0.0,0.0,0.0,0.34964645755046353,0.0,0.0,0.0,0.0,0.0,0.0,0.0,45.62689067572831,,657.1471129204966,2742.4667776286606
0.0,0.0,0.0,0.0,0.32816874719414396,0.0,0.23498003770467826,0.12621613826251216,0.0,0.0,0.0,0.0,0.0,0.0,0.0,0.0,0.0,0.0,0.0,0.0,0.0,0.0,0.0,0.0,0.0,0.06004908632731209,0.0,0.25058599051135344,0.0,0.0,28.32687972053618,11510.354296707792,701.0446638793105,1878.9426565089882
0.0,0.0,0.0,0.0,0.0,0.0,0.16327416454387125,0.0,0.0,0.0,0.0,0.0,0.0,0.0,0.0,0.0,0.1453848147908007,0.0,0.0,0.0,0.0,0.0,0.0,0.0,0.0,0.6913410206653281,0.0,0.0,0.0,0.0,39.2033270206915,13066.602863318485,611.0686148501753,2960.27605685716
0.0,0.25734331444216424,0.40287843217988784,0.0,0.0,0.07072428547165793,0.0,0.0,0.0,0.0,0.0,0.0,0.0,0.0,0.14318893071037134,0.0,0.0,0.0,0.0,0.0,0.0,0.0,0.0,0.0,0.0,0.0,0.0,0.0,0.12586503719591866,0.0,22.89841373597355,7166.293538963166,454.20566111911535,2099.4824668676692
0.0,0.24727995308457362,0.0,0.0,0.0,0.0,0.0,0.0,0.0,0.0,0.0,0.0,0.0,0.0,0.0,0.0,0.0,0.0,0.0,0.0,0.0,0.0,0.0,0.0,0.0,0.0,0.7527200469154264,0.0,0.0,0.0,4.617485367932139,10080.183416607611,238.35859445340782,1398.6495872078283
0.0,0.0,0.21192878062003753,0.0,0.0,0.0,0.0,0.0,0.0,0.037139454302294934,0.0,0.42959026132021466,0.0,0.0,0.0,0.0,0.0,0.0,0.0,0.0,0.0,0.16073146220180015,0.0,0.0,0.0,0.0,0.0,0.0,0.0,0.1606100415556528,150.51934719309668,5292.125058476597,604.1722535616653,3093.460094594731
0.0,0.0,0.0,0.0,0.0,0.0,0.0,0.0,0.0,0.0,0.0,0.0,0.0,0.0,0.0,0.0,0.0,0.0,0.0,0.0,0.0,0.6237560499197616,0.0,0.0,0.3762439500802385,0.0,0.0,0.0,0.0,0.0,82.12618267403725,3901.1600837589513,420.6990712894381,2351.3067946030205
0.0,0.0,0.0,0.4231278320611527,0.0,0.0,0.0,0.0,0.0,0.0,0.0,0.0,0.0,0.0,0.21679237397775225,0.0,0.0,0.0,0.3600797939610951,0.0,0.0,0.0,0.0,0.0,0.0,0.0,0.0,0.0,0.0,0.0,173.31323811884178,5319.38965470225,430.60330509782716,1923.922636920116
0.0,0.0,0.0,0.0,0.0,0.0,0.14858348871461263,0.4300266166447602,0.0,0.0,0.0,0.0,0.0,0.0,0.0,0.0,0.2509832100826406,0.0,0.0,0.0,0.0,0.0,0.0,0.17040668455798677,0.0,0.0,0.0,0.0,0.0,0.0,64.58445938735721,11854.76012630638,300.4597284048109,1547.712117369205
0.3254856054762578,0.0,0.0,0.0,0.0,0.0,0.0,0.0,0.0,0.0,0.0,0.21375293543206486,0.0,0.0,0.0,0.09474740954782747,0.0,0.0,0.0,0.0,0.0,0.0,0.0,0.0,0.0,0.051116870273393476,0.31489717927045624,0.0,0.0,0.0,73.20161222851839,7282.719742546089,408.97801717819686,2264.62223022848
0.0,0.0,0.0,0.0,0.0,0.0,0.0,0.0,0.0,0.0,0.0,0.0,0.0,0.0,0.0639057870368995,0.0,0.0,0.0,0.0,0.9360942129631006,0.0,0.0,0.0,0.0,0.0,0.0,0.0,0.0,0.0,0.0,3.474808475721085,4213.881154768025,227.04251187716906,804.7746720504495
0.0,0.0,0.0,0.0,0.18411919538813604,0.0,0.0,0.0,0.0,0.0,0.0,0.0,0.0,0.0,0.0,0.5827116937830997,0.0,0.0,0.0,0.0,0.0,0.23316911082876424,0.0,0.0,0.0,0.0,0.0,0.0,0.0,0.0,29.70313411290756,6508.726017301112,808.7086706289961,3437.4825703861184
0.3279908779587963,0.0,0.04176805294215375,0.1865896329172524,0.0,0.0,0.1563492475352773,0.0,0.0,0.0,0.0,0.0,0.0,0.0,0.12124490081141731,0.0,0.16605728783510304,0.0,0.0,0.0,0.0,0.0,0.0,0.0,0.0,0.0,0.0,0.0,0.0,0.0,98.31882033438927,5821.369087994413,348.5202873254266,1756.5764416812467
0.0,0.0,0.43992571628411564,0.0,0.0,0.0,0.0,0.0887006461521149,0.0,0.0,0.0,0.0,0.0,0.30123539373387587,0.0,0.0,0.0,0.0,0.0,0.0,0.0,0.0,0.0,0.0,0.0,0.0,0.0,0.0,0.17013824382989354,0.0,21.37361476889014,7468.774293370772,354.50524036255183,3143.526235954486
0.0,0.0,0.0,0.4203545555207889,0.0,0.0,0.0,0.0,0.0,0.0,0.0,0.0,0.0,0.0,0.0,0.0,0.0,0.0,0.0,0.0,0.0,0.5796454444792112,0.0,0.0,0.0,0.0,0.0,0.0,0.0,0.0,97.55547580058366,3687.4148475397124,356.999412424219,2300.5057888669194
0.0,0.0,0.0,0.0,0.0,0.0,0.0,0.0,0.16642017404102005,0.0,0.0,0.0,0.0,0.0,0.0,0.0,0.0,0.0,0.0,0.0,0.83357982595898,0.0,0.0,0.0,0.0,0.0,0.0,0.0,0.0,0.0,264.7765006529543,5734.5782937851955,279.49934768246436,751.4051094798214
0.0,0.29458985999523885,0.49634715206523716,0.0,0.0,0.0,0.0,0.0,0.0,0.0,0.0,0.0,0.0,0.0,0.0,0.0,0.0,0.20906298793952394,0.0,0.0,0.0,0.0,0.0,0.0,0.0,0.0,0.0,0.0,0.0,0.0,83.20533685005448,5871.230951381791,393.7408996156142,1658.768213670695
0.0,0.0,0.0,0.0,0.0,0.0,0.0,0.0,0.0,0.0,0.0,0.0,0.0,0.0,0.4950188475674514,0.0,0.0,0.0,0.0,0.0,0.0,0.0,0.0,0.0,0.0,0.0,0.0,0.0,0.0,0.5049811524325485,6.249792194537578,6582.280471591846,523.0074779426967,1641.4106581688436
0.0,0.0,0.0,0.0,0.0,0.0,0.0,0.0,0.06449483104774975,0.21528958419619618,0.0,0.0,0.2342087110486162,0.14586421058121798,0.0,0.0,0.0,0.0,0.0,0.0,0.0,0.0,0.0,0.27837838188030334,0.0,0.0,0.0,0.061764281245916666,0.0,0.0,53.333692092056204,6747.971305409111,439.63424472855286,2319.323336105134
0.0,0.0,0.2744256979024316,0.08837047502342571,0.0,0.0,0.23298264790117973,0.0,0.0,0.0,0.0,0.1515013368391091,0.0,0.0,0.0,0.0,0.0,0.0,0.0,0.0,0.0,0.0,0.0,0.026595424882212178,0.0,0.0,0.0,0.2261244174516418,0.0,0.0,106.73996886578549,8001.71886772062,574.9556236818936,2441.963561322155
0.12593863685258666,0.0,0.0,0.0,0.0,0.0,0.0,0.4394632076022806,0.0,0.0,0.0,0.0,0.0,0.0,0.0,0.0,0.0,0.0,0.0,0.3043652215582977,0.0,0.0,0.0,0.0,0.0,0.0,0.0,0.130232933986835,0.0,0.0,11.96139471916149,12231.143414910508,269.5235716984159,862.3838254171524
0.0,0.0,0.0,0.0,0.0,0.19799872597769216,0.0,0.0,0.0,0.0,0.0,0.0,0.0,0.0,0.0,0.0,0.0,0.0,0.0,0.0,0.2515630924046317,0.0,0.0,0.0,0.0,0.11681538979498889,0.4336227918226872,0.0,0.0,0.0,132.73651511209115,9566.715209593836,286.88172561184274,2083.1473467479755
0.26392014943637443,0.0,0.19981530253803212,0.0,0.0,0.05164610368414366,0.0,0.0,0.0,0.0,0.0,0.0,0.0,0.0,0.0,0.10433397823756499,0.0,0.0,0.11395336711624905,0.0,0.2663310989876358,0.0,0.0,0.0,0.0,0.0,0.0,0.0,0.0,0.0,146.37719231280784,5186.149697937155,367.394188813037,1763.0007728616265
0.0,0.0,0.0,0.0,0.0,0.0,0.0,0.0,0.0,0.0,0.0,0.0,0.0,0.0,0.0,0.0,0.2233789480913828,0.3755687673481282,0.0,0.0,0.039049771687021985,0.05489010534750109,0.0,0.0,0.0,0.0,0.0,0.0,0.30711240752596597,0.0,199.3595808895754,4858.957019719711,493.94473219580846,1183.6240862580455
0.0,0.0,0.0,0.0,0.0,0.0,0.0,0.0,0.0,0.0,0.0,0.0,0.7245377141578246,0.0,0.0,0.0,0.0,0.0,0.0,0.0,0.0,0.0,0.0,0.0,0.0,0.0,0.27546228584217547,0.0,0.0,0.0,69.71256917275394,4774.706047594814,209.09045677593974,1218.38798525044
0.0,0.0,0.0,0.0,0.0,0.0,0.0,0.0,0.40261656996976186,0.0,0.0,0.0,0.0,0.0,0.0,0.0,0.0,0.0,0.0,0.0,0.0,0.0,0.5973834300302382,0.0,0.0,0.0,0.0,0.0,0.0,0.0,106.12081937620366,12565.236805764573,327.60748179898934,882.6478620123788
0.24173186074942846,0.0,0.0,0.0,0.0,0.14826013343665323,0.0,0.0,0.0,0.0,0.0,0.0,0.0,0.012801284365277788,0.0,0.0,0.0,0.0,0.0,0.0,0.0,0.0,0.0,0.0,0.12627433649561215,0.0,0.0,0.36872418715773886,0.0,0.10220819779528958,74.54617696374295,7667.377864324371,543.8554832032775,1641.6196034762486
0.0,0.0,0.0,0.0,0.0,0.0,0.3448706750643731,0.0,0.0,0.0,0.26776842136268053,0.0,0.0,0.0,0.0,0.0,0.0,0.0,0.0,0.0,0.0,0.21971493149073887,0.0,0.0,0.0,0.16764597208220758,0.0,0.0,0.0,0.0,111.69544281289045,8733.524891318275,621.1317673685,1862.0641299042302
0.07336785520746834,0.0,0.0,0.0,0.0,0.0,0.0,0.0,0.0,0.0,0.0,0.0,0.0,0.0,0.42450041913566183,0.0,0.0,0.0,0.0,0.0,0.5021317256568698,0.0,0.0,0.0,0.0,0.0,0.0,0.0,0.0,0.0,164.91360399288766,7086.873782090915,519.4016179065051,1480.8965517649892
0.0,0.0,0.0,0.0,0.0,0.0,0.15928288761931048,0.0,0.0,0.0,0.0,0.0,0.0,0.5361701481024241,0.0,0.0,0.0,0.0,0.24144432127141216,0.0,0.0,0.0,0.0,0.0,0.0,0.0,0.0,0.06310264300685325,0.0,0.0,89.2702414945017,5734.015447821664,498.6494522260542,2274.1687721477183
0.0,0.0,0.0,0.19649293503901114,0.0,0.09408202589375698,0.0,0.0,0.0,0.0,0.0,0.0,0.0,0.0,0.0,0.0,0.0,0.0,0.13646211695973118,0.0,0.0,0.0,0.0,0.0,0.0,0.0,0.0,0.5729629221075007,0.0,0.0,100.46498859631079,8845.885733741323,619.1850582909763,1620.5008061454078
0.0,0.0,0.0,0.0,0.0,0.0,0.0,0.0,0.5410835027736267,0.0,0.0,0.0,0.0,0.0,0.0,0.0,0.0,0.1329517971747109,0.0,0.0,0.0,0.0,0.3259647000516623,0.0,0.0,0.0,0.0,0.0,0.0,0.0,177.87703457612326,10402.991347661507,344.50606698646953,937.4650169274388
0.0,0.0,0.0,0.0,0.0,0.0,0.2683921723044041,0.0,0.0,0.0,0.24365237838836476,0.0,0.0,0.0,0.0,0.0,0.0,0.1374240658220108,0.0,0.1903175294650542,0.0,0.0,0.0,0.0,0.0,0.1602138540201661,0.0,0.0,0.0,0.0,153.37560466149836,8256.852072585503,567.3692027940237,1455.044500486064
0.0,0.0,0.0,0.2106791766051194,0.0,0.0,0.0,0.0,0.0,0.0,0.0,0.0,0.0,0.3102226456714138,0.0,0.0,0.0,0.0,0.0,0.0,0.0,0.0,0.0,0.47909817772346674,0.0,0.0,0.0,0.0,0.0,0.0,74.51204351910735,3964.335717055592,445.8823794943025,3429.7339925770607
0.0,0.0,0.0,0.0,0.07240777989733688,0.0,0.0,0.0395735023798275,0.2837241243309582,0.0,0.0,0.0,0.0,0.0,0.0,0.0,0.31441111844539604,0.0,0.0,0.0,0.0,0.0,0.11114133339113273,0.17874214155534868,0.0,0.0,0.0,0.0,0.0,0.0,121.36543594762898,7572.086571943531,439.7695926090092,2036.6043085944684
0.0,0.0,0.0,0.0,0.0,0.0,0.019583460148704514,0.0,0.0,0.0,0.0,0.2529385899170281,0.11035083797132146,0.0,0.0,0.0,0.0,0.0,0.3851836015780253,0.0,0.0,0.0,0.0,0.0,0.0,0.2319435103849204,0.0,0.0,0.0,0.0,173.60766687978,6944.491125528508,664.1998673968935,2461.3092163956762
0.0,0.0,0.0,0.0,0.0,0.0,0.0,0.0,0.49988709839261175,0.0,0.0,0.0,0.0,0.0,0.0,0.0,0.0,0.0,0.0,0.0,0.0,0.0,0.5001129016073884,0.0,0.0,0.0,0.0,0.0,0.0,0.0,131.09672190003897,12242.790370171313,345.64635677267404,952.6794372921493
0.0,0.0,0.0,0.0,0.6623238012935844,0.0,0.0,0.0,0.0,0.0,0.0,0.0,0.0,0.0,0.0,0.0,0.0,0.0,0.0,0.0,0.0,0.3376761987064155,0.0,0.0,0.0,0.0,0.0,0.0,0.0,0.0,0.2269435240807125,4746.827572395417,766.0598769396977,2463.3662207998586
0.27379922541989704,0.0,0.0,0.0,0.0,0.0,0.0,0.0,0.0,0.0,0.0,0.0,0.0,0.0,0.0,0.0,0.0,0.0,0.08306516083824617,0.096739821819134,0.0,0.18672498489334854,0.0,0.0,0.15860569518130777,0.0,0.0,0.0,0.0,0.20106511184806647,56.73285138106235,4633.399585143488,351.7310612348457,1538.1802590084994
0.0,0.0,0.0,0.0,0.0,0.24584042945273044,0.0,0.0,0.0,0.0,0.0,0.0,0.0,0.0,0.0,0.0,0.0,0.0,0.31846740200666945,0.0,0.0,0.4356921685406001,0.0,0.0,0.0,0.0,0.0,0.0,0.0,0.0,136.1313395992721,4194.935085156217,421.85253429157933,2004.6752890285968
0.0,0.0,0.0,0.2885267311475177,0.0,0.0,0.0,0.26504882748575803,0.23941330796869495,0.0,0.0,0.0,0.0,0.0,0.0,0.0,0.0,0.0,0.0,0.1339315529017835,0.0,0.0,0.0,0.0,0.0,0.0,0.0,0.07307958049624567,0.0,0.0,145.43824708598336,10132.36529435283,260.7723121107137,1542.874736371669
0.0,0.2582483702691855,0.0,0.0,0.537270262011653,0.0,0.2044813677191616,0.0,0.0,0.0,0.0,0.0,0.0,0.0,0.0,0.0,0.0,0.0,0.0,0.0,0.0,0.0,0.0,0.0,0.0,0.0,0.0,0.0,0.0,0.0,26.334216910816195,6897.955107746517,693.7882015280343,1780.3510290204647
0.0,0.33425406941023983,0.0,0.15288991748682731,0.0,0.0,0.0,0.0,0.0,0.0,0.0,0.0,0.0,0.0,0.0,0.0,0.0,0.0,0.0,0.0,0.0,0.2237863114291833,0.17249437653357283,0.0,0.1165753251401767,0.0,0.0,0.0,0.0,0.0,87.50943104522933,8867.115496748747,447.5947922525128,1846.51393348233
0.0,0.0,0.0,0.0,0.0,0.0,0.0,0.0,0.0,0.09149696936410415,0.0,0.0,0.0,0.0,0.36442139540125784,0.0,0.0,0.0,0.0,0.0,0.0,0.0,0.0,0.0,0.544081635234638,0.0,0.0,0.0,0.0,0.0,119.74875956120235,7348.541141346395,498.817532286116,2848.419854415993
0.0,0.0,0.3622196984992038,0.0,0.0,0.0,0.0,0.05422864220940153,0.0,0.0,0.0,0.3147616180991167,0.0,0.0,0.0,0.0,0.0,0.0,0.0,0.0,0.0,0.0,0.0,0.0,0.0,0.10572124348697935,0.012705840304181485,0.150362957401117,0.0,0.0,103.2696820633111,8329.2622430074,636.466562964366,3274.22219256143
0.0,0.0,0.0,0.0,0.23468453917509893,0.0,0.0,0.0,0.0,0.1538122183980762,0.0,0.0,0.0,0.0,0.13016309230092155,0.0,0.0,0.0,0.0,0.18855492162947052,0.0,0.0,0.29278522849643274,0.0,0.0,0.0,0.0,0.0,0.0,0.0,12.739224336502687,11565.447760865518,556.4469450641175,1539.1985188398119
0.0,0.0,0.0,0.0,0.0,0.0,0.0,0.0,0.0,0.4860750327588566,0.0,0.07638851179511172,0.0,0.0,0.0,0.0,0.0,0.0,0.0,0.0,0.0,0.0,0.0,0.0,0.335645004765275,0.10189145068075678,0.0,0.0,0.0,0.0,104.82685016037976,11056.932127963526,381.5052794861876,2109.45628655149
0.0,0.0,0.0,0.0,0.10125595715967826,0.0,0.0,0.0,0.0,0.0,0.0,0.474457381955757,0.0,0.0,0.2475595941981686,0.0,0.0,0.0,0.0,0.0,0.0,0.0,0.0,0.0,0.0,0.0,0.17672706668639604,0.0,0.0,0.0,145.364074790865,7623.848693362814,746.6931658498195,3051.4032250738987
0.0782948535642444,0.0,0.0,0.0,0.0,0.0,0.0,0.0,0.43756831542767527,0.0,0.0,0.07608977658130676,0.0,0.0,0.0,0.0,0.07635745113849686,0.0,0.0,0.0,0.25285129343479723,0.0,0.0,0.0,0.0,0.0,0.07883830985347962,0.0,0.0,0.0,241.84208209342444,6340.200915849228,311.9845504272302,1334.4889351060165
0.0,0.0,0.0,0.0,0.0,0.0,0.19722888767987617,0.0,0.3122646718390135,0.0,0.0,0.0,0.0,0.0,0.0,0.0,0.0,0.0,0.0,0.0,0.0,0.0,0.13503073189895792,0.0,0.0,0.13947568915857783,0.2160000194235745,0.0,0.0,0.0,97.48721415616262,11382.443403980025,381.64847039619417,1585.8132789011404
0.0,0.0,0.0,0.0,0.12493635196570421,0.0,0.0,0.0,0.0,0.0,0.0,0.0,0.0,0.0,0.0,0.0,0.0,0.0,0.10897785842044556,0.0,0.0,0.18756141490697284,0.18307172779984154,0.0,0.0,0.3954526469070359,0.0,0.0,0.0,0.0,33.66476705313725,11823.146658531046,667.368392117395,2602.9007864749456
0.0,0.0,0.0,0.0,0.0,0.0,0.0,0.0,0.0,0.0,0.0,0.0,0.07613944137196378,0.0,0.41406515685736567,0.0,0.0,0.0,0.0,0.0,0.0,0.050670544639742916,0.1169321107494819,0.0,0.0,0.0,0.052210527544678295,0.28998221883676745,0.0,0.0,13.738267834083297,11087.85922090824,740.5811048724921,1816.7902455500023
0.0,0.0,0.0,0.0,0.25033413902462187,0.25736120887033515,0.0,0.0,0.0,0.0,0.0,0.0,0.0,0.0,0.0,0.22420318781329932,0.0,0.0,0.10792358425423501,0.0,0.0,0.0,0.0,0.0,0.0,0.0,0.0,0.1601778800375087,0.0,0.0,95.86052460038975,7115.097956271975,704.0481105728261,2860.251720736022
0.0,0.0,0.0,0.0,0.0,0.13047987755006682,0.11947267210777981,0.0,0.0,0.26800620306235645,0.0,0.0,0.0,0.0,0.40060549125692724,0.0,0.0,0.0,0.08143575602286945,0.0,0.0,0.0,0.0,0.0,0.0,0.0,0.0,0.0,0.0,0.0,69.98815992529472,10186.817837340599,576.8975538782897,1909.434081329302
0.0,0.22055461168335455,0.0,0.0,0.0,0.0,0.0,0.0,0.0,0.0,0.0,0.13655561229789026,0.15301940281000084,0.0,0.09570268135667848,0.0,0.0,0.0,0.0,0.2193941283588642,0.0,0.0,0.0,0.0,0.0,0.0,0.1747735634932117,0.0,0.0,0.0,65.50791955688847,7203.22163257855,461.2778473879402,1743.829219762568
0.0,0.0,0.0,0.0,0.0,0.0,0.0,0.0,0.0,0.20992073739577619,0.0,0.0,0.0,0.0,0.0,0.0,0.41820645178729315,0.0,0.0,0.0,0.0,0.0,0.0,0.0,0.0,0.0,0.0,0.0,0.37187281081693063,0.0,66.25697601143389,7575.939933322114,357.13649539543826,1343.898245861257
0.3376319860912007,0.0,0.0,0.1353731958911721,0.0,0.0,0.0,0.0,0.0,0.0,0.0,0.0,0.0,0.0,0.0,0.0,0.0,0.0,0.0,0.0,0.0,0.0,0.0,0.0,0.0,0.018196353178111677,0.0,0.0,0.0,0.5087984648395156,40.6723446018186,5133.145794777796,243.37123842192568,1044.0700629627424
0.0,0.0,0.0,0.0,0.0,0.0,0.0,0.4771356110636377,0.0,0.13044615085237993,0.0,0.11564680178345525,0.061901978751558326,0.0,0.0,0.0,0.0,0.0,0.0,0.0,0.0703491620343051,0.0,0.0,0.0,0.0,0.0,0.1445202955146638,0.0,0.0,0.0,70.63380974647787,15539.174093875465,298.11797063645884,1448.7908516155396
0.0,0.0,0.0,0.0,0.0,0.0,0.0,0.0,0.0,0.0,0.6991889557759805,0.0,0.0,0.0,0.0,0.0,0.30081104422401944,0.0,0.0,0.0,0.0,0.0,0.0,0.0,0.0,0.0,0.0,0.0,0.0,0.0,232.6355933533833,5231.103682304213,640.9019632007037,1207.2150002200067
0.0,0.0,0.0,0.0,0.0,0.0,0.0,0.1553161537574466,0.0,0.0,0.0,0.0,0.0878253221263355,0.0,0.21925045381308916,0.0,0.10813212020527817,0.0,0.1654298897058276,0.264046060392023,0.0,0.0,0.0,0.0,0.0,0.0,0.0,0.0,0.0,0.0,73.13563849811428,8443.791790038302,382.1735008218743,1291.0359067365673
0.0,0.0,0.0,0.0,0.0,0.0,0.0,0.0,0.0,0.0,0.0,0.0,0.1991605505679247,0.0,0.31521105561850826,0.0,0.13299984550262878,0.0,0.0,0.0,0.0,0.0,0.0,0.21642010724337313,0.0,0.0,0.0,0.0,0.1362084410675651,0.0,46.67997741061149,6007.005243256955,566.016608464977,2521.480373303391
0.0,0.0,0.0,0.2580144063684223,0.0,0.0,0.0,0.09496341526717618,0.0,0.0,0.0,0.0,0.0,0.0,0.0,0.0,0.0,0.0,0.0,0.0,0.2546739632506759,0.0,0.0,0.0,0.0,0.0,0.20032366352875067,0.0,0.0,0.192024551584975,157.04999775826434,8201.09120939205,236.25437239449556,1611.2214767767512
0.0,0.0,0.0,0.0,0.0,0.0,0.0,0.2572751396588816,0.0,0.10785967690146725,0.0,0.0,0.0,0.0,0.0,0.0,0.41729650329643975,0.0,0.13084647050741768,0.0,0.0,0.0,0.0,0.0,0.0,0.0,0.0,0.0,0.0,0.08672220963579369,100.82244283378299,9557.36467487936,319.78952216099395,1067.328343038614
0.0,0.0,0.0,0.0,0.0,0.0,0.0,0.0,0.0,0.0,0.0,0.0,0.0,0.0,0.0,0.0,0.0,0.0,0.0,0.0,0.0,0.0,0.33760014655281234,0.0,0.0,0.0,0.6623998534471877,0.0,0.0,0.0,11.640753060185018,14086.32985720657,255.78558940797643,1305.6234538829106
0.0,0.0,0.0,0.0,0.17446025957700093,0.0,0.08267775320382342,0.0,0.0,0.0,0.0,0.0,0.0,0.0,0.0,0.2908864466573679,0.0,0.0,0.0,0.4519755405618079,0.0,0.0,0.0,0.0,0.0,0.0,0.0,0.0,0.0,0.0,17.784165856798523,6440.1837268581685,533.7941666139021,2120.514150334904
0.335316530680474,0.0,0.0714911612399537,0.0,0.0,0.0,0.0,0.0,0.0,0.0,0.49946835636074044,0.0,0.0,0.0,0.0,0.0,0.0,0.0,0.0,0.0,0.09372395171883176,0.0,0.0,0.0,0.0,0.0,0.0,0.0,0.0,0.0,181.373494334983,5458.360900788938,541.2367863400589,970.3035000983413
0.0,0.0,0.0,0.0,0.0,0.0,0.0,0.0,0.0,0.0,0.0,0.1007049594909238,0.0,0.08278898886201821,0.0,0.0,0.25792827223207737,0.0,0.0,0.0,0.0,0.0,0.11577427655373726,0.0,0.0,0.0,0.0,0.0,0.4428035028612435,0.0,93.95546773010399,8139.988863552789,452.2349858781348,1961.5161707269883
0.0,0.0,0.0,0.0,0.0,0.0,0.0,0.15130268833002006,0.0,0.0,0.0,0.5131625740861483,0.0,0.0,0.0,0.0,0.0,0.08513651137670854,0.0,0.0,0.0,0.25039822620712315,0.0,0.0,0.0,0.0,0.0,0.0,0.0,0.0,191.0338461435391,6612.099874691896,630.6583381146769,2896.1808618645614
0.0,0.2761293504569577,0.0,0.0,0.0,0.0,0.0,0.0,0.0,0.0,0.0,0.0,0.0,0.0,0.0,0.0,0.0,0.0,0.0,0.0,0.0,0.0,0.0,0.0,0.7238706495430424,0.0,0.0,0.0,0.0,0.0,154.2778464521953,6320.4949300004855,342.4018498862526,2260.663904788561
0.0,0.0,0.0,0.071983854206589,0.0,0.3576821247027033,0.0,0.0,0.29236107958592206,0.0,0.0,0.0,0.0,0.0,0.0,0.1695243969675064,0.0,0.0,0.0,0.0,0.0,0.10844854453727931,0.0,0.0,0.0,0.0,0.0,0.0,0.0,0.0,196.1974865292188,5568.022791514231,347.6950263858641,2519.402033032654
0.0,0.0,0.49040661194556906,0.0,0.0,0.0,0.0,0.0,0.0,0.0,0.16118590796224497,0.0,0.0,0.0,0.0,0.3484074800921861,0.0,0.0,0.0,0.0,0.0,0.0,0.0,0.0,0.0,0.0,0.0,0.0,0.0,0.0,62.22557897560508,6882.482052795377,568.8677310522332,2937.3104274273123
0.0,0.0,0.0,0.0,0.0,0.7861286685957949,0.0,0.0,0.0,0.0,0.0,0.0,0.0,0.0,0.0,0.0,0.0,0.0,0.0,0.0,0.0,0.21387133140420514,0.0,0.0,0.0,0.0,0.0,0.0,0.0,0.0,191.30929899468265,3805.6590255389756,234.40895711966604,2635.6120706639535
0.0,0.0,0.0,0.0,0.1730811379043958,0.0,0.0,0.0,0.0,0.0,0.06898739062040345,0.0,0.0,0.0,0.0,0.0,0.0,0.0,0.0,0.0,0.23501950366868246,0.0,0.0,0.0,0.0,0.16496149427095277,0.0,0.05635018506620822,0.0,0.3016002884693573,106.75227771932532,7631.001152124101,556.1065013743632,1701.2907148070458
0.0,0.0,0.0,0.0,0.0,0.0,0.0,0.0,0.0,0.0,0.0,0.07572294503815215,0.0,0.0,0.204528977381301,0.0,0.0,0.0,0.0,0.18384309380261604,0.0,0.0,0.0,0.0,0.0,0.15559288426915185,0.2783826142015589,0.0,0.10192948530721992,0.0,29.296798982747653,10040.846398704845,514.4920848986329,2331.278005922256
0.0,0.22590839790813205,0.0,0.0,0.0,0.0,0.0,0.0,0.0,0.2872377770915395,0.10908727965525657,0.0,0.0,0.0,0.0,0.0,0.217578973061922,0.0,0.0,0.0,0.0,0.0,0.0,0.0,0.0,0.0,0.0,0.0,0.0,0.1601875722831497,76.28504129690084,8972.727728170183,426.5628079452824,969.4910893651011
0.0,0.5150167319409438,0.0,0.0,0.0,0.0,0.0,0.0,0.0,0.0,0.0,0.0,0.0,0.15247126346965933,0.0,0.0,0.0,0.0,0.0,0.0,0.0,0.0,0.0,0.0,0.0,0.0,0.0,0.09537440492379595,0.2371375996656011,0.0,21.998343161839706,8447.174711549576,481.9412296149521,1212.5970443284477
0.0,0.24809991355174787,0.0,0.0,0.0,0.2023159693327645,0.0,0.0,0.0,0.0,0.0,0.0,0.0,0.18024370187846314,0.31632879819844906,0.0,0.0,0.0,0.0,0.0,0.0,0.0,0.0,0.0,0.0,0.0,0.05301161703857565,0.0,0.0,0.0,72.23119406948133,7187.179218387537,536.5521606972162,2356.7121501550064
0.0,0.0,0.0,0.0,0.0,0.0,0.0,0.0,0.0,0.0,0.0,0.0,0.0,0.0,0.0,0.0,0.0,0.0,0.0,0.0,0.0,0.0,0.0,0.0,0.0,0.7441800840577123,0.25581991594228776,0.0,0.0,0.0,8.169588405562427,13465.6722703866,585.513693128593,3103.6177572971046
0.3740767123760337,0.0,0.0,0.0,0.0,0.0,0.0,0.0,0.0,0.0,0.0,0.0,0.0,0.0,0.0,0.0,0.0,0.0,0.0,0.0,0.0,0.6259232876239664,0.0,0.0,0.0,0.0,0.0,0.0,0.0,0.0,2.4431874392701958,3691.6561004847567,387.6301311856598,1568.3296716776106
0.0,0.0,0.0,0.0,0.0,0.0,0.09845067266232817,0.0,0.0,0.0,0.0,0.29720120033244257,0.0,0.0,0.0,0.0,0.0,0.0,0.09309926768409318,0.0,0.0,0.0,0.37650785305686124,0.0,0.0,0.0,0.1347410062642747,0.0,0.0,0.0,145.34274281464255,12209.769602660721,548.5463006301572,2127.9952518358346
0.0565190345262995,0.42984211558295965,0.0,0.1545471020227681,0.0,0.0,0.0,0.0,0.0,0.18713308750766502,0.0,0.044203111462929844,0.0,0.0,0.0,0.0,0.0,0.0,0.0,0.0,0.12775554889737784,0.0,0.0,0.0,0.0,0.0,0.0,0.0,0.0,0.0,113.01658440758577,8661.62594216759,391.62445428998177,1251.3852726665134
0.0,0.0,0.0,0.0,0.0,0.0,0.0,0.0,0.0,0.0,0.0,0.0,0.0,0.0,0.0,0.6694928911909015,0.0,0.0,0.0,0.0,0.0,0.0,0.0,0.0,0.0,0.0,0.3305071088090986,0.0,0.0,0.0,30.418319234031483,9102.29662801613,546.6642274674177,3035.1549429886345
0.0,0.0,0.0,0.0,0.0,0.0,0.0,0.08765296101366726,0.0,0.0,0.0,0.0,0.11229094751414447,0.0,0.0,0.0,0.45624627845341986,0.0,0.09828868066066254,0.24552113235810588,0.0,0.0,0.0,0.0,0.0,0.0,0.0,0.0,0.0,0.0,106.06047017348777,4868.341592150964,314.6463135216951,1073.8768152932385
0.11769789685725589,0.0,0.4100894204092823,0.0,0.0,0.23395026632189955,0.0,0.0,0.0,0.0,0.0,0.14060929863883878,0.06860842935175691,0.0,0.0,0.0,0.0,0.0,0.0,0.0,0.0,0.0,0.029044688420966462,0.0,0.0,0.0,0.0,0.0,0.0,0.0,119.26546355952426,5505.597134229079,334.70914940083634,2884.2598039638815
0.0,0.0,0.0,0.0,0.0,0.21409239008248354,0.0,0.3796248654713803,0.0,0.0,0.16639781138006904,0.0,0.0,0.0,0.0,0.0,0.0,0.0,0.0,0.0,0.0,0.0,0.0,0.0,0.0,0.0,0.0,0.23988493306606695,0.0,0.0,105.58194548360936,13787.192742776384,482.39109823913867,1492.43878569713
0.0,0.0,0.0,0.0,0.0,0.1416127212486655,0.0,0.0,0.0,0.0,0.04217078596736108,0.0,0.0,0.0,0.0,0.0,0.056193537984600375,0.21389957810962185,0.0,0.0,0.0,0.0,0.0,0.0,0.0,0.0,0.22111125547137772,0.0,0.0,0.32501212121837353,143.19103854103545,5807.429119257575,369.3168478563346,1454.591865281929
0.0,0.0,0.0,0.5152411916566463,0.0,0.0,0.0,0.0,0.0,0.0,0.0,0.0,0.0,0.0,0.0,0.0,0.0,0.0,0.0,0.0,0.21348443736752246,0.0,0.0,0.0,0.27127437097583124,0.0,0.0,0.0,0.0,0.0,244.25515205244508,4873.605002576169,216.54423459594045,2657.2273141181977
0.0,0.0,0.0,0.0,0.0,0.0,0.0,0.0,0.0,0.0,0.0,0.0,0.0,0.0,0.6499011013742582,0.0,0.0,0.0,0.0,0.0,0.0,0.0,0.0,0.0,0.0,0.0,0.10533007962196218,0.0,0.2447688190037796,0.0,3.4071094626003267,9280.5671854433,659.032618038477,2335.7584539828126
0.0,0.0,0.0,0.0,0.0,0.38769009516865166,0.0,0.0,0.0,0.13385687976651256,0.0,0.0,0.0,0.0,0.0,0.0,0.0,0.0,0.0,0.0,0.0,0.0,0.0,0.0,0.0,0.0,0.0,0.0,0.272881107749122,0.2055719173157137,116.25051920213104,6965.0438992264635,270.45462047428043,1876.6314736387371
0.0,0.0,0.0,0.0,0.0,0.0,0.5113668267213468,0.0,0.0,0.0,0.0,0.0,0.0,0.32693135535024004,0.0,0.0,0.0,0.0,0.0,0.0,0.0,0.0,0.0,0.16170181792841304,0.0,0.0,0.0,0.0,0.0,0.0,69.98280532731535,6872.153047502323,455.3317967219244,2382.5847311692337
0.0,0.0,0.0,0.08259721586229654,0.0,0.0,0.0,0.0,0.31062169975965753,0.0,0.0,0.0,0.0,0.21065364153328037,0.0,0.0,0.0,0.0,0.0,0.19659011696088585,0.0,0.09090285624598606,0.0,0.0,0.0,0.0,0.0,0.1086344696378935,0.0,0.0,114.5122112985463,,412.44538525001764,2001.125532029816
0.11750462888649423,0.0,0.0,0.0,0.0,0.0,0.0,0.0,0.01907997335465389,0.0,0.0,0.0,0.0,0.0,0.0,0.41322224238898153,0.0,0.0,0.0,0.0,0.15951334272971884,0.0,0.0,0.0,0.0,0.0,0.0,0.0,0.0,0.2906798126401514,76.80677709140537,7196.601435410054,486.17627521665065,2154.6575286702314
0.0,0.0,0.0,0.0,0.0,0.0,0.0,0.0,0.0,0.3533127208111347,0.17253855189946407,0.0,0.0,0.0,0.0,0.0,0.0,0.0,0.05984276381831884,0.0,0.0,0.0,0.0,0.41430596347108234,0.0,0.0,0.0,0.0,0.0,0.0,72.80572206881175,7572.965122647331,510.82622101568785,2136.361621232081
0.0,0.0,0.0,0.0,0.0,0.0,0.0,0.0,0.0,0.2687282080971806,0.0,0.0,0.0,0.09248216466332573,0.0,0.0,0.0,0.0,0.0,0.0,0.0,0.0,0.0,0.0,0.0,0.0,0.0,0.0,0.0,0.6387896272394935,11.243492964988974,6923.606580710204,308.47504938451186,1059.8855792061277
0.0,0.40967206370084197,0.0,0.09711767088916981,0.0,0.0,0.20360765047962429,0.0,0.0,0.0,0.11530973453999588,0.09480295466792131,0.0,0.0,0.0,0.0,0.0,0.0,0.0,0.0,0.0,0.0,0.0,0.0,0.07948992572244686,0.0,0.0,0.0,0.0,0.0,134.37387182226226,8204.689791235976,529.1344970370699,1565.752960486663
0.0,0.0,0.0,0.0,0.0,0.0,0.0,0.0,0.0,0.0,0.0,0.0,0.01796048441668529,0.0,0.0,0.0,0.17633188890496426,0.0,0.0,0.0,0.0,0.0,0.0,0.0,0.6524982341428122,0.15320939253553842,0.0,0.0,0.0,0.0,179.29008426203657,6667.601848980354,382.52313615997826,2905.549490790069
0.0,0.0,0.0,0.0,0.0,0.0,0.0,0.0,0.0,0.0,0.0,0.0,0.0,0.0,0.0,0.0,0.0,0.0,0.0,0.0,0.0,0.3490359422153583,0.6509640577846417,0.0,0.0,0.0,0.0,0.0,0.0,0.0,25.27655719749192,12898.340440370243,438.74846198692364,1270.2424620695413
0.0,0.0,0.0,0.0,0.0,0.0,0.0,0.3819026910113002,0.0,0.0,0.0,0.0,0.0,0.0,0.0,0.0,0.29544613567532035,0.0,0.21554890253845801,0.0,0.10710227077492145,0.0,0.0,0.0,0.0,0.0,0.0,0.0,0.0,0.0,123.56253209040568,11250.749999837517,287.5833608629385,922.2925947739866
0.0,0.0,0.0,0.0,0.0,0.0,0.0,0.0,0.0,0.0,0.0,0.13040493878515216,0.0,0.0,0.301197017584124,0.0,0.0,0.0,0.0,0.0,0.1447286547620872,0.0,0.0,0.0,0.28413591046034686,0.0,0.13953347840828978,0.0,0.0,0.0,157.76089012522237,8081.973756044391,558.7106416922302,2659.74679605776
0.0,0.0,0.0,0.0,0.0,0.0,0.0,0.0,0.0,0.0,0.6214681935188097,0.0,0.3785318064811904,0.0,0.0,0.0,0.0,0.0,0.0,0.0,0.0,0.0,0.0,0.0,0.0,0.0,0.0,0.0,0.0,0.0,202.85209700167388,4679.578992780381,581.2649582569234,924.9486675381804
0.04836024210249663,0.0,0.0,0.0,0.0,0.0,0.0,0.0,0.0,0.0,0.0,0.0,0.0,0.0,0.0,0.0,0.15881741777963052,0.0,0.3548745013802659,0.0,0.11667566648937118,0.0,0.32127217224823573,0.0,0.0,0.0,0.0,0.0,0.0,0.0,152.180050609052,10042.469944892726,449.121101925868,818.3813580123272
0.0,0.0,0.0,0.0,0.33909626458012015,0.0,0.0,0.0,0.0,0.0,0.0,0.0,0.0,0.5183502247006905,0.0,0.0,0.0,0.1425535107191894,0.0,0.0,0.0,0.0,0.0,0.0,0.0,0.0,0.0,0.0,0.0,0.0,87.11451044534809,4269.696461534245,699.3774237808586,2822.709944400562
0.0,0.0,0.0,0.0,0.0,0.0,0.22085735884693503,0.0,0.0,0.0,0.0,0.0,0.0,0.0,0.0,0.04375317819329655,0.24877234547464608,0.0,0.0,0.0,0.0,0.0,0.0,0.0,0.0,0.14247241967333588,0.0,0.3441446978117865,0.0,0.0,68.47975355210218,10316.517993455516,672.6270509075097,1720.7594398780145
0.0,0.3187673732512485,0.0,0.0,0.0,0.0,0.0,0.13293775910894323,0.0,0.0,0.0,0.0,0.0,0.0,0.0,0.0,0.0,0.375655440479237,0.0,0.0,0.0,0.0,0.0,0.0,0.0,0.0,0.0,0.0,0.0,0.17263942716057126,140.6421927012862,7173.915580568695,473.0851852980494,736.1156927973019
0.28524771578602304,0.0,0.0,0.0,0.0,0.34732686088709247,0.0,0.0,0.0,0.0,0.0,0.0,0.0,0.07414561638464665,0.0,0.0,0.2420557222096499,0.0,0.0,0.0,0.0,0.0,0.0,0.05122408473258789,0.0,0.0,0.0,0.0,0.0,0.0,139.91391992095473,3619.824157194569,271.0698893414925,2049.4250384056677
0.0,0.0,0.0,0.0,0.0,0.0,0.0,0.0,0.0,0.4024998944426393,0.0,0.0,0.18910497314118033,0.0,0.0,0.0,0.0,0.0,0.0,0.0,0.2977475016450494,0.11064763077113102,0.0,0.0,0.0,0.0,0.0,0.0,0.0,0.0,109.41493157646264,9158.62077819759,299.96703871926104,991.8468384460775
0.0,0.0,0.0,0.0,0.0,0.0,0.0,0.08039835948965926,0.0,0.0,0.0,0.0,0.0,0.0,0.0,0.0,0.0,0.0,0.0,0.0,0.0,0.0,0.0,0.0,0.9196016405103408,0.0,0.0,0.0,0.0,0.0,213.5089130524434,6022.867657042908,273.5098677092243,2913.268208347089
0.0,0.0,0.0,0.0,0.0,0.0,0.5892565296893832,0.0,0.0,0.0,0.0,0.4107434703106167,0.0,0.0,0.0,0.0,0.0,0.0,0.0,0.0,0.0,0.0,0.0,0.0,0.0,0.0,0.0,0.0,0.0,0.0,176.84812222239665,7864.941175156255,551.4304331972716,2372.682339993666
0.0,0.0,0.0,0.0,0.0,0.0,0.0,0.5289403759707708,0.0,0.0,0.0,0.0,0.0,0.0,0.13889944037768073,0.0,0.0,0.0,0.0,0.0,0.0,0.0,0.0,0.33216018365154837,0.0,0.0,0.0,0.0,0.0,0.0,5.943245127002736,12820.984322281,380.8789507791556,1973.267993083941
0.0,0.0,0.0,0.0,0.0,0.0,0.1968543663968569,0.4637975961387738,0.0,0.0,0.0,0.1119373242439033,0.0,0.0,0.0,0.0,0.0,0.0,0.0,0.0,0.0,0.014974754568170889,0.0,0.21243595865229506,0.0,0.0,0.0,0.0,0.0,0.0,64.54404090355017,12134.778342900692,401.19256781093696,2097.097322855768
0.0,0.0,0.0,0.0,0.0,0.0,0.0,0.0,0.0,0.0,0.0,0.0,0.0,0.0,0.0,0.0,0.29853288217044843,0.0,0.0,0.0,0.0,0.0,0.2029947416209427,0.29447392264971506,0.0,0.0,0.2039984535588938,0.0,0.0,0.0,53.21578714697217,8118.894497699351,407.20695939351174,2076.4605831062354
0.8769494628911565,0.0,0.0,0.0,0.0,0.0,0.0,0.0,0.0,0.0,0.0,0.0,0.0,0.12305053710884335,0.0,0.0,0.0,0.0,0.0,0.0,0.0,0.0,0.0,0.0,0.0,0.0,0.0,0.0,0.0,0.0,10.399748519833318,3227.651459389336,195.1041988143246,944.8805399460595
0.0,0.0,0.0,0.0,0.0,0.0,0.0,0.0,0.0,0.0,0.0,0.5232797398232574,0.0,0.0,0.0,0.0,0.0,0.0,0.0,0.47672026017674257,0.0,0.0,0.0,0.0,0.0,0.0,0.0,0.0,0.0,0.0,157.37653884526213,4684.842636855791,513.9205110017774,2604.942109228498
0.1283493992441645,0.09339236507387891,0.07519146563288649,0.0,0.0,0.0,0.0,0.0,0.0,0.0,0.0,0.0,0.0,0.0,0.0,0.0,0.0,0.13245292314845408,0.0,0.0,0.0,0.296630948522496,0.0,0.0,0.0,0.0,0.2739828983781201,0.0,0.0,0.0,58.32267591021616,6511.89749309698,424.2913349731041,1678.0526842673883
0.15099980190398257,0.0,0.0,0.0,0.0,0.0,0.2142540130298624,0.0,0.0,0.0,0.0,0.0,0.0,0.044584572872009134,0.0,0.0,0.0,0.0,0.0,0.0,0.0,0.0,0.0,0.0,0.0,0.5901616121941456,0.0,0.0,0.0,0.0,29.331307095820062,,557.6625110925931,2725.482685737907
0.0,0.0,0.0,0.0,0.0,0.10207657662973228,0.1568983581405147,0.16272663133023035,0.0,0.0,0.0,0.294479325046475,0.0,0.0,0.0,0.0,0.0,0.023652494563935908,0.0,0.0,0.0,0.0,0.2601666142891118,0.0,0.0,0.0,0.0,0.0,0.0,0.0,165.14975579257253,12264.803606095516,547.995218408362,2209.4032711269565
0.0,0.0,0.0,0.0,0.3100524147374796,0.0,0.0,0.0,0.0,0.0,0.0,0.0,0.0,0.1519984403866428,0.0,0.0,0.0,0.0,0.17881707568232078,0.0,0.35913206919355695,0.0,0.0,0.0,0.0,0.0,0.0,0.0,0.0,0.0,156.25578652822753,5336.3259456001215,582.9313972301622,1819.9312711476605
0.0,0.0,0.0,0.0,0.0,0.0,0.0,0.0,0.0,0.0,0.0,0.0,0.0,0.0,0.0,0.0,0.3176535127082611,0.0,0.0,0.0,0.2406602086288048,0.3076986041406395,0.0,0.13398767452229457,0.0,0.0,0.0,0.0,0.0,0.0,133.64577727952897,4000.588367489948,431.0321986550162,1758.03332350544
0.0,0.5678870324812871,0.0,0.0,0.0,0.0,0.0,0.0,0.0,0.0,0.0,0.0,0.0,0.0,0.0,0.0,0.0,0.0,0.4321129675187128,0.0,0.0,0.0,0.0,0.0,0.0,0.0,0.0,0.0,0.0,0.0,90.96518526616492,6651.197122367073,477.87482697460666,575.4303558005885
0.0,0.0,0.0,0.014929775597384072,0.0,0.0,0.0,0.0,0.0,0.0,0.1440458814852705,0.0,0.06792663222381308,0.19527161112676136,0.0,0.0,0.0,0.15968093354567575,0.0,0.0,0.0,0.0,0.0,0.4181451660210953,0.0,0.0,0.0,0.0,0.0,0.0,136.09669399963633,3819.417197445799,610.2423116940531,2690.119187394455
0.0,0.0,0.0,0.0,0.0,0.0,0.28100610555828603,0.0,0.0,0.0,0.0,0.0,0.0,0.0,0.0,0.0,0.7189938944417139,0.0,0.0,0.0,0.0,0.0,0.0,0.0,0.0,0.0,0.0,0.0,0.0,0.0,131.6715057269117,4273.504365515228,341.1680694225645,1255.0429357057735
0.25554571562140466,0.0,0.0,0.10807990208180689,0.0,0.0,0.0,0.0,0.0,0.0,0.0,0.0,0.0,0.0,0.0,0.20844328243884233,0.0,0.4279310998579461,0.0,0.0,0.0,0.0,0.0,0.0,0.0,0.0,0.0,0.0,0.0,0.0,200.86423827761976,4181.629225396151,532.7771480789766,1564.7444730272982
0.0,0.0,0.0,0.0,0.1908032323505495,0.0,0.0,0.0,0.0,0.0,0.0,0.0,0.0,0.0,0.0,0.0,0.0,0.0,0.0,0.0,0.21610412429565454,0.2327600776814146,0.03106383255702589,0.0,0.0,0.09984943147722845,0.0,0.0,0.0,0.22941930163812707,84.11227047178393,7040.67964016718,541.7653953177407,1933.6999072477663
0.0,0.0,0.4092872665359306,0.0,0.0,0.13229360067701856,0.0,0.0,0.21772513426871334,0.0,0.0,0.0,0.0,0.0,0.0,0.0,0.0,0.0,0.13896381846097933,0.0,0.0,0.0,0.0,0.0,0.0,0.0,0.0,0.10173018005735802,0.0,0.0,122.6590087512326,6434.208899214159,353.6830797369964,2221.9815172888093
0.0,0.0,0.0,0.0,0.0,0.0,0.2780924872621169,0.0,0.25661969716084254,0.0,0.4341127563773093,0.0,0.0,0.0,0.0,0.0,0.0,0.03117505919973135,0.0,0.0,0.0,0.0,0.0,0.0,0.0,0.0,0.0,0.0,0.0,0.0,224.73093394193688,8076.144077428522,555.1802312229448,1092.2794936608136
0.0,0.0,0.0,0.0,0.0,0.0,0.0,0.0,0.0,0.0,0.0,0.0,0.0,0.0,0.0,0.0,0.0,0.0,0.0,0.0,0.0,0.0,0.0,0.25931012982872687,0.7406898701712731,0.0,0.0,0.0,0.0,0.0,159.326873136009,4721.9403634203845,339.41148860882936,3038.124260553475
0.0,0.0,0.27587781046640336,0.0,0.0,0.0,0.0,0.0,0.21872462777578622,0.0,0.0,0.0,0.0,0.0,0.0,0.0,0.0,0.0,0.0,0.0,0.0,0.04814846127977113,0.0,0.0,0.0,0.4572491004780392,0.0,0.0,0.0,0.0,55.403893343267,11410.805579239399,510.4499542432435,3168.0296881626036
0.0,0.4965596449987917,0.0,0.0,0.0,0.0,0.0,0.0,0.0,0.0,0.0,0.0,0.0,0.0,0.0,0.0,0.0,0.0,0.0,0.0,0.0,0.0,0.0,0.0,0.0,0.5034403550012082,0.0,0.0,0.0,0.0,10.325919173435244,11402.635557383204,592.9325707706329,2070.9426772935635
0.0,0.17611122814313096,0.0,0.10570569191133863,0.0,0.0,0.0,0.0,0.0,0.0,0.0,0.0,0.0,0.0,0.0,0.04936667248607148,0.0,0.0,0.0,0.0,0.0,0.0,0.0,0.18259845605664704,0.0,0.0,0.0,0.0,0.48621795140281177,0.0,35.74474054739547,8085.055600384285,486.57315291044415,2202.8559915405685
0.0,0.0,0.0,0.0,0.0,0.0,0.23253570071701052,0.0,0.0,0.0,0.0,0.0,0.0,0.0,0.0,0.0,0.0,0.147275555000966,0.3185351953887365,0.0,0.0,0.0,0.0,0.0,0.0,0.047348140990145865,0.09520259096246085,0.0,0.0,0.15910281694068015,154.5146108691677,7405.323702276342,458.6367388526681,1124.4262591357945
0.0,0.0,0.0,0.0,0.0,0.0,0.0,0.0,0.0,0.0,0.0,0.0,0.0,0.0,0.0,0.0,0.0,0.0,0.0,0.0,0.0,0.0,0.0,0.7717784362756551,0.0,0.0,0.22822156372434477,0.0,0.0,0.0,3.5890937016443076,5094.064900964138,442.33157297262994,3162.812087201864
0.0,0.0,0.0,0.0,0.0,0.0,0.05399464431533693,0.1429208190144126,0.0,0.0,0.0,0.0,0.0,0.0,0.0,0.0,0.0,0.0,0.0,0.0,0.0,0.1864101982628443,0.1256963961101125,0.0,0.0,0.49097794229729363,0.0,0.0,0.0,0.0,18.605215058426392,15341.421103496461,556.7821759862779,2834.1854003535977
0.0,0.10522856846560653,0.0,0.0,0.0,0.0,0.0,0.0,0.0,0.030965385103246045,0.0,0.0,0.04204523373327943,0.0,0.0,0.0,0.0,0.0,0.0,0.0,0.0,0.0,0.49015511577592286,0.0,0.0,0.0,0.0,0.0,0.0,0.33160569692194497,26.068639303303037,12674.001584857082,415.1707007122518,890.9419160519517
0.0,0.0,0.0,0.25295087682969275,0.0,0.0,0.0,0.0,0.0,0.0,0.0595315317162936,0.0,0.0,0.0,0.0,0.0,0.15943479925813572,0.0,0.0,0.0,0.0,0.2448865751738934,0.0,0.06069444194638291,0.0,0.2225017750756018,0.0,0.0,0.0,0.0,123.57480103245891,7022.519795856242,493.2853219992725,2833.833906431537
0.0,0.0,0.0,0.0,0.0,0.0,0.0,0.0,0.0,0.0,0.0,0.27918166874686134,0.0,0.0,0.0,0.0,0.0,0.22863595626681404,0.0,0.0,0.0,0.0,0.2779032941078948,0.0,0.0,0.0,0.0,0.2142790808784298,0.0,0.0,188.12587247891182,10056.995766051454,703.0003215763511,1871.3972888122087
0.0,0.0,0.0,0.0,0.0,0.0,0.0,0.22625575521571936,0.0853710519689146,0.303258000639578,0.0,0.0,0.0,0.0,0.0,0.07195794961177854,0.0,0.0,0.0,0.0,0.0,0.0,0.0,0.0,0.0,0.0,0.0,0.0,0.31315724256400945,0.0,36.22331842314685,13468.693355915473,315.03888653822474,1339.3902881985482
0.16029252673697333,0.0,0.0,0.0663093688276311,0.0,0.0,0.0,0.13081021926959394,0.0,0.0,0.0,0.0,0.0,0.0,0.44076762519036056,0.0,0.0,0.0,0.0,0.0,0.0,0.0,0.0,0.0,0.20182025997544117,0.0,0.0,0.0,0.0,0.0,69.2311687111911,8841.02698805725,519.4958621259567,2424.693277933654
0.0,0.0,0.0,0.2487055888055383,0.0,0.0,0.0,0.0,0.0,0.0,0.0,0.0,0.0,0.0,0.0,0.0,0.7512944111944616,0.0,0.0,0.0,0.0,0.0,0.0,0.0,0.0,0.0,0.0,0.0,0.0,0.0,161.02754804320392,2953.8242914130497,245.86944325782318,1805.7345667570169
0.0,0.28269716046783905,0.31421128190509817,0.03537049734888779,0.0,0.0,0.0,0.0,0.0,0.0,0.0,0.0,0.0,0.0,0.0,0.0,0.0,0.0,0.0,0.0,0.0,0.0,0.0,0.0,0.0,0.0,0.08067299114883349,0.19480424839804902,0.0,0.09224382073129236,14.018798926606687,8625.555802980358,495.52357755515715,1798.9131967790577
0.0,0.0,0.0,0.0,0.0,0.0,0.0,0.0,0.0,0.0,0.0,0.0,0.0,0.0,0.0,0.0,0.8951930409676467,0.0,0.0,0.0,0.0,0.0,0.0,0.0,0.0,0.10480695903235325,0.0,0.0,0.0,0.0,120.19215920256121,3587.1667831537343,331.2288851459326,1617.3579471144058
0.0,0.38328403434705727,0.0,0.1412581767120446,0.0,0.0,0.0,0.0,0.0,0.0,0.0,0.0,0.0,0.0,0.0,0.0,0.21631168594277683,0.0,0.0,0.0,0.0,0.0,0.0,0.0,0.0,0.0,0.0,0.0,0.0,0.25914610299812124,73.68551016976626,5706.954562991843,360.6818190774913,1171.318658116742
0.0,0.0,0.0,0.0,0.0,0.21890009599887092,0.0,0.0,0.0,0.0,0.0,0.0,0.5007801188607536,0.0,0.0,0.0,0.0,0.0,0.0,0.0,0.0,0.0,0.0,0.0,0.0,0.28031978514037553,0.0,0.0,0.0,0.0,102.02763125365688,6227.118353820623,358.5566645340322,2136.635987768828
0.0,0.0,0.0,0.0,0.0,0.0,0.0,0.0,0.0,0.5389929331059482,0.0,0.0,0.0,0.0,0.0,0.0,0.0,0.0,0.0,0.0,0.2395531912392765,0.0,0.0,0.0,0.0,0.22145387565477528,0.0,0.0,0.0,0.0,82.35069311817062,12109.579782556546,390.69272389713797,1481.642068207245
0.0,0.0,0.0,0.0,0.06847612524806211,0.0,0.3445548329103705,0.0,0.0,0.0,0.0,0.0,0.0,0.0,0.0,0.0,0.0,0.0,0.0,0.0,0.0,0.0,0.0,0.0,0.0,0.0,0.0,0.5869690418415674,0.0,0.0,40.78588008157613,10504.70454458677,729.4711276172343,1078.3919451804097
0.0,0.0,0.0,0.10816301866341824,0.0,0.0,0.02851856704454538,0.20329745469127086,0.0,0.0,0.0,0.4143477514806917,0.0,0.0,0.0,0.0,0.0,0.0,0.0,0.0,0.0,0.0,0.0,0.24567320812007376,0.0,0.0,0.0,0.0,0.0,0.0,165.04771324627464,7498.5284973945945,567.2804064510533,3473.4306876430555
0.0,0.08628977201232066,0.0,0.0,0.0,0.2173743370906154,0.0,0.0,0.0,0.0,0.0,0.0,0.1409035973413038,0.0,0.0,0.0,0.0,0.0,0.0,0.0,0.0,0.0,0.279711657941478,0.0,0.27572063561428223,0.0,0.0,0.0,0.0,0.0,149.6491089543004,8982.153457234113,374.65390221108987,2090.4687931074927
0.0,0.0,0.0,0.0,0.0,0.0,0.0,0.0,0.0,0.0,0.0,0.0,0.0,0.0,0.0,0.3073752798435434,0.0,0.4946152329364425,0.0,0.0,0.0,0.19800948722001416,0.0,0.0,0.0,0.0,0.0,0.0,0.0,0.0,178.4505675630469,4219.688077683612,656.7151050523061,2005.5608803679531
0.0,0.0,0.0,0.0,0.0,0.0,0.0,0.0,0.0,0.0,0.0,0.8369326684633296,0.0,0.0,0.0,0.0,0.0,0.0,0.0,0.0,0.0,0.0,0.0,0.0,0.0,0.0,0.0,0.16306733153667055,0.0,0.0,250.64355950188224,4892.559285193325,877.8832217748834,3732.422604875375
0.0,0.0,0.05203740133843917,0.0,0.0,0.0,0.0,0.0,0.0,0.0,0.0,0.0,0.0,0.0,0.0,0.0,0.0,0.0,0.0,0.0,0.0,0.0,0.0,0.3376395452598321,0.0,0.6103230534017288,0.0,0.0,0.0,0.0,5.647595471349002,10952.098902697306,658.1966738453644,3682.6710815020806
0.3491422480503838,0.0,0.0,0.40813760607842303,0.0,0.0,0.0,0.0,0.0,0.0,0.0,0.0,0.0,0.0,0.0,0.0,0.24272014587119323,0.0,0.0,0.0,0.0,0.0,0.0,0.0,0.0,0.0,0.0,0.0,0.0,0.0,138.30068287907443,3434.0059288217767,185.3440113274808,1754.57239457816
0.11153480740829862,0.0,0.0,0.0,0.0,0.0,0.0,0.0,0.0,0.0,0.0,0.0,0.0,0.0,0.0,0.11565586856648895,0.0,0.2652419432253522,0.0,0.0,0.0,0.0,0.0,0.50756738079986,0.0,0.0,0.0,0.0,0.0,0.0,100.16991877879998,4376.546997149292,548.9757999901824,2604.5328543853575
0.0,0.0,0.0,0.0,0.0,0.2561812923024049,0.0,0.0,0.0,0.0,0.0,0.38062506519301953,0.0,0.0,0.0,0.36319364250457553,0.0,0.0,0.0,0.0,0.0,0.0,0.0,0.0,0.0,0.0,0.0,0.0,0.0,0.0,198.96476551548756,5561.544078472944,661.3141620022642,4040.3901573807843
0.0,0.0,0.0,0.0,0.0,0.0,0.0,0.0,0.0,0.20151516841483014,0.0,0.028101491936363375,0.0,0.0,0.0,0.0,0.2359713975494709,0.21787882976155884,0.0,0.0,0.0,0.0,0.0,0.0,0.0,0.1259869898647896,0.0,0.0,0.0,0.1905461224729871,140.4173996393657,7250.52912621759,480.3884592190738,1521.6229288928012
0.0,0.0,0.5561940900105101,0.0,0.40270486235550285,0.0,0.0,0.0,0.0,0.0,0.0,0.0,0.0,0.0,0.0,0.0,0.0,0.0,0.0,0.0,0.0,0.0,0.0,0.041101047633987094,0.0,0.0,0.0,0.0,0.0,0.0,1.9808335191443849,5908.200929344982,519.925536467107,3044.71320695457
0.0,0.0,0.0,0.0,0.10739689759961728,0.0,0.0,0.0,0.0,0.39822869159303353,0.0,0.0,0.0,0.26035272740835214,0.0,0.0,0.0,0.0,0.0,0.0,0.0,0.0,0.0,0.0,0.23402168339899718,0.0,0.0,0.0,0.0,0.0,71.64337490162596,8768.851184596637,444.32973695197626,2624.9387165729668
0.0,0.0,0.0,0.0,0.0,0.48477387458578974,0.0,0.0,0.0,0.0,0.0,0.0,0.17807321988087035,0.0,0.05833967209733482,0.0,0.0,0.0,0.0,0.0,0.0,0.0,0.0,0.0,0.0,0.0,0.0,0.0,0.0,0.2788132334360049,144.7163697658588,3981.7846287443513,269.4157874412131,1961.2436567984473
0.0,0.0,0.0,0.0,0.3868010226274229,0.0,0.0,0.0,0.0,0.0,0.0,0.0,0.0,0.0,0.05315590691042607,0.0,0.4013457694203131,0.0,0.0,0.0,0.0,0.0,0.0,0.0,0.158697301041838,0.0,0.0,0.0,0.0,0.0,92.50537424404742,5097.891235720169,583.2644462249467,2326.167603431702
0.0,0.0,0.2627263767422258,0.0,0.0,0.0,0.0,0.16458108273829167,0.0,0.0,0.5726925405194827,0.0,0.0,0.0,0.0,0.0,0.0,0.0,0.0,0.0,0.0,0.0,0.0,0.0,0.0,0.0,0.0,0.0,0.0,0.0,169.26108860881314,9104.649979749733,591.2428992038463,1646.7730855109673
0.20578058690128234,0.0,0.0,0.0,0.0,0.0,0.0,0.0,0.0,0.0,0.0,0.0,0.0,0.0,0.0,0.0,0.0,0.0,0.0,0.31856473482578096,0.0,0.0,0.33346981183702074,0.0,0.0,0.0,0.14218486643591602,0.0,0.0,0.0,15.423760271063026,10088.287365851504,274.700615537958,998.34285919881
0.4656743069297974,0.0,0.0,0.0,0.0,0.4007726156724407,0.0,0.0,0.0,0.09073742291405626,0.0,0.0,0.04281565448370579,0.0,0.0,0.0,0.0,0.0,0.0,0.0,0.0,0.0,0.0,0.0,0.0,0.0,0.0,0.0,0.0,0.0,105.07407850316984,4687.807576704736,192.47796429391715,1501.9148184192427
0.0,0.0,0.0,0.0,0.23562840907721008,0.0,0.0,0.0,0.36100643986991454,0.0,0.0,0.1227152901846583,0.0,0.0,0.0,0.09036180930226656,0.1902880515659507,0.0,0.0,0.0,0.0,0.0,0.0,0.0,0.0,0.0,0.0,0.0,0.0,0.0,151.06091973987898,6314.212775472562,574.8554407079746,2357.928139394096
0.0,0.0,0.11095650483141829,0.0,0.0,0.0,0.0,0.0,0.0,0.3046035035006872,0.0,0.0,0.28644519578910294,0.0,0.0,0.0,0.0,0.0,0.0,0.0,0.0,0.0,0.0,0.0,0.0,0.0,0.17392341380323093,0.0,0.04267174003998373,0.08139964203557684,36.8025676691067,9406.882442270555,264.28826044271625,1490.9679353553552
0.14687580887219834,0.0,0.0,0.0,0.0,0.0,0.0,0.0,0.06206969382638666,0.0,0.0,0.0,0.2522622156288431,0.0,0.0,0.0,0.0,0.0,0.0,0.25166147802450417,0.2085579407325833,0.0,0.0,0.0,0.0,0.0,0.0,0.07857286291548435,0.0,0.0,110.54905428169116,5795.643605916222,305.3524247393186,848.0487211677638
0.0,0.0,0.0,0.0,0.0,0.0,0.0,0.22840082795193656,0.11093612967351686,0.0,0.0,0.45035939438457456,0.0,0.0,0.0,0.0,0.0,0.0,0.0,0.0,0.0,0.0,0.0,0.0,0.0,0.0,0.210303647989972,0.0,0.0,0.0,169.75951856460745,9824.109320391843,489.80552246616855,2809.089888125896
0.0,0.0,0.0,0.0,0.0,0.0,0.0,0.0,0.0,0.0,0.0,0.40330772125995756,0.11320485603994904,0.0,0.0,0.0,0.0,0.15059140044533692,0.31532373157584426,0.0,0.0,0.0,0.0,0.0,0.0,0.0,0.01757229067891244,0.0,0.0,0.0,272.09922412025975,4472.423202943427,634.9045637779981,2210.1662848181772
0.0,0.0,0.0,0.0,0.0,0.0,0.0,0.2572751396588816,0.0,0.10785967690146725,0.0,0.0,0.0,0.0,0.0,0.0,0.41729650329643975,0.0,0.13084647050741768,0.0,0.0,0.0,0.0,0.0,0.0,0.0,0.0,0.0,0.0,0.08672220963579369,100.82244283378299,9557.36467487936,319.78952216099395,1067.328343038614
0.0,0.0,0.0,0.0,0.0,0.1367228416692013,0.0,0.0,0.0,0.0,0.0,0.0,0.0,0.0,0.0,0.32292147510676456,0.015065318910379035,0.0,0.3691103928008102,0.0,0.0,0.0,0.0,0.0,0.0681617649572437,0.0,0.0,0.0,0.08801820655560129,0.0,155.64361165774966,6696.827311646103,560.2896159796567,2386.509027934901
0.0,0.0,0.0,0.0,0.0,0.0,0.0,0.0,0.0,0.0,0.0,0.0,0.4402979996429231,0.0,0.0,0.0,0.0,0.0,0.5597020003570768,0.0,0.0,0.0,0.0,0.0,0.0,0.0,0.0,0.0,0.0,0.0,140.5938753461471,3854.9401109706832,345.4598578091228,710.7895643999782
0.0,0.0,0.0,0.0,0.0,0.0,0.0,0.0,0.0,0.0,0.22110386748745225,0.0,0.0,0.0,0.0,0.009771038837995384,0.0,0.0,0.0,0.0,0.0,0.0,0.0,0.0,0.1946359880077001,0.0,0.0,0.0,0.0,0.5744891056668523,107.96387479777071,5180.816329349367,421.02637995002624,1363.7174649715507
0.0,0.0,0.20975924480428085,0.0,0.0,0.0,0.0,0.0,0.0,0.0,0.0,0.0,0.0,0.0,0.0,0.0,0.0,0.0,0.0,0.0,0.0,0.49508695662719293,0.0,0.1496215584748677,0.0,0.0,0.0,0.042075066565515906,0.0,0.10345717352814249,4.336217508004429,4771.182883166379,508.79465244954196,2687.1410369645732
0.0,0.0,0.0,0.0,0.0,0.0,0.0,0.0,0.0,0.0,0.0,0.18939726286618466,0.0,0.11875330138879774,0.0,0.0,0.0,0.0,0.0,0.0,0.0,0.0,0.1076121242187911,0.0,0.0,0.16028597922540422,0.42395133230082227,0.0,0.0,0.0,74.04053716003023,10797.154336422842,480.3674452175827,2688.2077488323707
0.060747574437168654,0.0,0.0,0.0,0.0,0.0,0.0,0.0,0.0,0.0,0.0,0.0,0.0,0.0,0.0,0.31933683277604474,0.10644403634566368,0.23380896081229807,0.0,0.0,0.0,0.0,0.0,0.0,0.0,0.2796625956288248,0.0,0.0,0.0,0.0,121.49487125955974,8217.545606503416,703.5924182220016,2898.2053215980627
0.0,0.0,0.0,0.0,0.0,0.0,0.22078265064251557,0.0,0.0,0.0,0.0,0.0,0.0,0.0,0.0,0.0,0.6634250957135877,0.0,0.11579225364389677,0.0,0.0,0.0,0.0,0.0,0.0,0.0,0.0,0.0,0.0,0.0,133.58216237449392,4673.583197003697,334.59079393753166,1262.1675018932394
0.0,0.0,0.0,0.0,0.0,0.0,0.0,0.0,0.1381301908607396,0.0,0.0,0.15470916948447375,0.0,0.0,0.14463084168467558,0.0,0.28446582237250434,0.0,0.0,0.0,0.0,0.2685329308103546,0.0,0.0,0.009531044787252137,0.0,0.0,0.0,0.0,0.0,130.21792431172804,5547.6694475222,576.4663980609821,2308.729887580967
0.0,0.0,0.0,0.0,0.0,0.0,0.0,0.0,0.0,0.0,0.1351806988746597,0.0,0.10411472178780437,0.0,0.2832988575767555,0.0,0.03411854935938718,0.16490432588727622,0.0,0.0,0.0,0.0,0.0,0.0,0.278382846514117,0.0,0.0,0.0,0.0,0.0,192.94395767802084,5584.397545134916,625.6145584249568,2108.9604350184727
0.0,0.0,0.0,0.0,0.0,0.0,0.0,0.2899183919268796,0.0,0.0,0.0,0.14757059737833358,0.0,0.0,0.0,0.0,0.0,0.0,0.43434439425617327,0.0,0.0,0.0,0.0,0.0,0.0,0.0,0.08286252064487516,0.0,0.04530409579373836,0.0,148.2731346772272,10316.100074957145,425.18425439419656,1339.671384453971
0.545951357503094,0.0,0.0,0.0,0.0,0.0,0.0,0.0,0.0,0.0,0.0,0.12183923650968631,0.0,0.3322094059872196,0.0,0.0,0.0,0.0,0.0,0.0,0.0,0.0,0.0,0.0,0.0,0.0,0.0,0.0,0.0,0.0,62.22608418339907,4173.969712313858,361.198786978032,2166.7650054017167
0.0,0.0,0.0,0.0,0.0,0.0,0.0,0.0,0.0,0.0,0.0,0.0,0.0,0.0,0.0,0.0,0.0,0.0,0.0,0.0,0.0,0.47826455371444887,0.0,0.0,0.0,0.0,0.0,0.5217354462855512,0.0,0.0,3.4258297613883126,8281.167446252264,723.9302821326605,1550.9104955530536
0.07373419363158308,0.0,0.0,0.0,0.0,0.0,0.0,0.22944687206628064,0.03662669726983431,0.0,0.2669799221931534,0.0,0.0,0.0,0.0,0.39321231483914854,0.0,0.0,0.0,0.0,0.0,0.0,0.0,0.0,0.0,0.0,0.0,0.0,0.0,0.0,111.14156438605742,10746.993441214396,577.5089696640166,2136.9171437120617
0.0,0.0,0.0,0.0,0.0,0.0,0.0,0.0,0.0,0.0,0.0,0.0,0.0,0.0,0.0,0.0,0.0,0.0,0.0,0.0,0.0,0.0,0.48884306170230724,0.0,0.0,0.0,0.5111569382976927,0.0,0.0,0.0,21.634938119271677,14649.54831697077,295.01249724533346,1341.0235625316423
0.0,0.0,0.0,0.0,0.0,0.0,0.0,0.0,0.2613009461161674,0.0,0.0,0.0,0.31033677704800106,0.0,0.0,0.0,0.0,0.0,0.0,0.0,0.0,0.0,0.0,0.42836227683583145,0.0,0.0,0.0,0.0,0.0,0.0,90.20355272057579,3956.5749176240074,364.22678223178553,2184.768008585133
0.0,0.0,0.0,0.0,0.6039549463805232,0.0,0.0,0.0,0.0,0.0,0.0,0.0,0.0,0.39604505361947695,0.0,0.0,0.0,0.0,0.0,0.0,0.0,0.0,0.0,0.0,0.0,0.0,0.0,0.0,0.0,0.0,24.98687320341577,4977.526796534389,719.8797491552308,2975.50497619889
0.8753543017593052,0.0,0.0,0.0,0.0,0.0,0.0,0.0,0.0,0.0,0.0,0.0,0.0,0.0,0.0,0.0,0.12464569824069471,0.0,0.0,0.0,0.0,0.0,0.0,0.0,0.0,0.0,0.0,0.0,0.0,0.0,19.327402067797205,3370.8404940499163,201.58595396921325,644.5872259840701
0.0,0.0,0.0,0.23261071391147645,0.0,0.0,0.0,0.0,0.0,0.0,0.0,0.0,0.0,0.0,0.0,0.29404335655183783,0.0,0.0,0.0,0.0,0.0,0.0,0.0,0.36376642219651734,0.0,0.10957950734016841,0.0,0.0,0.0,0.0,75.88701954041592,6105.312581240411,584.2226306184989,3722.1157436034955
0.0,0.10735239338180713,0.0,0.0,0.0,0.0,0.26286082681252804,0.0,0.0,0.0,0.0,0.0,0.0,0.0,0.0,0.6297867798056649,0.0,0.0,0.0,0.0,0.0,0.0,0.0,0.0,0.0,0.0,0.0,0.0,0.0,0.0,57.44309637709378,8944.055109456083,635.5307209091604,2686.5624475463937
0.0,0.0,0.0,0.0,0.22693757878028614,0.0,0.0,0.0,0.0,0.0,0.0,0.06422047011342169,0.0,0.0,0.0,0.0,0.0,0.22546353598930788,0.0,0.0,0.0,0.0,0.0,0.10083417325448737,0.0,0.3825442418624968,0.0,0.0,0.0,0.0,108.83383963778591,8788.693154050392,758.5449637665671,2998.237443223452
0.0,0.0,0.0,0.3390646525623835,0.2076531724990886,0.24198478181267824,0.0,0.0,0.0,0.0,0.0,0.0,0.0,0.0,0.0,0.0,0.0,0.0,0.0,0.0,0.042459393242185305,0.0,0.0,0.0,0.16883799988366438,0.0,0.0,0.0,0.0,0.0,217.6234769868811,4530.90852363615,383.69139286681866,2936.070819365448
0.0,0.0,0.1976024223047737,0.0,0.0,0.05584243019206036,0.20477030859230172,0.0,0.3321641224034606,0.0,0.0,0.11426831542408139,0.0,0.09535240108332214,0.0,0.0,0.0,0.0,0.0,0.0,0.0,0.0,0.0,0.0,0.0,0.0,0.0,0.0,0.0,0.0,164.40542807126388,7237.866264756726,386.30147023289817,2451.5968671298115
0.0,0.0,0.0,0.20902235211572243,0.0,0.0,0.0,0.0,0.10120099911182091,0.0,0.0,0.2496756205677649,0.0,0.0,0.0,0.3474453755802482,0.0,0.09265565262444361,0.0,0.0,0.0,0.0,0.0,0.0,0.0,0.0,0.0,0.0,0.0,0.0,211.85356913359064,5461.257270244354,631.2672955527629,3284.9483056752147
0.0,0.0,0.0,0.0,0.10391091989970871,0.0,0.30234063333101274,0.0,0.0,0.2887675502838742,0.0,0.18638340035587214,0.0,0.0,0.0,0.0,0.0,0.0,0.0,0.0,0.0,0.0,0.0,0.0,0.11859749612953221,0.0,0.0,0.0,0.0,0.0,114.44278898199852,10032.770073303227,536.0952076481049,2306.4251751168986
0.0,0.0,0.0,0.6066771014806037,0.0,0.0,0.0,0.0,0.0,0.39332289851939617,0.0,0.0,0.0,0.0,0.0,0.0,0.0,0.0,0.0,0.0,0.0,0.0,0.0,0.0,0.0,0.0,0.0,0.0,0.0,0.0,144.39249518837428,7278.971056366065,206.64195848073734,2055.1847358334626
0.49175056706294545,0.0,0.0,0.0,0.5082494329370546,0.0,0.0,0.0,0.0,0.0,0.0,0.0,0.0,0.0,0.0,0.0,0.0,0.0,0.0,0.0,0.0,0.0,0.0,0.0,0.0,0.0,0.0,0.0,0.0,0.0,1.7248581424931844,5050.591945261469,523.7623321101655,1625.3527595885682
0.0,0.21773639077022552,0.0,0.0,0.0,0.0,0.0,0.0,0.0,0.0,0.0,0.0,0.45703518367466456,0.0,0.0,0.0,0.32522842555510995,0.0,0.0,0.0,0.0,0.0,0.0,0.0,0.0,0.0,0.0,0.0,0.0,0.0,98.5012368992461,3579.1441615725566,306.2030445455577,953.0853577920751
0.0,0.0,0.0,0.0,0.0,0.0,0.0,0.0,0.0,0.0,0.0,0.0,0.0,0.40884786562466785,0.0,0.0,0.0,0.0,0.2170019961453663,0.0,0.0,0.37415013822996585,0.0,0.0,0.0,0.0,0.0,0.0,0.0,0.0,69.77948360469688,3847.1776153592796,502.11570855517317,2262.982694213392
0.0,0.16103196230931968,0.0,0.0,0.0,0.0,0.0,0.0,0.0,0.0,0.0,0.0,0.0,0.0,0.0,0.0,0.0,0.0,0.0,0.0,0.0,0.0,0.8389680376906803,0.0,0.0,0.0,0.0,0.0,0.0,0.0,34.43146976801048,16176.21721869833,435.2643652095351,721.8071215110862
0.0,0.0,0.0,0.0,0.0,0.34988635139382096,0.0,0.0,0.0,0.0,0.0,0.0,0.0,0.0,0.0,0.0,0.0,0.23202110993932837,0.0,0.0,0.0,0.0,0.0,0.0,0.0,0.0,0.0,0.0,0.0,0.41809253866685064,185.8656560759544,4044.562895054047,358.1522369401782,1610.936084398582
0.0,0.0,0.0,0.0,0.0,0.2589572224597401,0.0,0.0,0.0,0.0,0.0,0.0,0.6589718241364544,0.0,0.0,0.0,0.0,0.0,0.0,0.0,0.0,0.0,0.0,0.0,0.0,0.0,0.0,0.08207095340380562,0.0,0.0,122.7093195003969,3649.0864397568785,240.02008653918458,1512.75773041578
0.0,0.3347442962701904,0.0,0.437997494578006,0.0,0.0,0.0,0.0,0.0,0.0,0.0,0.0,0.0,0.0,0.0,0.0,0.22725820915180345,0.0,0.0,0.0,0.0,0.0,0.0,0.0,0.0,0.0,0.0,0.0,0.0,0.0,133.56077686973578,5278.134671732837,295.22432848231256,1830.4092192484052
0.0,0.0,0.11827930623324756,0.0,0.0,0.0,0.0,0.0,0.6282044373669247,0.0,0.0,0.0,0.0,0.0,0.0,0.0,0.0,0.0,0.0,0.0,0.2535162563998277,0.0,0.0,0.0,0.0,0.0,0.0,0.0,0.0,0.0,217.55890548996717,6707.982503375425,241.0886045228315,1239.596303492451
0.0,0.0,0.0,0.0,0.0,0.0,0.0,0.0,0.0,0.0,0.0,0.0,0.0,0.0,0.0,0.15899315388949042,0.0,0.0,0.0,0.0,0.8410068461105097,0.0,0.0,0.0,0.0,0.0,0.0,0.0,0.0,0.0,258.9604069726923,5841.521443609982,347.8813537595457,1189.0397231131246
0.0,0.0,0.0,0.0,0.0,0.0,0.0,0.0,0.0,0.06573729549627177,0.014391785978640938,0.0,0.0,0.0,0.0,0.0,0.0,0.0,0.0,0.0,0.13756200802521912,0.0,0.0,0.0,0.0,0.0,0.1466278080241152,0.1918318148180387,0.44384928765771414,0.0,60.37762320857925,10671.588593408504,448.9774797664065,1301.039650393695
0.0,0.0,0.0,0.0,0.0,0.0,0.0,0.0,0.0,0.0,0.0,0.0,0.0,0.0,0.0,0.0,0.0,0.7330142147150664,0.0,0.0,0.0,0.0,0.26698578528493344,0.0,0.0,0.0,0.0,0.0,0.0,0.0,247.61243906857655,6627.466972716916,540.5687827154508,645.7544178976336
0.0,0.0,0.0,0.0,0.3803065844432379,0.0,0.21609984044122066,0.0,0.0,0.0,0.0,0.34675284155113667,0.0,0.0,0.0,0.0,0.0,0.0,0.0722106316060983,0.0,0.0,0.07919096678311059,0.0,0.0,0.0,0.0,0.0,0.0,0.0,0.12379180852009311,127.09112984782476,6135.558475068865,760.4715963495901,2655.407268138221
0.0,0.0,0.0,0.09421308965970111,0.14695103873816207,0.0,0.0,0.0,0.0,0.0,0.12685056770141992,0.2872142411413979,0.0,0.0,0.2644021249064926,0.0,0.0,0.0,0.0803689378528266,0.0,0.0,0.0,0.0,0.0,0.0,0.0,0.0,0.0,0.0,0.0,168.91842919884553,6729.529791950537,810.8408773696741,2930.6608722605156
0.0,0.12876215064794405,0.0,0.0,0.0,0.0,0.0,0.0,0.0,0.0,0.0,0.0,0.0,0.09706909596920628,0.0,0.14307676701837246,0.0,0.0,0.0,0.0,0.0,0.16792031280308664,0.0,0.0,0.0,0.0,0.0,0.2835059105566906,0.17966576300469994,0.0,14.606786603611997,9263.023223303499,682.8820806548848,2145.4266731234134
0.0,0.0,0.0,0.0,0.0,0.0,0.3679312952746826,0.0,0.0,0.0,0.0,0.4885462427852177,0.0,0.0,0.0,0.0,0.0,0.0,0.0,0.0,0.0,0.0,0.0,0.14352246194009957,0.0,0.0,0.0,0.0,0.0,0.0,175.5647933023687,6509.159880256293,649.2399603996626,2939.940770004338
0.0,0.0,0.0,0.0,0.0,0.06296668636826996,0.0,0.26372409926615165,0.0,0.0,0.0,0.0,0.0,0.0,0.4637252978488209,0.0,0.0,0.0,0.05013034925315923,0.0,0.0,0.0,0.02603053291406522,0.0,0.0,0.1334230343495332,0.0,0.0,0.0,0.0,32.86153339288181,12908.96910003044,574.0359180315216,2274.665441522247
0.033872728701351815,0.0,0.0,0.0,0.0,0.0,0.06181993470007206,0.0,0.0,0.0,0.0,0.0,0.32726670364757166,0.3293254154613174,0.0,0.0,0.0,0.0,0.0,0.0,0.24771521748968708,0.0,0.0,0.0,0.0,0.0,0.0,0.0,0.0,0.0,136.7640776094529,4798.768693909867,350.3234514170579,1800.3204082396037
0.0,0.0,0.0,0.0,0.0,0.0,0.0,0.0,0.0,0.0,0.0,0.0,0.0,0.0,0.18868611383322872,0.08572078641075499,0.5553770966669852,0.0,0.0,0.0,0.0,0.0,0.0,0.0,0.0,0.17021600308903123,0.0,0.0,0.0,0.0,86.55392662384925,6932.128179706096,496.3982442389812,2309.67378473923
0.0,0.0,0.0,0.0,0.0,0.0,0.28100610555828603,0.0,0.0,0.0,0.0,0.0,0.0,0.0,0.0,0.0,0.7189938944417139,0.0,0.0,0.0,0.0,0.0,0.0,0.0,0.0,0.0,0.0,0.0,0.0,0.0,131.6715057269117,4273.504365515228,341.1680694225645,1255.0429357057735
0.0,0.0,0.1387584718597563,0.0,0.0,0.0,0.1433086873254605,0.0,0.0,0.0,0.0,0.0,0.0,0.0,0.0,0.0,0.0,0.0,0.0,0.0,0.0,0.31185746612894993,0.0,0.0,0.0,0.0,0.4060753746858333,0.0,0.0,0.0,19.02072086231994,7829.945517797295,334.6762525411365,2037.6153252904849
0.0,0.0,0.0,0.0,0.0,0.0,0.06667059074493166,0.0,0.3005784594257136,0.0,0.20863080945934812,0.0,0.0,0.0,0.0,0.0,0.10812230165331557,0.0,0.1905252280427236,0.1254726106739675,0.0,0.0,0.0,0.0,0.0,0.0,0.0,0.0,0.0,0.0,189.12021161333382,5891.629966494423,451.19917933622014,1062.624490687934
0.0,0.0,0.1557026973685001,0.0,0.0,0.0,0.0,0.0,0.0,0.0,0.0,0.0,0.0,0.08049032997402188,0.0,0.0,0.0,0.0,0.0,0.0,0.0,0.25959420010723455,0.0,0.0,0.0,0.0,0.0,0.5042127725502434,0.0,0.0,0.500430098955202,8579.798338098337,701.4403933661131,1940.2722575513944
0.0,0.0,0.0,0.0,0.5094924274808006,0.0,0.0,0.0,0.0,0.0,0.0,0.0,0.0,0.0,0.0,0.0,0.0,0.0,0.0,0.36147733145319433,0.0,0.0,0.0,0.0,0.0,0.0,0.10303247849564474,0.0,0.0,0.025997762570360343,1.3403834676054858,5489.193464348778,579.0405030622945,1959.2753160888878
0.0,0.0,0.0,0.0,0.0,0.0,0.0,0.0,0.0,0.0,0.0,0.0,0.0,0.0,0.0,0.0,0.0,0.0,0.0,0.0,0.0,0.0,0.0,0.0,0.0,0.8666815965309143,0.0,0.0,0.1333184034690858,0.0,9.178939878437099,14576.86180954781,602.4085789983777,3395.4621772713226
0.0,0.0,0.0,0.0,0.0,0.0,0.0,0.0,0.0,0.0,0.0,0.0,0.0,0.0,0.0,0.0,0.0,0.0,0.0,0.0,0.0,0.0,0.35918897652224896,0.0,0.0,0.0,0.0,0.2765683238422242,0.0,0.3642426996355269,18.75452407384872,12836.43385067556,521.0317538581281,856.2281725671195
0.0,0.0,0.0,0.0,0.0,0.0,0.0,0.0,0.0,0.0,0.0,0.0,0.0,0.0,0.0,0.2073442279761626,0.0,0.0,0.0,0.0,0.19661620554095163,0.0,0.0,0.11072138547680681,0.0,0.0,0.22785918866511573,0.15752004423641575,0.09993894810454744,0.0,83.80023426993031,9209.446731979275,541.0290683899627,2135.112793454901
0.0,0.18446222943092982,0.0,0.0,0.134935473051486,0.0,0.0,0.0,0.0,0.0,0.057876522832092034,0.0,0.0,0.0,0.0,0.0,0.0,0.0,0.0,0.0,0.0,0.0,0.14719833575984914,0.0,0.0,0.0,0.19327315704601475,0.0,0.2822542818796281,0.0,27.309376455316535,11247.513416718495,503.02129882565873,1430.950951180931
0.0,0.0,0.0,0.0,0.0,0.0,0.0,0.0,0.0,0.0,0.0,0.0,0.536193621712268,0.0,0.0,0.0,0.0,0.0,0.0,0.0,0.0,0.0,0.0,0.0,0.0,0.0,0.4638063782877321,0.0,0.0,0.0,54.21506441724103,6905.16149713791,196.28820793662325,1315.1326730576752
0.0,0.0,0.0,0.0,0.0,0.0,0.0,0.0,0.0,0.0,0.0,0.0,0.1637180617615138,0.0,0.0,0.0,0.0,0.0,0.0,0.0,0.0,0.0,0.0,0.0,0.0,0.0,0.8362819382384862,0.0,0.0,0.0,14.733240265356768,9586.959446051613,157.32783646571784,1510.904185743025
0.0,0.0,0.6345455569985642,0.0,0.0,0.11387405028524665,0.0,0.0,0.0,0.0,0.0,0.0,0.0,0.0,0.144978951744216,0.0,0.0,0.0,0.0,0.0,0.0,0.0,0.0,0.0,0.0,0.0,0.0,0.0,0.10660144097197322,0.0,33.505834477148696,5909.205548410969,369.00671754567253,2717.30332203183
0.0,0.0,0.5804672992863249,0.0,0.0,0.0,0.0,0.0,0.0,0.0,0.0,0.0,0.0,0.0,0.0,0.0,0.0,0.0,0.0,0.4195327007136752,0.0,0.0,0.0,0.0,0.0,0.0,0.0,0.0,0.0,0.0,1.6197731657555574,4966.676773012673,232.45776228686088,1957.9269512474611
0.3803039289384409,0.0,0.0,0.0,0.0,0.0,0.0,0.0,0.0,0.0,0.0,0.0,0.0,0.0,0.2952720598207612,0.0,0.324424011240798,0.0,0.0,0.0,0.0,0.0,0.0,0.0,0.0,0.0,0.0,0.0,0.0,0.0,,4844.818394361722,446.13980168295666,1422.9316314671096
0.0,0.0,0.0,0.0,0.0,0.0,0.0,0.0,0.0,0.0,0.0,0.0,0.39078337955231907,0.0,0.0,0.0,0.0,0.0,0.0,0.0,0.0,0.0,0.0,0.0,0.0,0.6092166204476809,0.0,0.0,0.0,0.0,49.58369509411623,9990.614104923745,527.8292685371315,2756.271172308991
0.0,0.0,0.0,0.0,0.0,0.0,0.0,0.0,0.0,0.1527203059419936,0.0,0.0,0.0,0.0,0.0,0.0,0.0,0.0,0.0,0.0,0.0,0.0,0.0,0.4233868463905696,0.0,0.0,0.0,0.0,0.42389284766743673,0.0,11.300747542606365,7273.385693570394,435.7162792422353,2162.715210315599
0.0,0.0,0.0,0.0,0.0,0.0,0.0,0.0,0.0,0.0,0.0,0.0,0.0,0.0,0.0,0.1929969762766884,0.0,0.0,0.0,0.18673701216466743,0.0,0.0,0.03842761290568143,0.0,0.0,0.0,0.0,0.23516326282439917,0.02415026249519057,0.32252487333337293,15.93506409134282,8382.485099401802,525.5291703634508,1536.679207515108
0.0,0.0,0.0,0.0,0.0,0.0,0.0,0.0,0.0,0.0,0.0,0.0,0.0,0.39676188440169824,0.0,0.500427183185306,0.0,0.0,0.0,0.0,0.0,0.0,0.0,0.0,0.0,0.0,0.10281093241299587,0.0,0.0,0.0,46.332942854369364,6414.308394769031,627.2484100733651,3409.947511516215
0.0,0.0,0.0,0.0,0.0,0.0,0.0,0.0,0.14087978755821973,0.0,0.0,0.0,0.0,0.0,0.0,0.0,0.0,0.0,0.0,0.0,0.2995197180057286,0.5596004944360518,0.0,0.0,0.0,0.0,0.0,0.0,0.0,0.0,118.20975694460473,4733.621843043225,413.9894485319242,1638.8523317901293
0.0,0.0,0.0,0.0,0.2774702180067782,0.0,0.0,0.0,0.0,0.0,0.14603688030344852,0.0,0.0,0.0,0.0,0.0,0.0,0.0,0.0,0.0,0.41386816167847024,0.0,0.0,0.0,0.16262474001130306,0.0,0.0,0.0,0.0,0.0,231.42529378179952,5824.6649253030955,576.6783892801398,1937.3773116471007
0.0,0.0,0.0,0.0,0.0,0.0,0.0,0.0,0.0,0.0,0.3849521509443176,0.0,0.0,0.0,0.0,0.0,0.0,0.0,0.3151762507625883,0.0,0.056883025758100884,0.0,0.0,0.0,0.0,0.0,0.0,0.0,0.24298857253499306,0.0,195.92065972432317,6949.056716729161,601.600667064652,1096.6631727248787
0.0,0.0,0.0,0.12024452048788985,0.0,0.0,0.1792314497344646,0.0,0.0,0.0,0.0,0.0,0.0,0.0,0.0,0.053940766465872175,0.0,0.0,0.0,0.0,0.0,0.0,0.0,0.0,0.6465832633117734,0.0,0.0,0.0,0.0,0.0,196.8685196547826,6736.15276053465,322.39794389097426,2871.0519379468374
0.0,0.0,0.0,0.0,0.0,0.0,0.0,0.0,0.0,0.0,0.0,0.0,0.49721370161525896,0.0,0.0,0.0,0.0,0.0,0.0,0.0,0.0,0.0,0.0,0.0,0.0,0.0,0.0,0.5027862983847411,0.0,0.0,40.40860236409358,7695.29806155269,589.3164532020904,1038.9019362316865
0.0,0.0,0.0,0.08021309400948783,0.3183365916570023,0.36431382043958577,0.0,0.0,0.0,0.0,0.0,0.0,0.0,0.0,0.0,0.0,0.04392390348026606,0.0,0.0,0.0,0.0,0.0,0.0,0.0,0.0,0.0,0.0,0.0,0.1932125904136582,0.0,120.02887932209234,5548.7658442898355,478.03655480773637,2621.986458443278
0.0,0.0,0.29978391302461055,0.0,0.0,0.0,0.0,0.0,0.0,0.3258230216149728,0.0,0.0,0.0,0.0,0.0,0.0,0.0,0.0,0.0,0.0,0.3743930653604167,0.0,0.0,0.0,0.0,0.0,0.0,0.0,0.0,0.0,117.86328507726591,9085.158296495743,289.3613126909338,1568.2564021237445
0.0,0.0,0.48766852658139315,0.0,0.38415809191233913,0.0,0.0,0.0,0.0,0.0,0.1281733815062677,0.0,0.0,0.0,0.0,0.0,0.0,0.0,0.0,0.0,0.0,0.0,0.0,0.0,0.0,0.0,0.0,0.0,0.0,0.0,41.35281433111805,5707.577607587749,609.1267911236215,2525.1328797842243
0.0,0.0,0.08870388414854424,0.0,0.0,0.0,0.0,0.0,0.0,0.0,0.0,0.0,0.13320416764412366,0.0,0.0,0.0,0.0,0.13425579930875714,0.0,0.0,0.0,0.0,0.0,0.24278187420038874,0.0,0.0,0.0,0.0,0.0,0.0,105.00382671950818,3590.25307735893,467.5144281924179,2503.5050254234993
0.0,0.0,0.0,0.0,0.0,0.0,0.0,0.0,0.0,0.0,0.26613197896579666,0.0,0.0,0.0,0.0,0.0,0.0,0.17567249437982047,0.0,0.0,0.0,0.0,0.05966312321980386,0.262262428119256,0.07430192154622042,0.0,0.16196805376910273,0.0,0.0,0.0,169.5121944708841,7104.2414400082525,596.6500517289778,2191.6644841294924
0.0,0.0,0.0,0.0,0.0,0.0,0.0,0.0,0.0,0.0,0.42045577496502445,0.0,0.08474248085409239,0.0,0.0,0.0,0.13471551322635766,0.0,0.0,0.0,0.0,0.36008623095452547,0.0,0.0,0.0,0.0,0.0,0.0,0.0,0.0,144.76906382273398,5035.7052857707495,684.3187404892686,1584.747747984735
0.0,0.0,0.0,0.0,0.0,0.17411539633069475,0.0,0.0,0.0,0.2906798060403462,0.0,0.0,0.0,0.37493593473356535,0.0,0.0,0.0,0.0,0.0,0.0,0.1602688628953936,0.0,0.0,0.0,0.0,0.0,0.0,0.0,0.0,0.0,115.64520502736485,7225.006161801515,366.5612194969995,2322.740206774123
0.0,0.0,0.0,0.17857984146511846,0.0,0.0,0.0,0.0,0.0,0.0,0.0,0.17203425674343795,0.18396563786329914,0.0,0.0,0.0,0.0,0.0,0.0,0.0,0.0,0.0,0.0,0.0,0.3442806470227937,0.1211396169053508,0.0,0.0,0.0,0.0,200.60776910753768,6524.789818189828,408.87036805855286,3008.2022932112654
0.322659368354705,0.0,0.0,0.0,0.0,0.0,0.37341925885402427,0.0,0.0,0.0,0.0,0.0,0.0,0.0,0.0,0.0,0.0,0.30392137279127085,0.0,0.0,0.0,0.0,0.0,0.0,0.0,0.0,0.0,0.0,0.0,0.0,152.90247081601387,5645.8873901337265,395.0549715146738,677.7245814359377
0.0,0.0,0.0,0.0,0.3047430218055086,0.19112057361710605,0.0,0.0,0.0,0.0,0.0,0.0,0.0,0.0,0.0,0.0,0.0,0.0,0.0,0.0,0.5041364045773853,0.0,0.0,0.0,0.0,0.0,0.0,0.0,0.0,0.0,210.26365310449722,5455.552965592702,468.6461870044901,1938.4475209472562
0.0,0.5490944593176231,0.0,0.0,0.0,0.0,0.0,0.0,0.0,0.0,0.0,0.0,0.1630811830367592,0.0,0.0,0.0,0.0,0.0,0.0,0.0,0.28782435764561776,0.0,0.0,0.0,0.0,0.0,0.0,0.0,0.0,0.0,108.81755639366095,7295.982228647409,367.9092625481465,1205.3329041198128
0.0,0.0,0.0,0.0,0.3108574016408495,0.0,0.0,0.0,0.0,0.13227150749732955,0.0,0.0,0.0,0.0,0.0,0.0,0.0,0.0,0.0,0.1746002382351281,0.0,0.0,0.0,0.14013753218298383,0.08972967910911205,0.0,0.15240364133459677,0.0,0.0,0.0,25.981317935481993,8058.56149304227,527.4927060551502,2465.8063528252983
0.4407260109612381,0.0,0.0,0.0,0.0,0.0,0.0,0.0,0.0,0.0,0.10162624035015466,0.0,0.0,0.0,0.0,0.0,0.0,0.0,0.0,0.0,0.0,0.0,0.0,0.0,0.0,0.0,0.4576477486886072,0.0,0.0,0.0,34.00368070003803,7284.047351855023,239.16958152588754,1186.6968588916527
0.0,0.0,0.0,0.0,0.0,0.07638278455283382,0.0,0.0,0.0,0.0,0.0,0.0,0.0,0.0,0.0,0.0,0.13118654227141616,0.20283413616342877,0.0,0.5895965370123213,0.0,0.0,0.0,0.0,0.0,0.0,0.0,0.0,0.0,0.0,111.37334086204312,3128.195486579912,299.46136563622997,987.6957793964241
0.0,0.07539384944491112,0.0,0.0,0.0,0.0,0.0,0.1596249558911569,0.0,0.0,0.0,0.0,0.0,0.30384048800009444,0.0,0.0,0.0,0.0,0.0,0.0,0.16051982877279672,0.0,0.18378145044488509,0.0,0.0,0.1168394274461558,0.0,0.0,0.0,0.0,82.00372458177063,12115.11641280256,449.27925846242897,2219.1714999428123
0.0,0.0,0.10146815653959837,0.0,0.0,0.0,0.0,0.0,0.0,0.0,0.0,0.0,0.0,0.0,0.0,0.0,0.0,0.16865340599657658,0.0,0.0,0.0,0.0,0.2262552740566013,0.2212925688728774,0.0,0.219909134109385,0.0,0.0,0.0,0.062421460424961335,82.78369730430029,10026.348167278242,562.7401717366911,2537.6557370041364
0.0,0.0,0.0,0.17886921497574682,0.0,0.0,0.0,0.0,0.0,0.0,0.0,0.08671476988162331,0.0,0.0,0.0,0.16901754639103356,0.0,0.0,0.0,0.0,0.0,0.0,0.38166511128730124,0.0,0.0,0.18373335746429512,0.0,0.0,0.0,0.0,104.30639894731554,12715.572248112716,536.4406895154489,2739.87946578313
0.0,0.0,0.0,0.3076875977565021,0.0,0.5406689458461119,0.0,0.0,0.0,0.0,0.0,0.0,0.0,0.0,0.0,0.0,0.0,0.0,0.0,0.0,0.0,0.0,0.0,0.0,0.0,0.0,0.0,0.15164345639738602,0.0,0.0,205.0435592463269,5423.434239052382,286.5773317381883,2701.7889771154314
0.0,0.0,0.0,0.0,0.0,0.0,0.0,0.0,0.35168267913983475,0.0,0.0,0.0,0.0,0.0,0.0,0.3066508568573432,0.0,0.0,0.0,0.0,0.0576401335089538,0.13845957834568545,0.14556675214818274,0.0,0.0,0.0,0.0,0.0,0.0,0.0,110.56324386964764,8644.962726781403,501.6597766696252,2062.0178188711516
0.1397031798225939,0.0,0.0,0.0,0.0,0.0,0.0,0.0,0.0,0.0,0.0,0.0,0.0,0.0,0.0,0.0,0.19264388085429102,0.0,0.0,0.0,0.0,0.0,0.2470060006446767,0.0,0.0,0.0,0.0,0.27108042978705843,0.14956650889137996,0.0,38.485698567417,11433.993441973253,560.2934849332629,1109.2835303064576
0.0,0.40710166669217096,0.0,0.0,0.28616174983854625,0.0,0.0,0.3067365834692828,0.0,0.0,0.0,0.0,0.0,0.0,0.0,0.0,0.0,0.0,0.0,0.0,0.0,0.0,0.0,0.0,0.0,0.0,0.0,0.0,0.0,0.0,7.811980121112638,10770.096552046136,506.8784868950759,1234.2421182807302
0.0,0.4346478864696517,0.0,0.14917869583611934,0.0,0.0,0.06596806864531994,0.0,0.07468882232266592,0.0,0.0,0.0,0.0,0.0,0.0,0.0,0.0,0.0,0.0,0.0,0.0,0.0,0.2755165267262431,0.0,0.0,0.0,0.0,0.0,0.0,0.0,91.3778421374202,11236.34998571208,397.4858829037989,1143.7058979557614
0.0,0.0,0.4024035192346946,0.0,0.357548333347382,0.0,0.0,0.0,0.0,0.24004814741792327,0.0,0.0,0.0,0.0,0.0,0.0,0.0,0.0,0.0,0.0,0.0,0.0,0.0,0.0,0.0,0.0,0.0,0.0,0.0,0.0,3.4988952022806057,7972.7442828862095,548.0829099850757,2474.466309987195
0.0,0.0,0.0,0.0,0.0,0.0,0.0,0.0,0.0,0.0,0.5835869950077476,0.0,0.0,0.0,0.0,0.0,0.0,0.0,0.0,0.0,0.0,0.0,0.0,0.0,0.0,0.0,0.039046419190404164,0.0,0.37736658580184823,0.0,166.11260586000068,7018.179069252641,627.0612202070074,1169.9129643151007
0.0,0.0,0.0,0.0,0.0,0.36311186265860346,0.0,0.0,0.0,0.0,0.0,0.43889758590188666,0.0,0.0,0.0,0.0,0.0,0.0,0.0,0.0,0.19799055143950997,0.0,0.0,0.0,0.0,0.0,0.0,0.0,0.0,0.0,291.9295107378974,4460.850207869466,504.7904577929863,3313.3341941968956
0.0,0.0,0.0,0.1562857594366828,0.0,0.0,0.2949905734552149,0.0,0.0,0.0,0.0,0.0,0.0,0.0,0.0,0.0,0.0,0.0,0.0,0.38871001967777685,0.0,0.0,0.0,0.16001364743032556,0.0,0.0,0.0,0.0,0.0,0.0,74.71428963368967,6106.576889992874,323.73203150112516,1723.8085506400193
0.0,0.0,0.0,0.0,0.0,0.0,0.0,0.0,0.0,0.8825739634542958,0.0,0.0,0.0,0.0,0.0,0.0,0.0,0.1174260365457041,0.0,0.0,0.0,0.0,0.0,0.0,0.0,0.0,0.0,0.0,0.0,0.0,38.109174081097855,12159.580099426854,324.86580616630374,803.5974831875077
0.0,0.2575339717773796,0.0,0.0,0.19190995337915667,0.0,0.0,0.0,0.0,0.0,0.0,0.5505560748434637,0.0,0.0,0.0,0.0,0.0,0.0,0.0,0.0,0.0,0.0,0.0,0.0,0.0,0.0,0.0,0.0,0.0,0.0,169.05304490434548,6175.957997605988,746.3916530322821,3078.612848359239
0.0,0.17390141623595962,0.09450341202717058,0.0,0.34061588625967615,0.0,0.0,0.11803130375636196,0.0,0.0,0.0,0.0,0.0,0.0,0.0,0.0,0.0,0.0,0.0,0.0,0.0,0.0,0.0,0.060566673407902,0.0,0.21238130831292973,0.0,0.0,0.0,0.0,9.631412026312072,10441.248675328825,647.8331359838943,2682.001089086079
0.0,0.0,0.0,0.0,0.0,0.0,0.0,0.0,0.0,0.02417197317051494,0.0,0.6798351626168158,0.0,0.0,0.0,0.0,0.0,0.0,0.29599286421266935,0.0,0.0,0.0,0.0,0.0,0.0,0.0,0.0,0.0,0.0,0.0,247.82352575218175,4713.884959819237,751.0456385134826,4991.181491851561
0.0,0.0,0.10459240664362617,0.0,0.0,0.0,0.13489015524556297,0.0,0.0,0.0,0.0,0.0,0.20471798811229158,0.0,0.0,0.0,0.2951946965085043,0.0,0.0,0.0,0.0,0.0,0.18429139716667234,0.0,0.0,0.0,0.0,0.0,0.0,0.07631335632334259,85.19416657836783,7502.981003821968,365.71211160222214,1316.973806225227
0.3336223609847535,0.0,0.0,0.0,0.0,0.0,0.0,0.0,0.0,0.0,0.0,0.0,0.0,0.13299716698825567,0.0,0.0,0.0,0.0,0.0,0.0,0.0,0.0,0.0,0.44458676933913643,0.0,0.0,0.08879370268785435,0.0,0.0,0.0,13.081267898196298,4434.573761367985,411.50305599795166,2669.5260899159757
0.0,0.0,0.0,0.0,0.0,0.0,0.0,0.3974523325390658,0.0,0.0,0.0,0.31517752913614167,0.0,0.0,0.0,0.0,0.0,0.0,0.0,0.0,0.0,0.0,0.0,0.0,0.28737013832479247,0.0,0.0,0.0,0.0,0.0,175.93096090412675,11596.955885403713,438.22697966874006,2707.9942572414643
0.0,0.0,0.0,0.0,0.0,0.0,0.0,0.0,0.0,0.0,0.0,0.39109211786074877,0.0,0.09244645782374476,0.0,0.0,0.0,0.0,0.21053952991821162,0.0,0.0,0.0,0.0,0.0,0.3059218943972949,0.0,0.0,0.0,0.0,0.0,229.521943037938,5168.041797675819,619.4285256743219,3190.6966095132557
0.0,0.0,0.0,0.0,0.0,0.0,0.035740712758665145,0.0,0.0,0.006321565200172851,0.48818727497044273,0.0,0.0,0.0,0.44159740338464465,0.0,0.0,0.0,0.0,0.0,0.0,0.0,0.0,0.0,0.028153043686074554,0.0,0.0,0.0,0.0,0.0,148.29458705914624,6991.210292079855,813.4298511386171,1912.6906388412303
0.0,0.0,0.0,0.0,0.0,0.0,0.0,0.36805941396672803,0.14308411910481614,0.0,0.0,0.0,0.18909872627381147,0.0,0.0,0.06522554686014835,0.0,0.0,0.0,0.0,0.0,0.0,0.0,0.0,0.0,0.0,0.0,0.23453219379449608,0.0,0.0,61.841939147598936,13619.194315993225,435.93722806215334,1265.1457605004098
0.0,0.0,0.0,0.0,0.0,0.0,0.0,0.0,0.0,0.0,0.0,0.0,0.0,0.0,0.17520199420041987,0.0,0.0,0.0,0.0,0.0,0.0,0.27933740761407705,0.0,0.0,0.0,0.0,0.5454605981855033,0.0,0.0,0.0,0.050409092869170724,8575.33297543919,359.91223200868313,2031.8975526958375
0.0,0.0,0.0,0.0,0.0,0.0,0.0,0.0,0.0,0.0,0.23579781420221566,0.16311127288572316,0.0,0.0,0.0,0.0,0.0,0.0,0.0,0.0,0.2702682759761115,0.0,0.0,0.0,0.3308226369359496,0.0,0.0,0.0,0.0,0.0,264.4374503675958,5673.59988510264,529.8881867561613,2249.683660098927
0.0,0.5473932554750324,0.0,0.0,0.0,0.0,0.0,0.0,0.0,0.0,0.0,0.0,0.0,0.0,0.245872654806342,0.0,0.0,0.0,0.0,0.0,0.0,0.0,0.0,0.0,0.0,0.0,0.20673408971862575,0.0,0.0,0.0,4.927020964245509,8761.60533082389,497.50965482304144,1338.827002535422
0.0,0.0,0.0,0.15607695598104848,0.0,0.0,0.0,0.04649424095797502,0.0,0.08080061344086678,0.0,0.0,0.0,0.0,0.0,0.0,0.0,0.21666091070365043,0.0,0.0,0.0,0.0,0.0,0.0,0.0,0.0,0.0,0.0,0.4999672789164593,0.0,131.86456694647595,7646.171686546046,368.67335890292685,1414.445938177898
0.0,0.0,0.047175198348382956,0.0,0.0,0.0,0.0,0.0,0.23729842298828324,0.4734051086455514,0.0,0.1358040807761978,0.0,0.0,0.0,0.0,0.0,0.0,0.0,0.0,0.0,0.0,0.0,0.0,0.0,0.0,0.0,0.0,0.10631718924158451,0.0,95.63530525550554,11016.609217067975,386.56199497788697,1537.1362970924379
0.0,0.0,0.0,0.0,0.0,0.0,0.0,0.0,0.0,0.0,0.0,0.0,0.0,0.0,0.0,0.0,0.0,0.0,0.0,0.0,0.0,0.0,0.0,0.412298556471393,0.0,0.0,0.5877014435286071,0.0,0.0,0.0,0.6196381135386537,7686.871285079803,320.653345113124,2589.9925728358107
0.0,0.0,0.0,0.0,0.0,0.0,0.03022986845292308,0.0,0.0,0.0,0.0,0.0,0.0,0.19473860870943413,0.0,0.0,0.0,0.31346814982774196,0.0,0.0,0.0,0.0,0.0,0.0,0.21026759030470307,0.0,0.0,0.0,0.2512957827051977,0.0,177.73027835618547,5006.4324395009335,505.0412676984735,1967.3657377621232
0.0,0.0,0.0,0.0,0.0,0.0,0.0,0.0,0.0,0.059939172287364326,0.3328519655352785,0.0,0.14040476978216634,0.0,0.0,0.0,0.0,0.0,0.0,0.0,0.0,0.0,0.0,0.0,0.0,0.03406090892385653,0.1975759332622835,0.0,0.0,0.23516725020905072,130.35921851247346,7963.080544344855,501.7132557908662,1229.5614227891983
0.0,0.0,0.0,0.0,0.0,0.1751113528373028,0.0,0.0,0.0,0.0,0.0,0.0,0.0,0.0,0.0,0.0,0.0,0.0,0.0,0.3784282766796032,0.0,0.16213354784019887,0.0,0.0,0.0,0.0,0.2843268226428952,0.0,0.0,0.0,47.31837770609588,6320.055154431304,230.91360203616736,1691.8174563846617
0.0,0.0,0.0,0.0,0.0,0.0,0.0,0.0,0.0,0.14664737791680724,0.0,0.0,0.0,0.0,0.0,0.0,0.0,0.0,0.0,0.0,0.26014264226446365,0.37528965245035384,0.0,0.0,0.0,0.060632221786587025,0.0,0.0,0.0739481139138432,0.08333999166794522,88.19302444207916,6797.841705450421,444.98441377795467,1818.1470129580835
0.0,0.0,0.0,0.0,0.0,0.0,0.0,0.0,0.30399063496489465,0.0,0.2493384503735853,0.0,0.0,0.0,0.0,0.0,0.0,0.0,0.17094715578691871,0.0,0.0,0.0,0.0,0.0,0.0,0.16583851616119985,0.0,0.0,0.0,0.10988524271340158,186.9464475667744,8168.074303126227,524.8646925344035,1444.041282050176
0.0,0.0,0.0,0.0,0.0,0.0,0.0,0.0,0.0,0.0,0.0,0.0,0.0,0.0,0.0,0.0,0.0,0.23581805584942597,0.0,0.0,0.0,0.0,0.0,0.0,0.0,0.0,0.0,0.0,0.764181944150574,0.0,92.94030881397747,7448.347872101965,384.3522358952205,1151.8079855961473
0.0,0.028906327831101565,0.0,0.0,0.0,0.0,0.11977356921821761,0.0,0.0,0.4600702206058208,0.0,0.0,0.0,0.0,0.0,0.0,0.0,0.15210638887816064,0.0,0.0,0.0,0.0,0.0,0.0,0.0482789815652691,0.0,0.19086451190143028,0.0,0.0,0.0,79.6651823082882,10934.970102664367,327.6789712053285,1267.7925421188356
0.0,0.16869700882082436,0.0,0.0,0.0,0.0,0.0,0.2117932555842923,0.0,0.14698180623165197,0.0,0.0,0.0,0.181625568321744,0.0,0.0,0.0,0.0,0.0,0.0,0.0,0.0,0.0,0.0,0.11728025243536684,0.17362210860612065,0.0,0.0,0.0,0.0,53.35691249715979,13524.168715407506,424.9993079103487,2148.1744141904483
0.0,0.0,0.0,0.0,0.0,0.0,0.0,0.0,0.0,0.0,0.0,0.0,0.10791023064451574,0.0,0.09440890684695953,0.0,0.0,0.0,0.0,0.0,0.0,0.0,0.3544588066334803,0.12784850972741224,0.0,0.0,0.0,0.3153735461476321,0.0,0.0,24.537950040413598,13170.908117347826,646.1367057150204,1490.3759349893726
0.0,0.0,0.12065938121762933,0.0,0.0,0.0,0.0,0.10296858038151724,0.3360904081867294,0.0,0.0,0.0,0.12486292331219734,0.0,0.0,0.0,0.0,0.0,0.0,0.0,0.0,0.0,0.0,0.0,0.0,0.23270154964008807,0.0,0.0,0.0827171572618387,0.0,93.32276519369469,10451.630994360543,396.32753680257326,2066.715866949233
0.0,0.0,0.0,0.0,0.0,0.0,0.0,0.0,0.0,0.0,0.0,0.0,0.0,0.0,0.0,0.0,0.1303895619397058,0.0,0.0,0.0,0.44084928683002517,0.0,0.0,0.0,0.0,0.4287611512302691,0.0,0.0,0.0,0.0,163.30823472623052,9372.695931048182,468.7437651472279,2277.2471088314846
0.0,0.41682489990196636,0.0,0.0,0.18741166089023154,0.0,0.0,0.0,0.03084712721293516,0.0,0.0,0.0,0.0,0.08825428911728432,0.0,0.15482607142758556,0.0,0.0,0.0,0.0,0.0,0.0,0.0,0.0,0.0,0.0,0.0,0.0,0.12183595144999709,0.0,23.432946944582064,7667.489313008585,592.3861838274549,2049.402912857271
0.0,0.0,0.1894679393649319,0.0,0.0,0.0,0.3160162440321954,0.0,0.0,0.0,0.0,0.0,0.0,0.0,0.0,0.0,0.0,0.077482859723043,0.0,0.056780021093010204,0.0,0.0,0.0,0.17447861748946455,0.0,0.0,0.1857743182973548,0.0,0.0,0.0,74.38863788444922,7355.937377924407,403.67427063030425,2125.0512897980616
0.40351634854589025,0.0,0.33550451362625183,0.0,0.0,0.0,0.0,0.0,0.0,0.0,0.0,0.0,0.0,0.0,0.1469515685909636,0.0,0.0,0.0,0.0,0.0,0.11402756923689425,0.0,0.0,0.0,0.0,0.0,0.0,0.0,0.0,0.0,33.55817758225095,5676.743539107159,356.8841699308906,1897.7800360428673
0.0,0.0,0.0,0.0,0.0,0.0,0.0,0.0,0.0,0.0,0.27780311922742323,0.4177980226685291,0.0,0.0,0.0,0.0,0.19844071682469727,0.0,0.0,0.0,0.0,0.0,0.0,0.0,0.0,0.0,0.0,0.0,0.0,0.1059581412793504,235.43731563667066,4693.902493949463,708.6080427168746,2469.5186078674974
0.0,0.0,0.0,0.0,0.0,0.0,0.0,0.0,0.0,0.0,0.0,0.0,0.0,0.0,0.0,0.36683062813155537,0.2189202508206068,0.0,0.0,0.0,0.0,0.41424912104783773,0.0,0.0,0.0,0.0,0.0,0.0,0.0,0.0,55.64165179360682,5260.6617646809345,547.1268582053203,2592.16608221477
0.0,0.06136972414588599,0.0,0.0,0.0,0.16306506316122943,0.0,0.13491096698848082,0.0,0.0,0.0,0.0,0.0,0.0,0.0,0.0,0.0,0.0,0.0,0.0,0.043719203268487314,0.0,0.24792457412040758,0.0,0.0,0.0,0.0,0.0,0.3490104683155087,0.0,78.42265865212703,12604.094574066477,330.15365839629135,1399.6665021880194
0.0,0.0,0.0,0.0,0.0,0.0,0.0,0.0,0.0,0.0,0.12143767221749034,0.0,0.3840912151670727,0.0,0.0,0.0,0.0,0.0,0.0,0.0,0.0,0.0,0.0,0.0,0.0,0.0,0.4944711126154369,0.0,0.0,0.0,68.98551960683571,7587.287864540014,270.9926334698887,1386.6946637831088
0.0,0.0,0.0,0.0,0.2291312823280017,0.0,0.0,0.0,0.0,0.0,0.21769377628288694,0.0,0.0,0.0,0.0,0.0,0.1330931539782575,0.0,0.0,0.0,0.0,0.0,0.2612538392699536,0.0,0.0,0.0,0.15882794814090032,0.0,0.0,0.0,90.52693812333139,10564.5175971261,635.1535521001523,1688.7033388010404
0.0,0.0,0.0,0.0,0.0,0.06847852182246811,0.0,0.0,0.08640527615996037,0.0,0.0,0.0,0.09071982181811174,0.0,0.0,0.0,0.0,0.0,0.0,0.0,0.0,0.27030165874380657,0.0,0.0,0.0,0.0,0.0,0.0,0.30130342809634897,0.1827912933593043,58.793660431741515,6162.215525357097,355.5845150865515,1569.1535070694533
0.0,0.0,0.0,0.0,0.0,0.0,0.0,0.0,0.0,0.0,0.0,0.30133779425923346,0.0,0.6986622057407665,0.0,0.0,0.0,0.0,0.0,0.0,0.0,0.0,0.0,0.0,0.0,0.0,0.0,0.0,0.0,0.0,137.61613890925017,3878.9207536541426,565.9755062520977,3618.126371660857
0.0,0.0,0.251566619574969,0.0,0.0,0.0,0.0,0.0,0.0,0.0,0.16874119708828228,0.0,0.0,0.0,0.0,0.11970635104027068,0.0,0.0,0.0,0.0,0.06648582722301982,0.0,0.0,0.21975589701956108,0.0,0.0,0.0,0.17374410805389723,0.0,0.0,80.75250613380447,7379.170548604007,651.9660144175677,2517.6576780628793
0.0,0.0,0.0,0.0,0.0,0.0,0.0,0.0,0.0,0.0,0.0,0.0,0.0,0.0,0.0,0.0,0.28823114054393173,0.24103824427823597,0.0,0.0,0.0,0.15887997747552668,0.0,0.0,0.0,0.31185063770230553,0.0,0.0,0.0,0.0,141.29831410747292,7082.286223211418,598.6125916391998,2308.974912205968
0.37384986838032397,0.21469409350575086,0.0,0.0,0.0,0.0,0.0,0.0,0.0,0.0,0.0,0.0,0.0,0.0,0.1731298236374314,0.0,0.0,0.0,0.0,0.0,0.0,0.0,0.0,0.08015559335707516,0.0,0.15817062111941868,0.0,0.0,0.0,0.0,4.633536930690956,7988.399666095793,453.6755207003688,1892.6528639123906
0.0,0.1964620212530275,0.0,0.0,0.0,0.0,0.0,0.0,0.0,0.0,0.0,0.0,0.0,0.0,0.2322989064122902,0.0,0.0,0.0,0.0,0.49543063003987636,0.0,0.0,0.0,0.0,0.0,0.0,0.0,0.07580844229480607,0.0,0.0,3.7409969470268605,6716.395974108098,452.86238587340273,1243.950497916039
0.0,0.0,0.0,0.0,0.0,0.0,0.0,0.0,0.0,0.0,0.0,0.0,0.0,0.4128017252025859,0.0,0.0,0.0,0.5110709488306133,0.0,0.0,0.0,0.07612732596680089,0.0,0.0,0.0,0.0,0.0,0.0,0.0,0.0,190.36790430668356,2762.403477124304,538.8985940608516,1785.6883128776924
0.18754600218833467,0.0,0.3333253012940961,0.0,0.0,0.0,0.0,0.0,0.0,0.0,0.0,0.0,0.0,0.0,0.0,0.32301018832411876,0.0,0.0,0.0,0.0,0.0,0.0,0.0,0.0,0.15221079874178967,0.0,0.003907709451660734,0.0,0.0,0.0,49.65947546842731,6309.6082099410305,478.6943788026892,3224.335740628725
0.0,0.0,0.0,0.0,0.015082470403024097,0.0,0.0,0.0,0.27535144519037286,0.0,0.0,0.07012274916910004,0.0,0.0,0.0,0.0,0.0,0.0,0.0,0.47695195582393013,0.0,0.0,0.0,0.0,0.0,0.0,0.0,0.0,0.16249137941357295,0.0,87.4341828386,5956.700198869857,288.0312688329354,1222.4615187707982
0.0,0.0,0.0,0.0,0.0,0.0,0.0,0.0,0.4258960641425463,0.0,0.0,0.0,0.0,0.0,0.0,0.06655874503837071,0.0,0.0,0.0,0.0,0.0,0.0,0.0,0.0,0.0772324690814605,0.35629805510275553,0.07401466663486707,0.0,0.0,0.0,136.8158516691722,11268.374601451096,429.909492977838,2774.0019945428908
0.7032985497030183,0.0,0.0,0.0,0.0,0.0,0.29670145029698164,0.0,0.0,0.0,0.0,0.0,0.0,0.0,0.0,0.0,0.0,0.0,0.0,0.0,0.0,0.0,0.0,0.0,0.0,0.0,0.0,0.0,0.0,0.0,32.39955230093693,5105.543814096052,226.79347600371648,739.2892391410119
0.0,0.0,0.8175385250188472,0.0,0.0,0.0,0.0,0.0,0.18246147498115303,0.0,0.0,0.0,0.0,0.0,0.0,0.0,0.0,0.0,0.0,0.0,0.0,0.0,0.0,0.0,0.0,0.0,0.0,0.0,0.0,0.0,37.44493436674768,5228.232794680386,263.7719474753157,2776.0959734019852
0.0,0.6674231361545708,0.0,0.0,0.0,0.0,0.0,0.0,0.08853541961303454,0.0,0.0,0.18829616849607902,0.0,0.0,0.0,0.0,0.0,0.0,0.0,0.0,0.0,0.055745275736315686,0.0,0.0,0.0,0.0,0.0,0.0,0.0,0.0,95.02637240943878,6512.32271578227,513.2483265384087,1491.8638640294005
0.0,0.0,0.0,0.0,0.0,0.0,0.0,0.3893867197429644,0.0,0.0,0.0,0.0,0.0,0.1322683189684001,0.0,0.3477296383802147,0.0,0.0,0.0,0.0,0.0,0.13061532290842073,0.0,0.0,0.0,0.0,0.0,0.0,0.0,0.0,27.525628843907192,11907.035601805044,499.64930799645174,2450.765656977112
0.0,0.0669062969382381,0.0,0.0,0.0,0.08321059562775303,0.0,0.0,0.0,0.0,0.29142859177187846,0.0,0.0,0.0,0.0,0.0,0.0,0.0,0.0,0.0,0.0,0.0,0.21017031370492167,0.0,0.09791924230677312,0.2503649596504357,0.0,0.0,0.0,0.0,151.87172472104112,11724.510807424607,648.4164588295457,2062.880854893277
0.0,0.0,0.0,0.0,0.0,0.0,0.0,0.0,0.0,0.0,0.0,0.0,0.0,0.0,0.0,0.31877904500086224,0.0,0.13179741963416042,0.0,0.07574103647552996,0.0,0.4253867016400008,0.0,0.0,0.0,0.0,0.0,0.0,0.04829579724944663,0.0,58.332037665199486,5461.1097103791435,633.359174540437,2460.9893514440337
0.0,0.0,0.0,0.0,0.0,0.0,0.0,0.0,0.0,0.0,0.0,0.0,0.0,0.0,0.0,0.0,0.6225158526583537,0.0,0.0,0.0,0.0,0.0,0.0,0.0,0.0,0.37748414734164626,0.0,0.0,0.0,0.0,77.35136120853548,7482.693448654085,493.08749853088057,2142.950627856701
0.0,0.0,0.0,0.1071439064324039,0.07819902015885383,0.0,0.0,0.0,0.0,0.0,0.20404424084063438,0.0,0.0,0.0,0.0,0.0,0.0,0.10453904348966185,0.0,0.2755806977562185,0.0,0.0,0.0,0.0,0.2304930913222274,0.0,0.0,0.0,0.0,0.0,185.96524164804993,4856.257026974202,481.08450375371905,1935.7958824715934
0.06708623065124794,0.0,0.0,0.0,0.0,0.0,0.07874613868696839,0.0,0.0,0.0,0.0,0.0,0.09837491726690685,0.0,0.39972891327612303,0.0,0.0,0.0,0.0,0.14587105351616653,0.0,0.0,0.0,0.0,0.0,0.0,0.0,0.2101927466025874,0.0,0.0,23.01995310396265,8519.790577757329,694.1753771276354,1577.377816830613
0.0,0.0,0.0,0.19139853134183069,0.22360276968269624,0.0,0.0,0.0,0.0,0.0,0.0,0.0,0.0,0.0,0.0,0.0,0.16485224704734552,0.0,0.0,0.0,0.0,0.0,0.0,0.42014645192812755,0.0,0.0,0.0,0.0,0.0,0.0,71.88153767143098,4514.093073473731,543.5206203808417,3055.9967198489962
0.0,0.0,0.0,0.0,0.0,0.0,0.0,0.0,0.0,0.0,0.58351965832326,0.0,0.0,0.0,0.0,0.0,0.0,0.0,0.0,0.0,0.41648034167673986,0.0,0.0,0.0,0.0,0.0,0.0,0.0,0.0,0.0,296.52422324274306,5475.0767637726,596.5827221184177,894.1114014881908
0.21923945728521563,0.0,0.0,0.33188865441619847,0.09743350970632211,0.0,0.0,0.0,0.0,0.0,0.0,0.0,0.0,0.0,0.0,0.0,0.25063721808856565,0.0,0.0,0.0,0.0,0.0,0.0,0.0,0.0,0.0,0.0,0.0,0.0,0.1008011605036981,130.31151007839551,4075.3461232583218,303.067102077244,1851.1996936484304
0.10218038187546381,0.0,0.0,0.0,0.0,0.0,0.0,0.0,0.38566634052040755,0.0,0.0,0.0,0.0,0.0,0.0,0.3162414379591675,0.0,0.0,0.0,0.0,0.0,0.1728816701975743,0.0,0.0,0.0,0.0,0.023030169447386784,0.0,0.0,0.0,102.79090399498253,7154.208262517371,483.49877284911116,2345.9926923890853
0.0,0.0,0.0,0.0,0.49210091963511854,0.0,0.0,0.0,0.0,0.0,0.0,0.0,0.0,0.0,0.0,0.0,0.0,0.0,0.0,0.0,0.0,0.0,0.5078990803648815,0.0,0.0,0.0,0.0,0.0,0.0,0.0,20.711865594794766,12487.387054576287,641.1587658860473,1706.3210051074225
0.0,0.0,0.0,0.0,0.0,0.41772779071530625,0.1469083990727118,0.0,0.0,0.0,0.0,0.0,0.0,0.0,0.0,0.0,0.0,0.0,0.0,0.0,0.0,0.0,0.09278247900348739,0.0,0.0,0.0,0.3425813312084947,0.0,0.0,0.0,129.08519633396386,8899.132467710648,240.6127291028249,2231.361594488104
0.0,0.0,0.0,0.0,0.09097211198730551,0.0,0.0,0.0,0.22502679887514834,0.0,0.24567372624242184,0.0,0.0,0.0,0.19171051985797036,0.0,0.08291195982628342,0.0,0.1637048832108705,0.0,0.0,0.0,0.0,0.0,0.0,0.0,0.0,0.0,0.0,0.0,175.9185147107581,6890.4711465623695,638.0546046424223,1516.1156228566708
0.0,0.0,0.0,0.0,0.0,0.0,0.0,0.0,0.0,0.0,0.0,0.0,0.0,0.0,0.0,0.23892181550865133,0.0,0.0,0.0,0.11600999944238762,0.0,0.0,0.0,0.0,0.4997173548319515,0.0,0.0,0.0,0.0,0.14535083021700954,143.34179997461817,6090.375467930019,416.61381195261214,2873.3403582753203
0.0,0.0,0.0,0.14311656943341963,0.0,0.0,0.0,0.0,0.0,0.0,0.0,0.0,0.5997452523403131,0.0,0.0,0.0,0.0,0.0,0.0,0.0,0.0,0.0,0.2571381782262673,0.0,0.0,0.0,0.0,0.0,0.0,0.0,105.31841846030676,6760.598271782403,255.97703540038071,1188.8735003110276
0.0,0.0,0.0,0.0,0.2089814059871536,0.1424057620241394,0.0,0.0,0.0,0.0,0.1853795361522256,0.0,0.17660697952127882,0.0,0.25861079059311565,0.0,0.02801552572208696,0.0,0.0,0.0,0.0,0.0,0.0,0.0,0.0,0.0,0.0,0.0,0.0,0.0,124.2751794190643,6103.954266803742,708.9310978603145,2324.2496439330307
0.0,0.31527625461081765,0.0,0.17716252267649388,0.0,0.3751060045153662,0.1324552181973224,0.0,0.0,0.0,0.0,0.0,0.0,0.0,0.0,0.0,0.0,0.0,0.0,0.0,0.0,0.0,0.0,0.0,0.0,0.0,0.0,0.0,0.0,0.0,153.56107373102594,5846.759276614881,286.08205418472687,2167.3540716988364
0.17337205958506124,0.0,0.0,0.0,0.0,0.0,0.0,0.0,0.0,0.0,0.0,0.0,0.0,0.0,0.0,0.0,0.0,0.0,0.0,0.0,0.0,0.3623296174204993,0.0,0.0,0.0,0.3146299123381872,0.0,0.0,0.0,0.1496684106562522,4.425207862190424,7198.279150267815,507.98247179476675,2367.354871496641
0.0,0.0,0.0,0.0,0.0,0.0,0.0,0.0,0.0,0.0,0.0,0.0,0.7283297223331128,0.0,0.0,0.0,0.0,0.0,0.0,0.0,0.0,0.0,0.0,0.0,0.0,0.0,0.2716702776668874,0.0,0.0,0.0,59.928761155186955,4875.186754269019,198.67041537830536,1043.3911715842587
0.0,0.0,0.0,0.0,0.0,0.0,0.0,0.0,0.0,0.0,0.0,0.0,0.0,0.20443201497956962,0.0,0.0,0.0,0.3839595620609173,0.0,0.0,0.0,0.3499062899731543,0.0,0.0,0.0,0.0,0.061702132986358724,0.0,0.0,0.0,153.31187193999185,3491.4752294207565,552.7940191568013,1848.2839866092834
0.21777561516312977,0.0,0.0,0.1251746504293411,0.09057941640851505,0.0,0.0,0.0,0.0,0.0,0.0,0.0,0.0,0.0,0.0,0.0,0.0,0.0,0.0,0.0,0.0,0.0,0.2614442503758234,0.0,0.0,0.0,0.0,0.0,0.0,0.3050260676231906,49.1386930085891,9023.253882754585,376.84682948297524,1264.6585393084288
0.0,0.0,0.0,0.0,0.0,0.0,0.0,0.0,0.0,0.0,0.12165182821754654,0.24673826910380997,0.280350936526934,0.21303327959168333,0.0,0.0,0.0,0.0,0.0,0.0,0.0,0.13822568656002615,0.0,0.0,0.0,0.0,0.0,0.0,0.0,0.0,166.42025688703325,4122.141176711539,591.7418315013783,2638.9248722178213
0.0,0.0,0.1062183769617379,0.3224456323064008,0.18198968753848901,0.0,0.0,0.11028807847293118,0.12452544940134794,0.0,0.0,0.0,0.0,0.0,0.0,0.1545327753190931,0.0,0.0,0.0,0.0,0.0,0.0,0.0,0.0,0.0,0.0,0.0,0.0,0.0,0.0,125.44381898893566,7790.863725553949,440.8877587925564,2871.541108345946
0.0,0.0,0.0,0.0,0.0,0.0,0.0,0.0,0.0,0.0,0.0,0.0,0.0,0.0,0.0,0.24751169807712134,0.0,0.0,0.0,0.0,0.0,0.0,0.0,0.0,0.143471231406479,0.0,0.0,0.6090170705163996,0.0,0.0,45.427550306710685,10153.41158058179,784.2076400680306,2063.195765316139
0.0,0.0,0.0,0.0,0.0,0.0,0.0,0.0,0.0,0.0,0.11413124767059835,0.0,0.0,0.0,0.0,0.0,0.2195258921442539,0.0,0.0,0.0,0.0,0.0,0.562444686236052,0.0,0.0,0.0,0.1038981739490958,0.0,0.0,0.0,76.69098996985166,14278.747836703551,413.4332692249224,1139.8649801681893
0.0,0.0,0.0,0.0,0.0,0.0,0.0,0.0,0.0,0.0,0.0,0.0,0.0,0.0,0.0,0.0,0.0,0.0,0.0,0.0,0.0,0.0,0.3351975389785741,0.0,0.0,0.0,0.0,0.0,0.6648024610214259,0.0,16.923618233446742,11935.78140373769,394.48398177617366,1107.923197390563
0.0,0.0,0.0,0.0,0.0,0.0,0.0,0.0,0.0,0.0,0.0,0.0,0.0,0.16372287122579096,0.0,0.0,0.19464534601714065,0.0,0.0,0.19875126171293347,0.0,0.0,0.0,0.0,0.0,0.0,0.0,0.09920104396662398,0.34367947707751084,0.0,44.12992765218731,6930.7909856281585,413.32276880121265,1695.0239971842946
0.0,0.0,0.0,0.0,0.0,0.0,0.5926525792299202,0.0,0.0,0.0,0.0,0.0,0.0,0.0,0.0,0.0,0.0,0.22627521831717987,0.0,0.0,0.0,0.0,0.04886202839932827,0.0,0.13221017405357155,0.0,0.0,0.0,0.0,0.0,178.33254846505642,8056.46261799942,424.2962504028202,1300.0324399994429
0.0,0.0,0.0,0.20792407869871804,0.0,0.0,0.0,0.0,0.0,0.35222867891762527,0.27275865749767314,0.0,0.0,0.0,0.0,0.0,0.0,0.0,0.1670885848859835,0.0,0.0,0.0,0.0,0.0,0.0,0.0,0.0,0.0,0.0,0.0,174.11556774820238,8917.772772411638,465.90423512748976,1431.5831183344471
0.0,0.11839174304352416,0.0,0.0,0.0,0.0,0.0,0.0,0.0,0.0,0.0,0.0,0.0,0.0,0.4470987885050125,0.0,0.0,0.0,0.2514745642567476,0.0,0.0,0.0,0.08227743507250934,0.0,0.0,0.10075746912220643,0.0,0.0,0.0,0.0,55.29963760638029,9664.042984995933,745.4893828478534,1912.0960734067737
0.0,0.0,0.0,0.0,0.0,0.0,0.0,0.0,0.0,0.0,0.47750543092816133,0.0,0.0,0.0,0.0,0.0,0.0,0.0,0.0,0.0,0.0,0.0,0.0,0.0,0.0,0.5224945690718387,0.0,0.0,0.0,0.0,123.36600398738459,10021.442053044777,741.4599533922338,2527.003122718888
0.0,0.0,0.32561513191860053,0.0,0.0,0.22495824842872023,0.0,0.0,0.0,0.0,0.0,0.0,0.0,0.0,0.0,0.0,0.0,0.0,0.0,0.0,0.0,0.44942661965267927,0.0,0.0,0.0,0.0,0.0,0.0,0.0,0.0,61.88919165018033,4279.897233505187,358.17038469069894,2741.1600526087623
0.0,0.0,0.0,0.0,0.0,0.0,0.0,0.0,0.0,0.0,0.38675513995788885,0.0,0.0,0.0,0.0,0.0,0.0,0.0,0.0,0.0,0.0,0.0,0.0,0.0,0.6132448600421112,0.0,0.0,0.0,0.0,0.0,233.30653761512588,5640.223766636391,469.1045099339788,2345.116878433618
0.0,0.0,0.0,0.0,0.0,0.026579803637083683,0.0,0.3515015521182107,0.16702020936383496,0.0,0.0,0.0,0.0,0.0,0.0,0.0,0.0,0.0,0.0,0.0,0.0,0.0,0.18191073108367728,0.0,0.0,0.0,0.0,0.0,0.0,0.2729877037971932,63.744655975961415,13468.61980340252,286.20454258211896,963.3494838362841
0.0,0.0,0.0,0.0,0.0,0.0,0.0,0.0,0.10791257252258454,0.0,0.3292524955652085,0.10720716325549243,0.0,0.0,0.0,0.0,0.0,0.07209360360818179,0.38353416504853266,0.0,0.0,0.0,0.0,0.0,0.0,0.0,0.0,0.0,0.0,0.0,262.0836258983386,5365.154029083945,670.7678347645361,1220.727114894795
0.0,0.0,0.0,0.0,0.0,0.0,0.0,0.0,0.22163168058474028,0.0,0.0,0.0,0.0,0.0,0.0,0.38795050364285333,0.0,0.0,0.24785003152851234,0.0,0.0,0.0,0.142567784243894,0.0,0.0,0.0,0.0,0.0,0.0,0.0,128.33312564432603,9501.050635680534,561.2160914002885,2074.389136644877
0.0,0.0,0.43579713257681296,0.0,0.0,0.0,0.0,0.0,0.0,0.0,0.0,0.0,0.0,0.0,0.0,0.17162175522525527,0.287235109492766,0.0,0.0,0.0,0.0,0.10534600270516578,0.0,0.0,0.0,0.0,0.0,0.0,0.0,0.0,46.80449740358904,5671.926966990159,406.21311480277615,2863.7962983485845
0.0,0.0,0.0,0.0,0.1193646203927258,0.0,0.0,0.0,0.0,0.0,0.0,0.0,0.1901531749884255,0.0,0.0,0.0,0.0,0.025464956433847115,0.4399017028762555,0.22511554530874606,0.0,0.0,0.0,0.0,0.0,0.0,0.0,0.0,0.0,0.0,126.9581696934284,4245.790036024593,487.5381747977164,999.9396250617351
0.0,0.0,0.0,0.0,0.0,0.0,0.0,0.0,0.0,0.0,0.0,0.0,0.0,0.0,0.0,0.0,0.0,0.0,0.20719479761413073,0.07178356075968079,0.2009540591043857,0.0465905622139047,0.319232026244615,0.0,0.0,0.0,0.0,0.15424499406328307,0.0,0.0,118.6396570969288,11598.491901684822,529.9204121590868,1002.8602246279643
0.0,0.5358623849456816,0.0,0.0,0.04590747784056916,0.0,0.0,0.11453036198117836,0.0,0.0,0.0,0.0,0.0,0.0,0.0,0.0,0.0,0.16507296879974703,0.13862680643282407,0.0,0.0,0.0,0.0,0.0,0.0,0.0,0.0,0.0,0.0,0.0,105.91062438899516,8702.25447242987,456.0347974591113,824.4433351840535
0.0,0.0,0.0,0.0,0.0,0.0,0.0,0.0,0.0,0.0,0.0,0.0,0.0,0.0,0.0,0.0,0.004771894968984218,0.0955539861353632,0.0,0.0,0.3058884019306514,0.0,0.0,0.3009134485178625,0.29287226844713865,0.0,0.0,0.0,0.0,0.0,208.45482160276245,4636.366170760382,445.8759177704099,2521.0568983704306
0.0,0.0,0.0,0.0,0.0,0.0,0.0,0.0,0.0,0.0,0.0,0.12010760489042503,0.0,0.0,0.28758243293593083,0.2646328933797021,0.0,0.0,0.0,0.0,0.0,0.0,0.0,0.0,0.0,0.1613423363866932,0.0,0.16633473240724894,0.0,0.0,53.878195982479255,10581.050721321182,888.3534891792867,3206.921821355323
0.0,0.0,0.0,0.0,0.0,0.0,0.0,0.0,0.0,0.0,0.0,0.0,0.0,0.0,0.0,0.0,0.48464386002054594,0.0,0.0,0.0,0.4493053817547618,0.0,0.0,0.0,0.0,0.0,0.0,0.0,0.0,0.0660507582246922,210.782941841121,3867.1356630484274,308.60228385146155,1186.0485515966184
0.0,0.0,0.0,0.3882196111501407,0.13988066562996063,0.0,0.0,0.3457635061264324,0.0,0.0,0.0,0.0,0.0,0.1261362170934662,0.0,0.0,0.0,0.0,0.0,0.0,0.0,0.0,0.0,0.0,0.0,0.0,0.0,0.0,0.0,0.0,120.56254978330625,10319.992739919684,300.50697761057893,2285.317911127293
0.0,0.0,0.0,0.0,0.0,0.0,0.0,0.0,0.0,0.0,0.3534408994576835,0.0,0.0,0.0,0.0,0.0,0.0,0.0,0.0,0.0,0.0,0.6465591005423166,0.0,0.0,0.0,0.0,0.0,0.0,0.0,0.0,98.00097372546608,4436.123397723258,634.6311543816186,1720.2902836488233
0.0,0.0,0.0,0.0,0.0,0.0,0.0,0.0,0.0,0.10000791341514141,0.0,0.0,0.0,0.0,0.0,0.2414565135448315,0.0,0.0,0.0,0.0,0.0,0.0,0.4168465561596135,0.0,0.0,0.0,0.24168901688041353,0.0,0.0,0.0,29.248245149385397,15027.713135799373,440.64576227482286,1930.2090050092893
0.0,0.0,0.0,0.0,0.4144294101526607,0.0,0.0,0.0,0.0,0.2184014357878618,0.0,0.0,0.0,0.0,0.0,0.2103236518418332,0.0,0.0,0.0,0.0,0.0,0.0,0.0,0.0,0.0,0.0,0.15684550221764432,0.0,0.0,0.0,9.420780449678503,9451.62969552572,647.2231478954806,2597.044195878871
0.0,0.0,0.0,0.0,0.0,0.0,0.0,0.0,0.0,0.0,0.0,0.0,0.0,0.0,0.0,0.5888631024850834,0.0,0.40861746682306227,0.0,0.0,0.0,0.0,0.0,0.0,0.0025194306918541274,0.0,0.0,0.0,0.0,0.0,168.83331506774022,5723.611310741484,690.2749783518817,2596.181917331194
0.0,0.0,0.0,0.0,0.0,0.0,0.0,0.0,0.0,0.0,0.0,0.0,0.2680725686458337,0.0,0.0,0.0,0.27930123631005443,0.0,0.0,0.0,0.0,0.0,0.15311124862546943,0.0,0.0,0.0,0.0,0.0,0.2995149464186423,0.0,75.82612573981888,7713.6120192835,355.44345453883125,1212.6365965995617
0.0,0.2633220222571383,0.0,0.0,0.0,0.0,0.0,0.0,0.0,0.0,0.0,0.10409880755332655,0.19689371675200393,0.0,0.20208346364338942,0.2176205921193874,0.0,0.0,0.0,0.0,0.0,0.0,0.0,0.0,0.0,0.0,0.015981397674754202,0.0,0.0,0.0,67.2178091431462,7307.165026067552,654.0211755535437,2281.8619193144846
0.0,0.0,0.0795361412348869,0.0,0.0,0.0,0.0,0.5790566750445703,0.0,0.0,0.19416725696293438,0.0,0.0,0.0,0.0,0.0,0.0,0.0,0.1472399267576086,0.0,0.0,0.0,0.0,0.0,0.0,0.0,0.0,0.0,0.0,0.0,104.71687447668094,14102.16388622036,349.07231740660825,1036.9926941699566
0.10555423087349475,0.0,0.0,0.0,0.0,0.38518432062684055,0.0,0.0,0.0,0.21459688914166727,0.0,0.0,0.0,0.0,0.18270101345568926,0.0,0.0,0.0,0.0,0.0,0.0,0.0,0.0,0.0,0.0,0.0,0.0,0.0,0.11196354590230799,0.0,114.91604937471607,8026.173879741879,342.30960622044506,2258.0112463244004
0.0,0.0,0.0,0.0,0.0,0.0,0.0,0.0,0.0,0.0,0.20705886918542135,0.0,0.0,0.0,0.0,0.0,0.0,0.0,0.0,0.2927410031544178,0.0,0.0,0.27051104452744235,0.0,0.0,0.2296890831327184,0.0,0.0,0.0,0.0,76.15628511213906,11263.758583145851,545.2188665611787,1677.4489030749426
0.0,0.0,0.0,0.0,0.0,0.5208705709923963,0.0,0.0,0.0,0.0,0.0,0.0,0.0,0.0,0.0,0.0,0.0,0.0,0.0,0.0,0.0,0.47912942900760375,0.0,0.0,0.0,0.0,0.0,0.0,0.0,0.0,128.39616424617083,3642.762646592285,321.6637696234011,2406.365156539988
0.0,0.0,0.0,0.0,0.0,0.0,0.2556673548298681,0.0,0.0,0.0,0.0,0.0,0.14650926826142338,0.0,0.5978233769087087,0.0,0.0,0.0,0.0,0.0,0.0,0.0,0.0,0.0,0.0,0.0,0.0,0.0,0.0,0.0,45.15326538741394,,608.3967956727378,1850.3856917252488
0.0,0.0,0.0,0.0,0.0,0.0,0.14079411110097012,0.0,0.0,0.0,0.0,0.1526361937413131,0.0,0.0,0.23705673943051472,0.0,0.0,0.0,0.133852759625052,0.049992458546126856,0.28566773755602315,0.0,0.0,0.0,0.0,0.0,0.0,0.0,0.0,0.0,203.67903924312742,,556.2473110067407,1807.7650406191897
0.0,0.0,0.0,0.0,0.0,0.0,0.0,0.11330135067758254,0.02471211204413954,0.44496076127305356,0.0,0.1696216521675543,0.0347388353719166,0.0,0.0,0.0,0.0,0.0,0.0,0.0,0.0,0.0,0.0,0.0,0.0,0.0,0.0,0.0,0.21266528846575342,0.0,72.54190023882818,12198.493926951003,400.66220744064907,1684.1508320005034
0.0,0.0,0.0,0.0,0.24452216421405804,0.0,0.0,0.0,0.4804165892546001,0.0,0.0,0.0,0.2750612465313419,0.0,0.0,0.0,0.0,0.0,0.0,0.0,0.0,0.0,0.0,0.0,0.0,0.0,0.0,0.0,0.0,0.0,138.87596707199825,5081.76692907282,397.77867343048507,1367.5142232924482
0.0,0.0,0.0,0.0,0.0,0.0,0.0,0.0,0.0,0.0,0.254010155701413,0.0,0.0,0.0,0.0,0.0,0.0,0.0,0.0,0.0,0.745989844298587,0.0,0.0,0.0,0.0,0.0,0.0,0.0,0.0,0.0,289.49026662677045,5556.64593036995,427.75686911395746,809.6493141195601
0.0,0.0,0.0,0.0,0.0,0.0,0.0,0.0,0.0,0.0,0.0,0.0,0.0,0.0,0.0,0.0,0.0,0.0,0.0,0.0,0.0,0.9644252529800423,0.0,0.0,0.0,0.0,0.0,0.0,0.035574747019957685,0.0,7.203727995642872,3157.129075012855,503.5119903179812,1962.753539344749
0.0,0.0,0.0,0.0,0.0,0.0,0.0,0.0,0.0,0.0,0.0,0.0,0.0,0.0,0.1801931539000937,0.20049595098894524,0.0,0.3579511453146489,0.0,0.0,0.0,0.0,0.0,0.0,0.0,0.0,0.00941172064340967,0.0,0.0,0.25194802915290254,139.88025534907584,5403.263021816621,662.276808861694,1686.7976645455642
0.0,0.7515717531259387,0.0,0.0,0.0,0.0,0.0,0.0,0.0,0.0,0.0,0.0,0.0,0.0,0.0,0.0,0.0,0.0,0.0,0.0,0.24842824687406131,0.0,0.0,0.0,0.0,0.0,0.0,0.0,0.0,0.0,75.48153963014133,7509.412010011023,386.4578106361498,509.61198494962844
0.27405196178858704,0.0,0.0,0.0,0.0,0.0,0.0,0.0,0.0,0.0,0.0,0.0,0.0,0.0,0.534145969716424,0.0,0.034514062057398376,0.0,0.0,0.15728800643759064,0.0,0.0,0.0,0.0,0.0,0.0,0.0,0.0,0.0,0.0,9.603873828159063,5835.9814386152775,565.5681613649336,1699.9237230951023
0.0,0.4945748635857178,0.0,0.0,0.0,0.0,0.0,0.0,0.0,0.0,0.0,0.1275005633908686,0.0,0.0,0.0,0.02682469987062229,0.0,0.0,0.0,0.0,0.0,0.0,0.35109987315279123,0.0,0.0,0.0,0.0,0.0,0.0,0.0,63.06829569056879,11133.602738291218,503.98966608603587,1262.0680524747547
0.0,0.0,0.0,0.008142678384692376,0.0,0.0,0.0,0.0,0.0,0.140148192398448,0.0,0.0,0.0,0.0,0.0,0.0,0.0,0.601934295960699,0.0,0.0,0.0,0.0,0.0,0.0,0.0,0.24977483325616062,0.0,0.0,0.0,0.0,217.77608787747636,7378.936920383258,586.8323754484624,1477.4452746466125
0.0,0.0,0.0,0.0,0.10067089392395842,0.0,0.0,0.0,0.0,0.0,0.0,0.0,0.0,0.3914146876719405,0.0,0.170090949781229,0.0,0.0,0.17914418514645353,0.0,0.0680450293311852,0.0,0.0,0.0,0.0,0.0,0.0,0.0,0.09063425414523335,0.0,94.82090489182414,6287.30706697411,594.2070465620368,2793.7297072388387
0.0,0.04082279780391946,0.0,0.0,0.0,0.0,0.0,0.0,0.16618421216135934,0.16172325706940802,0.0,0.12176000075967114,0.0,0.0,0.0,0.0,0.2978655688582483,0.0,0.21164416334739383,0.0,0.0,0.0,0.0,0.0,0.0,0.0,0.0,0.0,0.0,0.0,169.55722734444362,6412.172121074289,457.7915489928529,1518.8428115144955
0.0,0.0,0.0,0.2062429879118954,0.0,0.0,0.3048090774706221,0.0,0.0,0.0,0.0,0.0,0.398585389807282,0.0,0.0,0.0,0.0,0.0,0.0,0.0,0.0,0.0,0.0,0.0,0.0,0.0,0.0,0.0,0.09036254481020045,0.0,124.5045973134422,5723.238262079424,270.0859083153443,1458.103659375288
0.0,0.0,0.0,0.0,0.0,0.0,0.0,0.0,0.6673606958279772,0.0,0.0,0.0,0.0,0.0,0.0,0.0,0.0,0.0,0.0,0.0,0.0,0.0,0.0,0.0,0.3326393041720228,0.0,0.0,0.0,0.0,0.0,213.68283833991273,6483.791747168924,246.14522892645775,1775.509087395263
0.0,0.0,0.24000378998541774,0.0,0.0,0.08377495138142003,0.0,0.0,0.0,0.0,0.0,0.0,0.0,0.13496832377380183,0.1130674175013377,0.0,0.0,0.0,0.0,0.0,0.0,0.0,0.3005226493530964,0.0,0.0,0.1276628680049263,0.0,0.0,0.0,0.0,46.153683552519816,12729.660867437833,491.6386378275665,2947.1467349153263
0.0,0.0,0.0,0.0,0.0,0.0,0.0,0.0,0.0,0.0,0.0,0.0,0.0,0.6058427473080099,0.0,0.0,0.0,0.0,0.0,0.0,0.0,0.0,0.0,0.0,0.0,0.0,0.39415725269199003,0.0,0.0,0.0,36.68706697473615,6227.269476720771,347.1468787334773,2521.3969152704094
0.0,0.0,0.0,0.0,0.0,0.0,0.0,0.0,0.6532767121010462,0.0,0.15449254645676364,0.0,0.0,0.0,0.0,0.0,0.0,0.0,0.0,0.0,0.0,0.0,0.0,0.0,0.0,0.0,0.0,0.0,0.0,0.19223074144219018,199.6003738179469,6731.956975599907,314.70702825570004,1011.719326777315
0.0,0.0,0.0,0.0,0.0,0.0,0.16374147044695084,0.2832367787559714,0.0,0.0,0.0,0.0,0.0,0.0,0.0,0.0,0.0,0.40621993741950124,0.14680181337757656,0.0,0.0,0.0,0.0,0.0,0.0,0.0,0.0,0.0,0.0,0.0,203.48810133773958,9448.27743804481,440.64044632933155,795.0380101405849
0.0,0.2476638033814637,0.0,0.0,0.0,0.0,0.0,0.0,0.0,0.0,0.0,0.0,0.0,0.0,0.2613741847894086,0.0,0.0,0.031964850926991,0.0,0.15885951452396704,0.18960973152695815,0.0,0.0,0.0,0.0,0.0,0.0,0.0,0.11052791485121151,0.0,75.22115336188956,7596.315278861467,520.65071842753,1384.2475000484637
0.0,0.0,0.0,0.0,0.10784036562176218,0.0,0.0,0.0,0.0,0.21934978605796104,0.0,0.39743694368099514,0.0,0.0,0.03333739444064745,0.0,0.0,0.0,0.19295869487936984,0.0,0.0,0.0,0.0,0.0,0.0,0.0,0.04907681531926446,0.0,0.0,0.0,174.39200995274476,8214.905030817901,681.6276892081236,2587.0306405511765
0.0,0.16494834240615805,0.0,0.0,0.6581044377392825,0.0,0.0,0.0,0.0,0.0,0.0,0.0,0.0,0.0,0.0,0.0,0.06900526506457376,0.0,0.0,0.10794195478998574,0.0,0.0,0.0,0.0,0.0,0.0,0.0,0.0,0.0,0.0,16.406148944809416,6216.288634430041,718.7487759013233,2081.717002568288
0.0,0.0,0.0,0.0,0.0,0.0,0.7116433837355192,0.0,0.0,0.0,0.0,0.0,0.0,0.0,0.0,0.0,0.28835661626448084,0.0,0.0,0.0,0.0,0.0,0.0,0.0,0.0,0.0,0.0,0.0,0.0,0.0,117.2610335479597,7361.976650505213,362.40245979795196,1034.90209057949
0.0,0.0,0.35827698498408467,0.0,0.0,0.0,0.0,0.0,0.0,0.0,0.0,0.0,0.0,0.0,0.0,0.6417230150159152,0.0,0.0,0.0,0.0,0.0,0.0,0.0,0.0,0.0,0.0,0.0,0.0,0.0,0.0,28.0806474701424,7375.8078018798105,553.7683846313827,3459.252168445303
0.06116871674469036,0.0,0.11290198508719942,0.0,0.0,0.0,0.0,0.0,0.0,0.0,0.0,0.0,0.0,0.0,0.0,0.0,0.0,0.0,0.0,0.0,0.0,0.0,0.0,0.36364431223537574,0.0,0.0,0.12003372353418049,0.0,0.34225126239855397,0.0,11.363624565121961,7073.246039455393,429.52042729864826,2534.146428362381
0.0,0.26067449585094493,0.0,0.0,0.41211379924972114,0.0,0.0891262734634421,0.0,0.0,0.0,0.0,0.0,0.0,0.0,0.17879428112241166,0.0,0.0,0.0,0.0,0.0,0.0,0.0,0.0,0.0,0.0,0.0,0.0,0.0,0.05929115031348022,0.0,15.1710884241704,8259.095619551412,740.5906981363181,1990.8614193071476
0.0,0.0,0.0,0.20553058316308612,0.0,0.0,0.0,0.6468570822670067,0.0,0.0,0.0,0.0,0.0,0.0,0.0,0.0,0.0,0.0,0.0,0.0,0.0,0.0,0.0,0.1476123345699072,0.0,0.0,0.0,0.0,0.0,0.0,63.94321797678751,14469.616923189025,187.88206500037737,1626.7183789714186
0.0,0.0,0.0,0.0,0.0,0.0,0.0,0.0,0.0,0.0,0.0,0.0,0.0,0.0,0.0,0.0,0.0,0.0,0.0,0.11718543246916518,0.24618783183551193,0.0,0.40560645546798557,0.0,0.0,0.0,0.0,0.0,0.0,0.2310202802273373,98.08109626299041,11078.264037813067,355.08136607857364,816.8717927370387
0.0,0.0,0.0,0.0,0.0,0.0,0.0,0.0,0.0,0.0,0.0,0.0,0.0,0.0,0.0,0.0,0.0,0.0,0.0,0.0,0.0,0.0,0.4455321789046187,0.0,0.0,0.5544678210953813,0.0,0.0,0.0,0.0,20.67020843647875,16664.623959421257,567.7309844726127,2436.391227401299
0.0,0.0,0.0,0.0,0.0,0.0,0.0,0.0,0.0,0.16049684311076687,0.0,0.36538645154770427,0.0,0.0,0.1888612620564996,0.0,0.0,0.0,0.0,0.0,0.08338737320535723,0.0,0.0,0.0,0.0,0.0,0.20186807007967209,0.0,0.0,0.0,152.5687045338859,8814.50079941884,615.6285473591548,2704.9861819180296
0.0,0.0,0.0,0.0,0.0,0.0,0.0,0.0,0.0,0.0,0.0,0.0,0.0,0.0,0.33676155387937534,0.4351779599891849,0.0,0.0,0.0,0.0,0.0,0.0,0.0,0.0,0.0,0.22806048613143975,0.0,0.0,0.0,0.0,20.476005062740434,9874.374027060976,808.5938526543594,3326.655539737447
0.0,0.0,0.0,0.0,0.0,0.0,0.0,0.0,0.0,0.0,0.0,0.0,0.0,0.0,0.0,0.5400250412887718,0.17980335801797231,0.0,0.0,0.0,0.0,0.0,0.0,0.0,0.0,0.0,0.2801716006932559,0.0,0.0,0.0,49.75331266851373,7871.809805165953,524.6445653863477,2729.6089379250984
0.0,0.0,0.10418584213062616,0.0,0.0,0.0,0.0,0.0,0.0,0.0,0.2351244195107201,0.0,0.0,0.0,0.0,0.0,0.0,0.0,0.0,0.0,0.27415745343476733,0.0,0.0,0.2910795241447646,0.0,0.0,0.0,0.0,0.0,0.09545276077912183,166.4321470109862,5302.995103484825,509.4675288175194,2151.94078221493
0.0,0.12810542603269798,0.0,0.18401892737952968,0.0,0.0,0.0,0.0,0.0,0.0,0.0,0.0,0.0,0.0,0.0,0.0,0.0,0.0,0.0,0.0,0.0,0.0,0.0,0.43281318649744843,0.0,0.0,0.15446738742959826,0.0,0.10059507266072563,0.0,54.65577741203496,6182.611865841503,387.08738297716474,2734.3058211690595
0.0,0.0,0.0,0.0,0.21286925074389768,0.0,0.0,0.27675911467286246,0.0,0.0,0.0,0.0,0.11824806067943941,0.0,0.0,0.0,0.0,0.0,0.0,0.0,0.0,0.0,0.0,0.0,0.0,0.0,0.34996834226749257,0.04215523163630782,0.0,0.0,15.242234089016268,11935.638517773832,381.25182795270626,1655.8877752199014
0.0,0.3883797792472378,0.16920565300692655,0.0,0.3822384824959757,0.0,0.0,0.0,0.0,0.0,0.0,0.0,0.0,0.0,0.0,0.0,0.0,0.0,0.0,0.0,0.0,0.060176085249860005,0.0,0.0,0.0,0.0,0.0,0.0,0.0,0.0,3.7714466105134616,6145.488851607806,594.0404208387997,1974.57475258329
0.29409438623853884,0.0,0.0,0.0,0.0,0.0,0.0,0.0,0.0,0.0,0.0,0.0,0.0,0.0,0.0,0.0,0.0,0.0,0.0,0.7059056137614612,0.0,0.0,0.0,0.0,0.0,0.0,0.0,0.0,0.0,0.0,2.70600090051778,3771.19010347492,189.48726652091935,703.4568450089606
0.0,0.0,0.0,0.0,0.0,0.0,0.0,0.0,0.0,0.0,0.0,0.0,0.0,0.836740814078858,0.0,0.16325918592114202,0.0,0.0,0.0,0.0,0.0,0.0,0.0,0.0,0.0,0.0,0.0,0.0,0.0,0.0,48.854410793549874,4300.780283125042,497.5263403103053,3501.984149779124
0.0,0.0,0.0,0.0,0.5963885853779158,0.0,0.0,0.0,0.0,0.0,0.0,0.0,0.0,0.0,0.0,0.0,0.0,0.0,0.0,0.0,0.0,0.0,0.0,0.0,0.0,0.0,0.0,0.0,0.0,0.40361141462208405,3.7948005066379866,5109.540961766542,656.2483532383051,2025.6824505571299
0.0,0.0,0.0,0.0,0.306435406213589,0.0,0.0,0.0,0.0,0.0,0.0,0.0,0.29006389907533486,0.0,0.0,0.0,0.0,0.0,0.0,0.0,0.0,0.0,0.0,0.4035006947110761,0.0,0.0,0.0,0.0,0.0,0.0,29.430187940445958,3938.506303625391,570.7774345445041,2771.7809820690127
0.0,0.0,0.0,0.0,0.5216423067520868,0.0,0.0,0.4122586921539153,0.0,0.0,0.0,0.0,0.0,0.0,0.0,0.0,0.0,0.0,0.0,0.0,0.0,0.0,0.0,0.0,0.0,0.0,0.0,0.0,0.0,0.0660990010939979,6.194279322020951,11369.122259962509,540.5381692133448,1847.4607165441087
0.0,0.0,0.0,0.07505882321783088,0.0,0.0,0.0,0.0,0.0,0.0,0.0,0.0,0.3033418551684982,0.0,0.10296066249464793,0.0,0.0,0.0,0.1764710120373561,0.0,0.0,0.0,0.0,0.0,0.0,0.0,0.17237106059444407,0.0,0.16979658648722273,0.0,95.4719948958362,6355.494247497915,351.32672283549937,1522.859236147219
0.0,0.26255579412802726,0.14082453112417195,0.0,0.08020678101492998,0.09886333085679157,0.0,0.0,0.0,0.0,0.0,0.0,0.0,0.0,0.0,0.0,0.0,0.0,0.0,0.1567726009790509,0.0,0.0,0.26077696189702826,0.0,0.0,0.0,0.0,0.0,0.0,0.0,35.129171226989406,9794.279909206916,422.42371666605425,1621.1388065227693
0.0,0.0,0.0,0.0,0.0,0.0,0.0,0.0,0.0,0.0,0.0,0.0,0.0924420673147578,0.0,0.0,0.0,0.0,0.0,0.0,0.0,0.0,0.0,0.49695846535204286,0.0,0.0,0.4105994673331994,0.0,0.0,0.0,0.0,26.907293207844962,15608.12407107339,516.2344365957129,2022.2397049614094
0.0,0.0,0.0,0.0,0.0,0.0,0.0,0.09220047203758501,0.0,0.0,0.0,0.07829368606839401,0.06432131036611562,0.0,0.398113691342794,0.0,0.0,0.0,0.3058310725518913,0.0,0.0,0.0,0.0,0.0,0.0,0.0,0.0,0.0,0.06123976763321996,0.0,105.76527507388045,8957.083286655232,610.3238801349319,1826.5572087460248
0.0,0.0,0.0,0.0,0.3008686382408295,0.0,0.0,0.14935079827703016,0.0,0.0,0.0478356583179762,0.43838052277574097,0.0,0.0,0.0,0.0,0.0,0.0,0.0,0.0,0.0,0.0,0.0,0.0,0.0,0.06356438238842325,0.0,0.0,0.0,0.0,145.95608686229656,8852.27408285124,766.5625354384601,3290.494113734046
0.0,0.0,0.0,0.0,0.0,0.15261572910231588,0.18845916166426613,0.26384063257717527,0.0,0.0,0.0,0.0,0.09862885302312713,0.0,0.0,0.0,0.0,0.0,0.0,0.05188475445650329,0.24457086917661233,0.0,0.0,0.0,0.0,0.0,0.0,0.0,0.0,0.0,159.0874515574632,9893.846566634607,240.09593927837182,1237.7477176127431
0.0,0.0,0.0,0.0,0.0,0.0,0.0,0.005830105805542587,0.0,0.0,0.0,0.2893151715628047,0.1424695079272575,0.0,0.5623852147043952,0.0,0.0,0.0,0.0,0.0,0.0,0.0,0.0,0.0,0.0,0.0,0.0,0.0,0.0,0.0,108.51745445507966,6430.050827140324,737.2508959734018,2808.771270230248
0.29414116691161296,0.32177925119058254,0.0,0.0,0.0,0.0,0.0,0.0,0.0,0.0,0.0,0.0,0.0,0.0,0.2865932051244726,0.0,0.0,0.0,0.0,0.0,0.0,0.0,0.0,0.0,0.09748637677333205,0.0,0.0,0.0,0.0,0.0,27.866291383694474,6713.42910153334,501.3111046382754,1546.4270761038113
0.0,0.0,0.0,0.0,0.44878129468947253,0.0,0.0,0.0,0.0,0.27996177023938035,0.092192184767285,0.09050255819940334,0.08856219210445877,0.0,0.0,0.0,0.0,0.0,0.0,0.0,0.0,0.0,0.0,0.0,0.0,0.0,0.0,0.0,0.0,0.0,58.82908404106409,8469.25585235975,694.7410883426048,2188.9137464199007
0.13672186651012974,0.0,0.14799438203413495,0.0,0.0,0.0,0.0,0.0,0.0,0.0,0.0,0.24040904271050098,0.0,0.05931293697159795,0.0,0.0,0.293204411573329,0.0,0.0,0.1223573602003075,0.0,0.0,0.0,0.0,0.0,0.0,0.0,0.0,0.0,0.0,122.66608442079239,4070.512862215037,473.4835154096896,2449.4454282296883
0.0,0.0,0.2887505407511785,0.0,0.0,0.0,0.0,0.0,0.0,0.0,0.0,0.0,0.0,0.0,0.0,0.0,0.0,0.0,0.0,0.0,0.0,0.0,0.0,0.0,0.0,0.7112494592488215,0.0,0.0,0.0,0.0,10.3586193917412,12157.759157697692,581.7070022750364,3403.67120459185
0.0,0.0,0.0,0.0,0.0,0.0,0.0,0.0,0.0,0.0,0.21274636629184437,0.0,0.0,0.0,0.13783126718284616,0.0,0.14344527583184613,0.0,0.0,0.11089991052722953,0.0,0.0,0.0,0.0,0.0,0.0,0.15501344019929394,0.0,0.0,0.24006373996693978,88.2997248373291,6515.396284019863,466.77731492422305,1530.1666388046197
0.0,0.0,0.0,0.20208330214576517,0.0,0.0,0.0,0.0,0.0,0.1598924860799869,0.0,0.0,0.0,0.0,0.0,0.0,0.2143005338628841,0.0,0.2792204512290996,0.0,0.0,0.0,0.1445032266822641,0.0,0.0,0.0,0.0,0.0,0.0,0.0,153.31323974258405,8355.159194723929,373.20263090891035,1445.9992721773974
0.0,0.0,0.0,0.0,0.0,0.0,0.0,0.0,0.0,0.0,0.0,0.0,0.3063952086829279,0.0,0.0,0.0,0.0,0.0,0.48216363630116627,0.0,0.0,0.0,0.0,0.0,0.21144115501590588,0.0,0.0,0.0,0.0,0.0,180.9000773157626,4712.756690831436,356.10712141388655,1270.7309281753126
0.44115519270206816,0.0,0.0,0.0,0.0,0.0,0.0,0.0,0.25677150893795714,0.0,0.0,0.0,0.0,0.0,0.0,0.0,0.0,0.0,0.044672177528140636,0.04611904369181726,0.0,0.0,0.10926137049287474,0.0,0.0,0.10202070664714194,0.0,0.0,0.0,0.0,68.75248662448293,7898.443031717683,317.82392695027954,1106.3953115452157
0.0,0.0,0.0,0.0,0.0,0.0,0.0,0.0,0.0,0.0,0.0,0.1797625008144482,0.3198978250842464,0.0,0.0,0.0,0.0,0.0,0.0,0.0,0.0,0.0,0.0,0.0,0.0,0.0,0.0,0.0,0.0,0.5003396741013054,88.54642156051722,4247.591596089394,369.2470915729563,1556.6385148037525
0.0,0.0,0.0,0.14314105053010232,0.0,0.22325703441272535,0.0,0.0,0.0,0.0,0.0,0.0,0.0,0.0,0.0,0.0,0.0,0.0,0.0,0.0,0.0,0.2466273524336207,0.0,0.0,0.0,0.23202549325054736,0.0,0.0,0.0,0.15494906937300426,105.01458727782595,6972.498685626049,397.0921365184729,2725.322183197983
0.0,0.0,0.0,0.0,0.0,0.27859316370351067,0.0,0.0,0.0,0.0,0.0,0.0,0.0,0.0,0.3125059350295994,0.0,0.0,0.0,0.0,0.0,0.0,0.0,0.0,0.0,0.0,0.0,0.0,0.0,0.4089009012668899,0.0,79.13512552500593,7954.223021609893,484.66119497675606,2335.0438117200943
0.0,0.10098090265589833,0.0,0.0,0.0,0.0,0.0,0.0,0.0,0.0,0.0,0.038510379538429215,0.0,0.0,0.0,0.0,0.0,0.23594863765854068,0.0,0.0,0.1605461196615477,0.0,0.0,0.0,0.0,0.424968926628828,0.0,0.03904503385675604,0.0,0.0,169.7308487990723,9988.949107382276,655.8164701613571,2112.915138967174
0.0,0.0,0.07183305513756454,0.0,0.0,0.0,0.0,0.0,0.3446290372572332,0.0,0.0,0.0,0.0,0.0,0.09210777803046732,0.0,0.0,0.0,0.0,0.0,0.17156755390240025,0.3198625756723347,0.0,0.0,0.0,0.0,0.0,0.0,0.0,0.0,138.26470201312864,6001.1562239447585,414.63913124362773,1734.814009420476
0.0,0.0,0.0,0.0,0.0,0.0,0.0,0.0,0.0,0.0,0.0,0.0,0.0,0.0,0.0,0.0,0.0,0.0,0.0,0.6216291395949676,0.0,0.3783708604050325,0.0,0.0,0.0,0.0,0.0,0.0,0.0,0.0,4.6217695713111135,3767.2808802978016,323.2937442462768,1342.388480501794
0.0,0.0,0.0,0.0,0.0,0.6094764426758519,0.20280890412949612,0.0,0.0,0.0,0.0,0.0,0.0,0.0,0.0,0.18771465319465203,0.0,0.0,0.0,0.0,0.0,0.0,0.0,0.0,0.0,0.0,0.0,0.0,0.0,0.0,178.8220297466841,6231.65381026295,345.69736266365754,2761.1194540301435
0.0,0.0,0.0,0.0,0.0,0.0,0.0,0.0,0.0,0.0,0.16680027231597644,0.0,0.0,0.0,0.0,0.0,0.14907571208300643,0.0,0.0,0.0,0.0,0.11295881996557232,0.0,0.5711651956354449,0.0,0.0,0.0,0.0,0.0,0.0,67.75736829788767,3936.129096476466,567.49420524787,2643.47269233697
0.17534288243208426,0.0,0.0,0.0,0.0,0.2977944258023075,0.31187811900416934,0.0,0.0,0.0,0.0,0.0,0.0,0.0,0.09344716422122969,0.12153740854020917,0.0,0.0,0.0,0.0,0.0,0.0,0.0,0.0,0.0,0.0,0.0,0.0,0.0,0.0,119.86102722313753,7310.910850061102,376.3996532325466,2187.089935256053
0.0,0.0,0.16444043182140738,0.0,0.0,0.0,0.31768625758842595,0.08192675931044383,0.0,0.0,0.0,0.0,0.0,0.0,0.0,0.0,0.0,0.0,0.0,0.0,0.0,0.1363347226436125,0.0,0.0,0.05197474647323041,0.0,0.0,0.0,0.0,0.2476370821628799,49.5016821682415,7754.156019228573,388.6488104376619,1660.6414396173343
0.0,0.0,0.0,0.0,0.14109697985667152,0.0,0.0,0.0,0.1403134431110941,0.0,0.0,0.0,0.0,0.30508976799259174,0.0,0.0,0.0,0.0,0.0,0.0,0.0,0.0,0.0,0.16734817751628134,0.1870870308102098,0.0,0.0,0.0,0.0,0.05906460071315155,106.48978267261627,5124.6511328497245,501.3496183124428,3196.521442219526
0.0,0.5434502712265291,0.0,0.0,0.0,0.0,0.0,0.0,0.0,0.0,0.0,0.0,0.0,0.0,0.0,0.0,0.0,0.0,0.0,0.0,0.0,0.0,0.14894988793778455,0.0,0.21371693535181252,0.0,0.0,0.0,0.0,0.09388290548387396,57.08451546433929,8988.539499987448,401.1241186778425,1236.7917071910801
0.0,0.0,0.0,0.0,0.0,0.0,0.0,0.0,0.47350321631353137,0.0,0.0,0.0,0.0,0.0,0.0,0.0,0.32387124569697384,0.0,0.0828642041867633,0.0,0.11976133380273163,0.0,0.0,0.0,0.0,0.0,0.0,0.0,0.0,0.0,218.74402587023417,5218.687583475797,294.01762414919796,1054.5767683610086
0.0,0.0,1.4264023640319192,0.28758162477388627,0.0,0.0,0.0,0.0,0.0,0.0,0.0,0.0,0.0,0.0,0.0,0.0,0.0,0.0,0.0,0.0,0.0,0.0,0.0,0.0,0.0,0.0,0.0,0.0,0.0,0.0,41.57929109881902,4894.30723775015,255.73629972416623,2849.285030094343
0.0,0.0,0.0,0.0,0.0,0.0,0.0,0.0,0.36412951672105714,0.0,0.0,0.0,0.0,0.0,0.0,0.36731731131274953,0.0,0.0,0.0,0.0,0.0,0.0,0.0,0.0,0.0,0.2685531719661933,0.0,0.0,0.0,0.0,94.36379405083404,9897.131748710868,580.6790288740555,2899.9660231295543
0.18890886584692784,0.0,0.0,0.0,0.0,0.0,0.0,0.11869310146450184,0.0,0.0,0.43254695099558227,0.0,0.0,0.0,0.0,0.0,0.0,0.0,0.0,0.0,0.0,0.0,0.0,0.0,0.0,0.0,0.0,0.259851081692988,0.0,0.0,140.62051980627928,9547.133441725042,682.5301248867162,1004.8920520109552
0.0,0.0,0.0,0.0,0.0,0.0,0.0,0.0,0.0,0.0,0.17709802233052596,0.0,0.13449326822900085,0.0,0.0,0.0,0.0,0.0,0.23820372020372338,0.0,0.0,0.0,0.0,0.45020498923674995,0.0,0.0,0.0,0.0,0.0,0.0,126.51307331388728,4050.262674459771,565.3151990519817,2187.7602417895796
0.0,0.0,0.1132249138803956,0.0,0.0,0.0,0.0,0.0,0.0,0.2971929962277477,0.0,0.0,0.0,0.26534530068045326,0.0982468499313275,0.0,0.0,0.0,0.018495898857713303,0.0,0.0,0.0,0.0,0.0,0.20749404042236266,0.0,0.0,0.0,0.0,0.0,74.98892575627438,8595.97684287424,422.40502119463724,2649.1798924808795
0.0,0.14244615704868857,0.0,0.0,0.1346830740242033,0.0,0.0,0.0,0.0,0.0,0.0,0.0,0.0,0.2642699807207996,0.3267650720409346,0.13183571616537407,0.0,0.0,0.0,0.0,0.0,0.0,0.0,0.0,0.0,0.0,0.0,0.0,0.0,0.0,26.74001578019714,7740.984696972035,809.6509593068419,2809.424271163989
0.0,0.0,0.0,0.0,0.0,0.0,0.0,0.0,0.0,0.0,0.0,0.0,0.0,0.0,0.23282258714817436,0.0,0.0,0.04874118580304901,0.0,0.0,0.0,0.0,0.0,0.0,0.0,0.6521477990418635,0.0,0.0,0.06628842800691306,0.0,22.4167860257144,13108.050489293224,717.2312358486826,3357.6175754093138
0.0,0.1455063487979089,0.0,0.0,0.0,0.0,0.0,0.0,0.0,0.0,0.0,0.0,0.0,0.0,0.0,0.0,0.0,0.0,0.0,0.7148954134523219,0.0,0.0,0.0,0.13959823774976926,0.0,0.0,0.0,0.0,0.0,0.0,4.89424177481239,4523.766900054682,275.2059975354622,1211.568675682682
0.29729472719808325,0.0,0.0,0.0,0.0,0.0,0.0,0.0,0.0,0.18921036232717364,0.0,0.0,0.0,0.0,0.0,0.0,0.0,0.0,0.08173458505980376,0.0,0.0,0.0,0.0,0.0,0.1344665968815714,0.0,0.0,0.0,0.0,0.29729372853336794,49.47131556304896,6919.554288590207,272.43955369406143,1231.6803082326765
0.7749421250661712,0.07115906593353116,0.0,0.0,0.0,0.0,0.0,0.0,0.0,0.0,0.0,0.0,0.0,0.0,0.0,0.0,0.15389880900029776,0.0,0.0,0.0,0.0,0.0,0.0,0.0,0.0,0.0,0.0,0.0,0.0,0.0,22.82887097420014,4077.231252693682,224.98753163592664,694.1605385577922
0.2146499706244441,0.0,0.05818681654540144,0.0,0.27841199953211626,0.0,0.0,0.0,0.0,0.20471791522869554,0.0,0.0,0.23610011318683993,0.0,0.0,0.0,0.0,0.0,0.0,0.0,0.0,0.0,0.0,0.007933184882502858,0.0,0.0,0.0,0.0,0.0,0.0,28.866623851077247,6361.919825482451,468.33084903906763,1688.0513879467694
0.0,0.3138506466374306,0.0,0.0,0.0,0.0,0.0,0.0,0.0,0.0,0.15945844965640663,0.0,0.0,0.0,0.0,0.15349224875382386,0.0,0.1698014028902974,0.20339725206204157,0.0,0.0,0.0,0.0,0.0,0.0,0.0,0.0,0.0,0.0,0.0,164.06059317317997,6455.999943303605,648.7193472520347,1282.9463760396957
0.0,0.0,0.0,0.05942886732338625,0.0,0.0,0.0,0.0,0.0,0.0,0.0,0.0,0.3287699910771216,0.0,0.0,0.0,0.0,0.27159489305589335,0.0,0.0,0.34020624854359877,0.0,0.0,0.0,0.0,0.0,0.0,0.0,0.0,0.0,263.87538605232874,3428.9874220866795,349.707195406473,982.1309638896455
0.0,0.0,0.0,0.0,0.35168118811403976,0.0,0.0,0.26463718134255637,0.0,0.0,0.0,0.0,0.0,0.0,0.0,0.0,0.0,0.0,0.0,0.0,0.0,0.20171506821057292,0.0,0.0,0.03460034295670599,0.0,0.0,0.0,0.0,0.14736621937612487,15.454571190800253,9984.163720712133,551.8272587418716,1944.9907399966376
0.0,0.0,0.16834295752950318,0.0,0.0,0.0,0.0,0.0,0.0,0.2002480633257009,0.0,0.0,0.0,0.0,0.0,0.0,0.0497682065849707,0.0,0.0,0.0,0.2108466317657988,0.0,0.0,0.0,0.0,0.0,0.21246323302504258,0.0,0.15833090776898387,0.0,87.53810324911872,10097.02817948952,316.8222047523433,1768.0120371976338
0.0,0.0,0.0,0.0,0.0,0.0,0.0,0.0,0.34501696071930593,0.0,0.1780106889354691,0.0,0.0,0.0,0.0,0.0,0.0,0.0,0.0,0.0,0.0,0.0,0.4769723503452249,0.0,0.0,0.0,0.0,0.0,0.0,0.0,154.63930135248282,13075.756902712283,450.4753185242812,941.2001911005001
0.0,0.0,0.0,0.0,0.0,0.0,0.0,0.0,0.43162000780606513,0.0,0.0,0.0,0.0,0.40038822637421356,0.0,0.0,0.0,0.0,0.0,0.0,0.0,0.0,0.0,0.0,0.0,0.0,0.0,0.16799176581972128,0.0,0.0,113.68990890741487,6142.712856064436,448.031289477603,1908.5497135989633
0.0,0.0,0.0,0.2709183293035633,0.0,0.0,0.0,0.0,0.0,0.0,0.7290816706964367,0.0,0.0,0.0,0.0,0.0,0.0,0.0,0.0,0.0,0.0,0.0,0.0,0.0,0.0,0.0,0.0,0.0,0.0,0.0,259.9248080017001,4816.497726267515,627.3056000206999,1627.355822519534
0.0,0.0,0.0,0.0,0.0,0.3529811057974697,0.0,0.0,0.0,0.0,0.0,0.0,0.0,0.0,0.2719006367967023,0.0,0.29436613346412366,0.0,0.0,0.0,0.0,0.0,0.0,0.0,0.0,0.0,0.0,0.0807521239417044,0.0,0.0,137.12598015597783,5708.8997112505895,486.1075205404834,2430.521402181003
0.26720698079707833,0.08859071730688267,0.0,0.0,0.0,0.0,0.0,0.26954980290935815,0.0,0.27173259666379523,0.0,0.0,0.0,0.0,0.0,0.0,0.0,0.0,0.0,0.0,0.0,0.0,0.10291990232288545,0.0,0.0,0.0,0.0,0.0,0.0,0.0,11.639585765029196,14247.049464415533,277.7480137910136,814.2221782144345
0.0,0.0,0.0,0.0,0.0,0.29679999847642424,0.0,0.06397672650939831,0.0,0.0,0.0,0.23179134179335714,0.0,0.0,0.0,0.0,0.0,0.0,0.0,0.0,0.0,0.0,0.0,0.0,0.0,0.0,0.32820944482001563,0.0,0.0,0.07922248840080466,156.2832943902416,7995.314798665886,339.9555005171934,2649.5783279993166
0.2905791243076669,0.0,0.0,0.0,0.0,0.0,0.0,0.0,0.0,0.0,0.0,0.0,0.0,0.0,0.0,0.0,0.0,0.7094208756923331,0.0,0.0,0.0,0.0,0.0,0.0,0.0,0.0,0.0,0.0,0.0,0.0,253.07666923560572,2303.5632321196185,440.92325510205046,626.7173116176575
0.0,0.0,0.033561023566167844,0.11770883109670531,0.0,0.0,0.0,0.0,0.0,0.0,0.0,0.0,0.0,0.0,0.0,0.0,0.0,0.623911871034251,0.0,0.0,0.11447291792686,0.11034535637601567,0.0,0.0,0.0,0.0,0.0,0.0,0.0,0.0,299.9540562665112,3376.094877569764,538.453254944655,1136.3672313338961
0.8373283940415475,0.0,0.0,0.0,0.0,0.0,0.0,0.0,0.0,0.0,0.0,0.0,0.0,0.0,0.0,0.0,0.0,0.0,0.0,0.0,0.0,0.0,0.0,0.0,0.0,0.0,0.0,0.0,0.0,0.16267160595845248,5.995731717742929,3678.7136861335375,190.99600697551128,647.0775306232306
0.6798657330909832,0.0,0.0,0.0,0.0,0.0,0.0,0.0,0.0,0.0,0.0,0.21707803715411025,0.0,0.0,0.0,0.0,0.0,0.0,0.0,0.0,0.0,0.0,0.0,0.0,0.0,0.0,0.07992049955308436,0.0,0.023135730201822153,0.0,69.9873265216667,4562.112898265889,307.1070626364764,1494.728938985883
0.0,0.0,0.1492818007336196,0.0,0.0,0.17269582035973371,0.0,0.0,0.0,0.19748006187017816,0.0,0.0,0.0,0.0,0.0,0.0,0.0,0.0,0.0,0.0,0.0,0.0,0.0,0.0,0.0,0.0,0.02029386616748498,0.36651075168766634,0.0,0.09373769918131704,54.19794010023571,10251.360773499413,533.4093427467361,1871.589096813255
0.0,0.0,0.0,0.0,0.0,0.15222557850546198,0.0,0.0,0.0,0.0,0.0,0.0,0.0,0.0,0.0,0.12638666127722123,0.13125533516377666,0.0,0.0,0.14583971121540854,0.0,0.0,0.0,0.0,0.0,0.0,0.0,0.24847724042605407,0.0,0.19581547341207756,71.92690211511191,7112.166021654026,522.0854471194185,1906.1062303759848
0.0,0.0,0.7866004572859534,0.0,0.0,0.0,0.0,0.0,0.0,0.0,0.0,0.0,0.0,0.0,0.0,0.0,0.0,0.0,0.0,0.0,0.0,0.21339954271404668,0.0,0.0,0.0,0.0,0.0,0.0,0.0,0.0,3.8510346431967624,4815.27490859052,328.1097510351967,2923.28504231356
0.0,0.0,0.0,0.0,0.0,0.0,0.0,0.0,0.0,0.0,0.0,0.1110104972026262,0.0,0.0,0.0,0.0,0.0,0.0,0.0,0.0,0.0,0.0,0.0,0.5275240013693789,0.0,0.0,0.0,0.0484808492651107,0.3129846521628842,0.0,41.53533026862151,5748.504315451619,539.9525428091584,3017.077990101386
0.0,0.0,0.0,0.0,0.5055516213732448,0.0,0.0,0.0,0.0,0.0,0.0,0.0,0.06126701096656463,0.0,0.0,0.0,0.0,0.0,0.0,0.0,0.0,0.23374523289038548,0.0,0.15430790752275275,0.0,0.0,0.0,0.045128227247052365,0.0,0.0,10.700792126027194,5227.973094034403,782.9141174886518,2698.7132434397845
0.19520089694275664,0.0,0.0,0.0,0.0,0.0,0.0,0.0,0.0,0.0,0.0,0.0,0.0,0.0,0.8047991030572434,0.0,0.0,0.0,0.0,0.0,0.0,0.0,0.0,0.0,0.0,0.0,0.0,0.0,0.0,0.0,3.789736589476155,7349.444486301143,674.0952599415115,2120.6876211653966
0.13876580771128622,0.0,0.0,0.3718874273420943,0.0,0.0,0.0,0.0,0.0,0.0,0.0,0.0,0.0,0.16898219570803621,0.0,0.13173307275151855,0.0,0.0,0.0,0.0,0.1886314964870646,0.0,0.0,0.0,0.0,0.0,0.0,0.0,0.0,0.0,176.88646882530284,5200.111180850986,355.3674614548439,2654.996742655383
0.42016315000765714,0.0,0.0,0.0,0.0,0.19573947145208825,0.1987678270639661,0.03996325622561119,0.0,0.0,0.0,0.0,0.0,0.0,0.0,0.0,0.0,0.04857822847546054,0.09678806677521683,0.0,0.0,0.0,0.0,0.0,0.0,0.0,0.0,0.0,0.0,0.0,119.27958616478433,5581.353208682599,287.9919641314631,1222.7558530035747
0.0,0.0,0.0,0.0,0.0,0.0,0.0,0.0,0.0,0.20046295418643031,0.0,0.0,0.0,0.0,0.0,0.0,0.0,0.0,0.0,0.0,0.0,0.31975302039799214,0.0,0.24765313261545946,0.23213089280011803,0.0,0.0,0.0,0.0,0.0,52.529648382246585,6062.048195575525,424.9343700930009,2761.83463224614
0.0,0.0,0.0,0.0,0.0,0.0,0.0,0.0,0.6076904987082183,0.06374811153078162,0.20852763224206103,0.0,0.0,0.0,0.0,0.0,0.0,0.0,0.0,0.0,0.0,0.0,0.0,0.0,0.0,0.0,0.0,0.0,0.0,0.12003375751893892,210.48744981738082,7583.467665435692,387.7616963531445,1003.8258381369299
0.0,0.0,0.0,0.0,0.0,0.6127931346198721,0.0,0.0,0.0,0.0,0.0,0.0,0.0,0.0,0.0,0.0,0.0,0.0,0.0,0.0,0.0,0.0,0.0,0.0,0.0,0.0,0.0,0.0,0.0,0.387206865380128,149.28568759007896,3791.4545071437233,221.27184346328536,2049.0605432181296
0.0,0.0,0.0,0.0,0.0,0.0,0.0,0.0,0.0,0.0,0.0,0.0,0.0,0.0,0.0,0.0,0.0,0.0,0.0,0.0,0.0,0.19810782333342286,0.0,0.0,0.0,0.23860808592639532,0.563284090740182,0.0,0.0,0.0,4.243852961165962,10479.267357417873,379.1246412001781,2291.884397634351
0.2599357867650219,0.0,0.0,0.0,0.0,0.0,0.0,0.0,0.0,0.0,0.0,0.0,0.44751859980802966,0.0,0.0,0.0,0.0,0.0,0.02761322293895425,0.2649323904879943,0.0,0.0,0.0,0.0,0.0,0.0,0.0,0.0,0.0,0.0,,3296.278862838061,228.42931347147712,853.550515945197
0.0,0.0,0.0,0.0,0.0,0.0,0.0,0.0,0.0,0.0,0.0,0.0,0.0,0.0,0.0,0.0,0.0,0.0,0.0,0.25297328196526814,0.0,0.0,0.0,0.0,0.0,0.7470267180347319,0.0,0.0,0.0,0.0,5.770838651399814,12167.35662323964,575.6258389066784,2887.667331974343
0.0,0.0,0.0,0.0,0.0,0.0,0.0,0.48551747352877334,0.0,0.0,0.0,0.0,0.0,0.0,0.0,0.0,0.0,0.5144825264712266,0.0,0.0,0.0,0.0,0.0,0.0,0.0,0.0,0.0,0.0,0.0,0.0,179.1059462922753,10806.789711958254,380.7008022072845,654.6223026549334
0.0,0.5722341109016594,0.0,0.0,0.0,0.42776588909834057,0.0,0.0,0.0,0.0,0.0,0.0,0.0,0.0,0.0,0.0,0.0,0.0,0.0,0.0,0.0,0.0,0.0,0.0,0.0,0.0,0.0,0.0,0.0,0.0,113.6757681031618,6290.9053811682825,322.14735267422867,1576.6338059181448
0.0,0.0902010273779353,0.0,0.0,0.0,0.0,0.0,0.0,0.0,0.0,0.0,0.40168911670948476,0.50810985591258,0.0,0.0,0.0,0.0,0.0,0.0,0.0,0.0,0.0,0.0,0.0,0.0,0.0,0.0,0.0,0.0,0.0,170.6221509813906,3942.605489788183,486.0298041852592,2141.562096343976
0.0,0.0,0.5046171211171652,0.0,0.0,0.0,0.22503607398104727,0.0,0.054236575254034164,0.0,0.0,0.0,0.0,0.0,0.0,0.0,0.0,0.0,0.0,0.2161102296477535,0.0,0.0,0.0,0.0,0.0,0.0,0.0,0.0,0.0,0.0,35.38387968847453,6808.387736860753,329.8482599941022,2075.291027991593
0.0,0.6269505080742135,0.0,0.0,0.0,0.0,0.0,0.0,0.0,0.0,0.0,0.0,0.0,0.37304949192578635,0.0,0.0,0.0,0.0,0.0,0.0,0.0,0.0,0.0,0.0,0.0,0.0,0.0,0.0,0.0,0.0,28.199240172841716,5956.815455511601,425.3326689937801,1562.1026804900996
0.0,0.0,0.0,0.0,0.0,0.0,0.0,0.0,0.0,0.0,0.0,0.0,0.0,0.0,0.0,0.0,0.0,0.0,0.0,0.0,0.3772725510970996,0.4343423303464343,0.0862503717295104,0.0,0.0,0.10213474682695564,0.0,0.0,0.0,0.0,122.53561322793477,7205.0889942891,464.5022412306865,1767.5429157343574
0.0,0.0,0.0,0.0,0.0,0.16256884652163386,0.0,0.0,0.0,0.0,0.0,0.0,0.0,0.0,0.0,0.13692025625593435,0.0,0.0,0.0,0.0,0.0,0.0,0.26648963100985984,0.0,0.0,0.0,0.0,0.050779334570095216,0.0,0.38324193164247666,62.125991221887446,9710.723493662745,431.9328316169183,1697.9346023804783
0.0,0.0,0.21689156736038592,0.13643919699889806,0.04835027637591884,0.0,0.0,0.0,0.0,0.0,0.0,0.0,0.0,0.0,0.0,0.0,0.0,0.0,0.0,0.0,0.0,0.0,0.2948562361969778,0.0,0.055683616757682505,0.0,0.0,0.0,0.0,0.247779106310137,75.34371662974993,9693.839066756444,361.0394158077927,1928.897188231606
0.0,0.0,0.0,0.0,0.0,0.0,0.0,0.0,0.05810132534201807,0.20711799272940223,0.4150805650155381,0.0,0.2854186091694808,0.0,0.0,0.0,0.0,0.0,0.0,0.0,0.0,0.0,0.0,0.0,0.0,0.0,0.030583524071298086,0.0,0.0036979836722627695,0.0,159.45607429337915,7949.8311486616185,511.764529732455,1174.8645191280452
0.0,0.0,0.20739379634484686,0.0,0.0,0.0,0.0,0.0,0.0,0.0,0.0,0.3823838822967554,0.0,0.0,0.0,0.0,0.0,0.0,0.20033311946467716,0.0,0.0,0.0,0.0,0.2098892018937206,0.0,0.0,0.0,0.0,0.0,0.0,172.08205988615464,4882.62666499612,637.4001122406981,3204.7364661197043
0.0,0.0,0.0,0.0,0.0,0.14246651686377998,0.0,0.0,0.0,0.0,0.0,0.0,0.0,0.0,0.0,0.0,0.0,0.0,0.0,0.0,0.0,0.14465285788581508,0.0,0.33758696875780914,0.0,0.3752936564925957,0.0,0.0,0.0,0.0,39.64501602875409,8667.4640237924,546.0897253126783,3515.1710183776377
0.0,0.0,0.0,0.0,0.0,0.0,0.0,0.0,0.0,0.0,0.0,0.0,0.0,0.0,0.0,0.48768383230206713,0.4576356604413022,0.0,0.0,0.0,0.0,0.0,0.0,0.0,0.0,0.0,0.0,0.05468050725663062,0.0,0.0,76.43204716595065,6014.9236702008975,559.0095857147326,2690.4539142140293
0.0,0.39653086680493493,0.0,0.0,0.0,0.0,0.0,0.0,0.0,0.0,0.0,0.0,0.0,0.0,0.0,0.0,0.0,0.0,0.0,0.0,0.0,0.0,0.0,0.6034691331950651,0.0,0.0,0.0,0.0,0.0,0.0,7.08394879281198,5235.640583072904,483.57250984693775,2485.0336393523366
0.0,0.0,0.0,0.0,0.0,0.0,0.0,0.0,0.0,0.0,0.0,0.0,0.0,0.0,0.0,0.0,0.0,0.0,0.0,0.0,0.4590958994185559,0.0,0.0,0.0,0.0,0.0,0.37800279362408873,0.0,0.0,0.1629013069573553,138.94400529140765,8073.419856484222,266.06203591997814,1228.2751672127085
0.0,0.0,0.0,0.0,0.0,0.0,0.3135516877501083,0.0,0.0,0.0,0.0,0.3084036486690324,0.0,0.0,0.0,0.0,0.0,0.0,0.0,0.0,0.0,0.0,0.034893008147373866,0.0,0.34315165543348547,0.0,0.0,0.0,0.0,0.0,218.391078461299,7173.843829543054,561.1594809863844,2945.176343611756
0.0,0.0,0.0,0.0,0.0,0.0,0.0,0.0,0.0,0.0,0.0,0.0,0.0,0.23397065354350943,0.33512115824582467,0.0,0.0,0.0,0.1798531014597888,0.0,0.0,0.0,0.0,0.01677534474179344,0.0,0.0,0.23427974200908347,0.0,0.0,0.0,55.57795432219372,7350.560263971714,560.9995696480238,2353.1263171425308
0.0,0.15663432013138456,0.0,0.0,0.0,0.0,0.0,0.0,0.0,0.09768390525453635,0.0,0.5310440781348351,0.0,0.0,0.0,0.0,0.0,0.0,0.0,0.0,0.0,0.0,0.0,0.0,0.0,0.21463769647924397,0.0,0.0,0.0,0.0,166.1528882988937,8604.731220526683,785.5000236206796,3125.42316274323
0.0,0.0,0.0,0.0,0.0,0.0,0.0,0.0,0.0,0.0,0.4894964855616541,0.0,0.0,0.327406704075512,0.1295807360474372,0.0,0.0,0.0,0.0,0.0,0.0,0.0,0.0,0.0,0.0,0.05351607431539681,0.0,0.0,0.0,0.0,166.12993572370817,6071.145080947609,714.8730060302215,2264.6853637404574
0.0,0.0,0.0,0.0,0.0,0.0,0.0,0.0,0.0,0.07729241717933412,0.0,0.0,0.0,0.0,0.0,0.0,0.0,0.2211710175897875,0.0,0.0,0.0,0.0,0.44516645814573386,0.04920316512958526,0.0,0.0,0.20716694195555918,0.0,0.0,0.0,94.06596846930694,11900.339062328592,426.3704729346617,1219.464675360183
0.0,0.525930221039312,0.0,0.0,0.0,0.09832744390400974,0.0,0.0,0.0,0.05967275454274064,0.0,0.0,0.0,0.0,0.0,0.0,0.0,0.09326413240593316,0.0,0.0,0.0,0.0,0.0,0.0,0.0,0.22280544810800446,0.0,0.0,0.0,0.0,70.88090836904344,9451.556673747571,524.0080219137984,1598.1613435490392
0.0,0.0,0.0,0.0,0.39272114706610683,0.0,0.0,0.09353309081453692,0.0,0.05705824820593755,0.0,0.0,0.0,0.0,0.0,0.0,0.0,0.0,0.0,0.0,0.0496725218352033,0.0,0.0,0.0,0.0,0.04663156869943189,0.0,0.3603834233787835,0.0,0.0,21.91449803043602,10942.138873673557,777.9108695821326,2010.708712268484
0.0,0.0,0.0,0.0,0.10664538429610826,0.0,0.0,0.0,0.0,0.0,0.0,0.0,0.0,0.0,0.0,0.0,0.0,0.0,0.0,0.0,0.0,0.0,0.0,0.0,0.0,0.832164066827117,0.0,0.0,0.0611905488767749,0.0,3.7992562188462013,13576.172866434013,661.7827278588045,3781.2525059427426
0.0,0.0,0.4694987841219826,0.0,0.0,0.0,0.0,0.0,0.0,0.0,0.1435123666885175,0.0,0.37104266285927395,0.0,0.0,0.0,0.0,0.0,0.0,0.0,0.0,0.0,0.0,0.01594618633022588,0.0,0.0,0.0,0.0,0.0,0.0,75.83238240401728,4502.941607404422,345.01199022317417,1837.4551358760928
0.18981826843389885,0.0,0.0,0.0,0.24140787696617555,0.0,0.0,0.0,0.20087589094754732,0.0,0.0,0.17839954203395686,0.0,0.0,0.0,0.08607308648377296,0.0,0.0,0.0,0.0,0.0,0.0,0.0,0.0,0.0,0.0,0.0,0.0,0.0,0.10342533513464856,111.49809480195626,5402.732177652942,601.6495421031533,2215.5525203031298
0.0,0.0,0.0,0.0,0.0,0.0,0.0,0.0,0.41853893256978825,0.4098580940547354,0.0,0.0,0.0,0.1716029733754764,0.0,0.0,0.0,0.0,0.0,0.0,0.0,0.0,0.0,0.0,0.0,0.0,0.0,0.0,0.0,0.0,106.6049687980541,9965.718260908683,291.8957212981242,1476.3628021553268
0.0,0.0,0.0,0.0,0.12155076240519502,0.0,0.0,0.0,0.0,0.46777254882885233,0.0,0.06184645391880884,0.0,0.0,0.0,0.11418469191512479,0.0,0.0,0.0,0.0,0.0,0.0,0.0,0.0,0.0,0.0,0.0,0.0,0.23464554293201906,0.0,35.2906055497354,11632.045363569123,488.40855042946947,1892.473954046091
0.0,0.0,0.0,0.0,0.0,0.0,0.0,0.0,0.0,0.0,0.34337404924930615,0.0,0.3892078424715084,0.0,0.0,0.14103888141218365,0.0,0.0,0.0,0.0,0.0,0.0,0.0,0.0,0.0,0.0,0.0,0.0,0.12637922686700176,0.0,132.52689052133616,5546.019409209432,526.1500726325263,1460.2185380961346
0.0,0.0,0.0,0.0,0.0,0.0,0.5716235377090584,0.2889498144646598,0.0,0.0,0.0,0.0,0.0,0.0,0.0,0.0,0.0,0.0,0.0,0.0,0.0,0.0,0.13942664782628184,0.0,0.0,0.0,0.0,0.0,0.0,0.0,68.21167476465803,13921.538894919446,345.131120412168,894.6453039707263
0.06292974745305242,0.0,0.0,0.0,0.0,0.0,0.0,0.0,0.0,0.0,0.0,0.0,0.44844879783241476,0.0,0.4886214547145327,0.0,0.0,0.0,0.0,0.0,0.0,0.0,0.0,0.0,0.0,0.0,0.0,0.0,0.0,0.0,45.31602267125922,5960.108577140238,508.9250342855477,1703.8431236260237
0.0,0.0,0.0,0.29733722111130434,0.0,0.0,0.059830184014088496,0.0,0.0,0.0,0.0,0.3811037741491295,0.0,0.0,0.2475573852212644,0.0,0.0,0.0,0.0,0.0,0.0,0.0,0.0,0.0,0.0,0.014171435504213395,0.0,0.0,0.0,0.0,207.30942829237188,5842.788525631154,591.8952006380125,3382.181760713921
0.0,0.18966218880742008,0.0,0.0,0.0,0.0,0.0,0.0,0.0,0.0,0.0,0.0,0.0,0.0,0.0,0.0,0.0,0.0,0.0,0.0,0.0,0.0,0.0,0.0,0.0,0.0,0.0,0.81033781119258,0.0,0.0,3.151251770987574,10609.272600571165,830.9479229209628,899.305567521872
0.0,0.0,0.0,0.13247028323157084,0.0,0.0,0.0,0.0,0.0,0.2538895546619415,0.0,0.0,0.0,0.0,0.0,0.0,0.0,0.0,0.0,0.0,0.0,0.2452554447261972,0.0,0.0,0.0,0.0,0.0,0.356849422903852,0.0,0.011535294476438494,28.252504537766782,9989.160996909104,580.5776322651269,1565.0187478054215
0.6616616241645206,0.0,0.0,0.0,0.0,0.0,0.3383383758354793,0.0,0.0,0.0,0.0,0.0,0.0,0.0,0.0,0.0,0.0,0.0,0.0,0.0,0.0,0.0,0.0,0.0,0.0,0.0,0.0,0.0,0.0,0.0,36.94798351463917,5898.937710441024,248.67855876938808,705.6129863602441
0.478944842689575,0.0,0.0,0.0,0.0,0.0,0.0,0.0,0.0,0.0,0.0,0.0,0.0,0.0,0.0,0.0,0.0,0.0,0.0,0.0,0.0,0.0,0.0,0.0,0.521055157310425,0.0,0.0,0.0,0.0,0.0,118.20686455610982,4685.728403685948,243.6124411598341,1825.5382878893743
0.013848134561210746,0.4151422394711806,0.0,0.0,0.0,0.0,0.0,0.0,0.0,0.0,0.0,0.0,0.0,0.0,0.0,0.0,0.0,0.0,0.0,0.3150255041718146,0.0,0.13640714907526336,0.0,0.0,0.0,0.0,0.0,0.0,0.0,0.11957697272053057,6.170446055206515,6262.259184235,371.9334315566449,963.1185697901434
0.0,0.0,0.4133960568060194,0.0,0.0,0.0,0.0,0.0,0.0,0.0,0.0,0.0,0.0,0.0,0.0,0.0,0.0,0.17690618681289086,0.0,0.0,0.0,0.0,0.0,0.0,0.0,0.0,0.0,0.14655378551923237,0.2631439708618574,0.0,78.11472219886302,6677.313109379869,489.41488358707807,1988.0806482090445
0.0,0.0,0.48147081468417907,0.0,0.0,0.0,0.0,0.0,0.0,0.0,0.0,0.0,0.0,0.0,0.0,0.5185291853158209,0.0,0.0,0.0,0.0,0.0,0.0,0.0,0.0,0.0,0.0,0.0,0.0,0.0,0.0,23.28066898991749,7295.62698301252,495.78054471570135,3444.2963835183014
0.0,0.0,0.0,0.030346256391253133,0.0,0.0,0.0,0.0,0.0,0.0,0.0,0.359846868383453,0.0,0.0,0.0,0.0,0.0,0.2612131996543912,0.3485936755709027,0.0,0.0,0.0,0.0,0.0,0.0,0.0,0.0,0.0,0.0,0.0,295.31216100448415,4107.019424120581,674.6811448046072,2063.169829325297
0.0,0.3101504156500908,0.0,0.0,0.0,0.0,0.0,0.09330654301199974,0.07612318496851019,0.0,0.0,0.0,0.0,0.0,0.0,0.0,0.0,0.0,0.05316845163350337,0.467251404735896,0.0,0.0,0.0,0.0,0.0,0.0,0.0,0.0,0.0,0.0,38.561216056864886,7509.858320115821,277.7010574881665,759.1321172939798
0.0,0.20244380991781816,0.0,0.14077560625231883,0.23766996626775738,0.0,0.0,0.0,0.0,0.0,0.0,0.3162060652713034,0.0,0.0,0.053275532645485534,0.0,0.0,0.0,0.0,0.0,0.049629019645316554,0.0,0.0,0.0,0.0,0.0,0.0,0.0,0.0,0.0,160.47573940288893,6358.803932768225,721.9425792396679,2785.249275428162
0.0,0.0,0.0,0.0,0.0,0.0,0.03968575421947144,0.0,0.0,0.0,0.0,0.0,0.0,0.1253111912814694,0.0,0.0,0.5531774778412739,0.0,0.0,0.0,0.2818255766577851,0.0,0.0,0.0,0.0,0.0,0.0,0.0,0.0,0.0,197.29775912804766,4415.347842784929,321.6501766398244,1514.7220613681588
0.0,0.0,0.0,0.0,0.0,0.0,0.3349022868513405,0.28375360185698073,0.0,0.0,0.11275158110116301,0.0,0.0,0.0,0.0,0.0,0.0,0.2685925301905157,0.0,0.0,0.0,0.0,0.0,0.0,0.0,0.0,0.0,0.0,0.0,0.0,174.74096297353074,11397.111515378258,447.33208381551475,923.862782884335
0.0,0.0,0.0,0.0,0.17368786954145624,0.0,0.0,0.0,0.0,0.31469741524576283,0.0,0.0,0.2748933786467532,0.0,0.0,0.0,0.0,0.0,0.07820952379763692,0.0,0.0,0.0,0.0,0.0,0.0,0.0,0.15851181276839083,0.0,0.0,0.0,47.512421622254145,9072.790794105378,416.06364864373955,1440.3436791358797
0.0,0.0,0.0,0.0,0.0,0.0,0.42549699853957856,0.0,0.0,0.0,0.0,0.0,0.0,0.0,0.0,0.0,0.0,0.0,0.0,0.0,0.0,0.5745030014604214,0.0,0.0,0.0,0.0,0.0,0.0,0.0,0.0,46.27082243890429,6307.936298094837,442.35100815258346,1705.7750478856276
0.0,0.0,0.11833230929128348,0.0,0.34771750798066076,0.0,0.16135205781855316,0.0,0.0,0.0,0.0,0.2450353249542022,0.0,0.0,0.0,0.0,0.0,0.0,0.0,0.0,0.0,0.12756279995530034,0.0,0.0,0.0,0.0,0.0,0.0,0.0,0.0,101.01309003256826,6513.029317981487,721.95445493915,3147.656427482528
0.0,0.0,0.0,0.0,0.0,0.0,0.0,0.0,0.0,0.0,0.0,0.0,0.0,0.0,0.0,0.0,0.0,0.0,0.0,0.4535874373588565,0.0,0.5464125626411436,0.0,0.0,0.0,0.0,0.0,0.0,0.0,0.0,7.036966088158682,3633.366812474677,373.9927657891419,1526.3138789344873
0.0,0.0,0.0,0.0,0.0,0.32973685033711514,0.0,0.0,0.0,0.0,0.6702631496628847,0.0,0.0,0.0,0.0,0.0,0.0,0.0,0.0,0.0,0.0,0.0,0.0,0.0,0.0,0.0,0.0,0.0,0.0,0.0,254.24318027217228,5044.72591014382,575.0726822688422,1615.3570557882335
0.0,0.0,0.0,0.0,0.13050198042377584,0.0,0.0,0.0,0.0,0.0,0.0,0.0,0.0,0.0,0.0,0.0,0.6862709880559236,0.0,0.0,0.18322703152030054,0.0,0.0,0.0,0.0,0.0,0.0,0.0,0.0,0.0,0.0,94.12319132764488,3609.621998071233,355.8114726903323,1423.0691546019757
0.0,0.0,0.32343659713017336,0.0,0.0,0.0,0.0,0.15977628750140943,0.11315501973443545,0.0,0.0,0.0,0.0,0.0,0.0,0.0,0.0,0.04826241816285813,0.0,0.0,0.0,0.0,0.0,0.0,0.0,0.0,0.0,0.0,0.2948239924468476,0.060545685024276,45.43003636108283,9721.296896750231,343.0318997781865,1765.306989487809
0.0,0.0,0.0,0.0,0.1968746844058185,0.0,0.409020708856497,0.0,0.0,0.0,0.019760671119147283,0.0,0.0,0.0,0.0,0.0,0.0,0.0,0.0,0.16107020763952434,0.0,0.0,0.0,0.0,0.0,0.0,0.21327372797901306,0.0,0.0,0.0,46.995830860386505,8769.775397036867,437.9519883550077,1620.4731334347466
0.0,0.0,0.0,0.0,0.0,0.0,0.0,0.0,0.0,0.0,0.0,0.0,0.5018495314091915,0.0,0.0,0.0,0.0,0.0,0.0,0.0,0.0,0.0,0.0,0.0,0.14618238092158095,0.0,0.3050037144613226,0.0,0.04696437320790484,0.0,82.42777862946454,6037.3718840024785,233.5315289517436,1419.9144880419924
0.0,0.27736935553182607,0.0,0.0,0.0,0.12873874630728327,0.0,0.0,0.12419953295638085,0.0,0.0,0.0,0.0,0.16070208215843293,0.0,0.0,0.0,0.0,0.0,0.0,0.21927136651354576,0.08971891653253103,0.0,0.0,0.0,0.0,0.0,0.0,0.0,0.0,158.30835172322833,6341.586008705431,391.2977046820119,1712.3930312650132
0.0,0.0,0.18823959086584316,0.0,0.0,0.244998749536059,0.3610463175197082,0.0,0.0,0.0,0.0,0.0,0.0,0.0,0.0,0.0,0.0,0.20571534207838968,0.0,0.0,0.0,0.0,0.0,0.0,0.0,0.0,0.0,0.0,0.0,0.0,172.29304836468566,6569.493262696597,389.24920907388304,1921.431310691626
0.0,0.0,0.0,0.0,0.0,0.0,0.07478169547254551,0.0,0.0,0.0,0.0,0.0,0.0,0.0,0.0,0.29984266777563484,0.0,0.0,0.339759652786602,0.0,0.0,0.0,0.0,0.0,0.0,0.0,0.0,0.2856159839652178,0.0,0.0,82.00964594819769,8731.5314978074,706.5576314258749,1858.1338285842019
0.0,0.0,0.0,0.0,0.0,0.0,0.0,0.0,0.0,0.0,0.0,0.0,0.0,0.0,0.0,0.0,0.0,0.0,0.0,0.3476369159125754,0.0,0.0,0.6523630840874246,0.0,0.0,0.0,0.0,0.0,0.0,0.0,26.326149461145647,13243.964586948947,348.9211471515744,833.3774026266111
0.0,0.15084657461553025,0.21568636347888936,0.0,0.0,0.06233786639372434,0.0,0.0,0.0,0.0,0.0,0.0,0.0,0.0,0.0,0.0,0.0,0.0,0.0,0.0,0.0,0.0,0.0,0.402979423587429,0.0,0.15180307287106123,0.0,0.016346699053365808,0.0,0.0,26.325422045449542,7539.532878320014,506.27253688142036,3295.585012985382
0.0,0.0,0.0,0.0,0.0,0.0,0.11331423771126846,0.0,0.18373960712110368,0.0,0.0,0.0,0.0,0.0,0.0,0.0,0.3336315879280416,0.0,0.13409388549810092,0.0,0.0,0.0,0.0,0.0,0.2352206817414854,0.0,0.0,0.0,0.0,0.0,195.10780107722482,5146.878171833535,368.02559212066143,
0.0,0.5219962715139215,0.0,0.0,0.0,0.0,0.0,0.0,0.0,0.0,0.0,0.0,0.0,0.0,0.0,0.0,0.0,0.0,0.0,0.0,0.4780037284860785,0.0,0.0,0.0,0.0,0.0,0.0,0.0,0.0,0.0,161.45527104573364,6862.987638619745,366.7009236114203,666.1537755712186
0.1274635867274192,0.0,0.0,0.0,0.0,0.0,0.0,0.0,0.0,0.0,0.0,0.0,0.0,0.0,0.0,0.20844795823167575,0.0,0.15924460158340314,0.0,0.0,0.0,0.0,0.0,0.0,0.0,0.3505292143205179,0.13745692508004792,0.0,0.01685771405693594,0.0,74.51286137817767,10729.467492030926,597.8592641143487,2783.8922190430562
0.0,0.0,0.0,0.0,0.0,0.0,0.0,0.8038303871414196,0.0,0.0,0.0,0.0,0.0,0.0,0.0,0.0,0.19616961285858037,0.0,0.0,0.0,0.0,0.0,0.0,0.0,0.0,0.0,0.0,0.0,0.0,0.0,37.89944782065522,15700.829983874208,156.59138335574835,812.018942606057
0.0,0.0,0.0,0.0,0.0,0.0,0.0,0.0,0.0,0.0,0.0,0.0,0.0,0.1890180830757087,0.0,0.8109819169242912,0.0,0.0,0.0,0.0,0.0,0.0,0.0,0.0,0.0,0.0,0.0,0.0,0.0,0.0,44.09528085249838,6997.0975336728825,697.5427632077215,3562.935073248939
0.0,0.0,0.0,0.0,0.0,0.0,0.2010206233556233,0.0,0.0,0.0,0.0,0.0,0.0,0.0,0.0,0.0,0.0,0.0,0.0,0.032589304233030296,0.0,0.0,0.0,0.0,0.0,0.0,0.0,0.3700129359007595,0.3963771365105869,0.0,25.357267920141442,10035.071104982595,580.0181429427456,1110.3454352521653
0.0,0.0,0.0,0.27332508408514355,0.019470209403835717,0.0,0.0,0.0,0.0,0.11795598375684639,0.0,0.0,0.2692465684861326,0.0,0.0,0.0,0.0,0.0,0.0,0.0,0.0,0.0,0.0,0.0,0.0,0.0,0.23903095925426662,0.0,0.08097119501377505,0.0,98.26999725214733,7030.560903025477,240.57812523075356,1856.3291881273772
0.0,0.0,0.0,0.47060000956282777,0.0,0.0,0.0,0.0,0.0,0.0,0.0,0.0,0.0,0.0,0.0,0.0,0.20605447085198042,0.0,0.0,0.0,0.0,0.0,0.0,0.0,0.24142750626218296,0.0,0.0,0.0,0.08191801332300876,0.0,220.58956975385883,4675.17083005459,244.45068363554978,2563.528381466365
0.0,0.048175137577033914,0.0,0.0,0.0,0.0,0.0,0.3987216202853182,0.0,0.0,0.12841561599695586,0.0,0.140192095527334,0.0,0.0,0.0,0.0,0.0,0.20154340850333635,0.0,0.0,0.0,0.0,0.0,0.08295212211002163,0.0,0.0,0.0,0.0,0.0,123.21736313259002,11537.01333580172,382.2395362079039,1088.073800141986
0.0,0.0,0.0,0.0,0.0,0.23794898801248882,0.3811651357156718,0.0,0.0,0.0,0.0,0.0,0.0,0.0,0.0,0.0,0.0,0.0,0.0,0.15905181177777494,0.0,0.0,0.22183406449406448,0.0,0.0,0.0,0.0,0.0,0.0,0.0,112.16691070559251,10329.176178580474,332.2213517864143,1506.2435361655787
0.0,0.0,0.0,0.0,0.32742518149370226,0.0,0.0,0.0,0.0,0.0,0.0,0.0,0.0,0.0,0.0,0.0,0.0,0.0,0.5464962701305512,0.12607854837574642,0.0,0.0,0.0,0.0,0.0,0.0,0.0,0.0,0.0,0.0,114.57909437298945,5126.165765682114,566.7397383906869,1491.7755314112346
0.0,0.0,0.0,0.047893643018919595,0.0,0.1044559378435142,0.2424881852035489,0.0,0.0,0.3122859729834747,0.0,0.0,0.0,0.0,0.0,0.0,0.21094297440916882,0.0,0.0,0.08193328654137381,0.0,0.0,0.0,0.0,0.0,0.0,0.0,0.0,0.0,0.0,108.79874937731799,9779.18970772354,340.94766439463683,1492.5673894221088
0.0,0.0,0.0,0.0,0.15941775381775727,0.0,0.0,0.18613041381461048,0.0,0.0,0.0,0.0,0.0,0.0,0.0,0.0,0.0,0.0,0.0,0.0,0.0,0.0,0.34256592908308614,0.1558738823439032,0.0,0.0,0.0,0.0,0.15601202094064295,0.0,16.8357914642097,14380.34772092351,482.5341490674979,1711.8556165341438
0.0,0.0,0.0,0.0,0.0,0.0,0.0,0.0,0.0,0.0,0.0,0.0,0.0,0.0,0.0,0.0,0.5031131164846474,0.0,0.49688688351535243,0.0,0.0,0.0,0.0,0.0,0.0,0.0,0.0,0.0,0.0,0.0,162.9772369764671,3761.416992813487,388.3416620294859,1046.9073507811263
0.2199626360574025,0.0,0.12357091703414634,0.0,0.0,0.0,0.0,0.0,0.0,0.0,0.2309392386719506,0.0,0.0,0.0,0.0,0.13574538690969448,0.24628922771228487,0.0,0.043492593614521215,0.0,0.0,0.0,0.0,0.0,0.0,0.0,0.0,0.0,0.0,0.0,120.36023572150114,5409.005921993385,559.166778373311,1870.5238831047918
0.0,0.0,0.0,0.0,0.0,0.0,0.24340055184359297,0.0,0.0,0.01930877173791333,0.0,0.0,0.0,0.0,0.0,0.0,0.0,0.37346220513944445,0.0,0.36382847127904927,0.0,0.0,0.0,0.0,0.0,0.0,0.0,0.0,0.0,0.0,175.79717871144024,4993.286874083735,416.6414402716265,759.9029255224616
0.0,0.0,0.0,0.0,0.0,0.0,0.0,0.0,0.0,0.5671596904761976,0.0,0.0,0.0,0.0,0.0,0.0,0.0,0.0,0.0,0.0,0.0,0.0,0.0,0.0,0.0,0.0,0.0,0.0,0.4328403095238024,0.0,8.181557138485209,11517.271887951358,316.29778363305917,1036.0511789022287
0.0,0.0,0.0,0.0,0.0,0.0,0.0,0.0,0.0,0.0,0.0,0.0,0.0,0.0,0.0,0.0,0.0,0.0,0.0,0.10659648313852305,0.0,0.3328486267247498,0.0,0.0,0.0,0.5605548901367271,0.0,0.0,0.0,0.0,6.710213622875783,10205.676042007295,627.2980678862707,2893.1356528951596
0.0,0.0,0.0,0.0,0.0,0.0,0.3386674157379607,0.0,0.0,0.0,0.0,0.029074481649772357,0.0,0.0,0.0,0.0,0.0,0.22538369197433072,0.0,0.0,0.0,0.0,0.21603527212166102,0.0,0.0,0.0,0.19083913851627526,0.0,0.0,0.0,135.40456764458335,10827.949154548385,426.05138533985803,1201.7274282617664
0.6371572434825421,0.0,0.0,0.0,0.0,0.0,0.0,0.0,0.0,0.0,0.0,0.0,0.0,0.0,0.0,0.0,0.0,0.0,0.0,0.36284275651745795,0.0,0.0,0.0,0.0,0.0,0.0,0.0,0.0,0.0,0.0,3.0741652834492124,3845.661224497178,161.79765304272604,521.3743838181263
0.0,0.0,0.0,0.0,0.0,0.0,0.0,0.0,0.0,0.0,0.0,0.0,0.0,0.0,0.0,0.0,0.0,0.0,0.0,0.0,0.8920008192341499,0.0,0.10799918076585016,0.0,0.0,0.0,0.0,0.0,0.0,0.0,270.42743593183434,6514.973579028646,275.37968212075054,701.1064890976004
0.0,0.0,0.0,0.0,0.0,0.0,0.0,0.0,0.0,0.0,0.0,0.0,0.0,0.0,0.0,0.18413468062429017,0.0,0.0,0.0,0.0,0.0,0.0,0.0,0.40766495411937154,0.0,0.40820036525633835,0.0,0.0,0.0,0.0,17.88212631553152,9776.204513376255,599.5441947667161,3550.6275858728995
0.3051983325309989,0.0,0.0,0.0,0.0,0.0,0.0,0.0,0.0,0.07203563523744132,0.3074865254179922,0.0,0.0,0.0,0.0,0.0,0.0,0.0,0.0,0.0,0.0,0.0,0.0,0.0,0.0,0.0,0.0,0.0,0.3152795068135676,0.0,103.77111444950941,7917.4288674392155,449.53902947586545,1018.3108657288733
0.0,0.0,0.0,0.0,0.0,0.0,0.19377496335025204,0.0,0.0,0.07873190444002451,0.0,0.0,0.0,0.0,0.0,0.0,0.0,0.0,0.0,0.0,0.0,0.0,0.14615771362903035,0.06349678500172037,0.5178386335789728,0.0,0.0,0.0,0.0,0.0,138.72804369811342,9126.469342526176,375.43859886588905,2358.7369233479735
0.0,0.24772050939720597,0.0,0.0,0.0,0.0,0.0,0.0,0.0,0.0,0.0,0.0,0.0,0.0,0.0,0.5929003175488844,0.0,0.0,0.0,0.0,0.0,0.017538719364122112,0.0,0.1418404536897875,0.0,0.0,0.0,0.0,0.0,0.0,27.532781491873536,8135.01465883327,643.9586703547227,3205.3821148427332
0.06371846288045953,0.0,0.0,0.0,0.0,0.0,0.0,0.0,0.0,0.0,0.0,0.0,0.0,0.23607461305816416,0.2197760953893834,0.026083439357811808,0.0,0.0,0.2116384502806726,0.0,0.0,0.0,0.0,0.0,0.0,0.2427089390335085,0.0,0.0,0.0,0.0,57.36750349947341,8243.386618676142,653.0780978803833,2954.0493911078006
0.0,0.0,0.0,0.0,0.0,0.0,0.0,0.0,0.0,0.0186359388348806,0.0,0.11225880382225167,0.0,0.0,0.12752555919651773,0.0,0.0,0.0,0.0,0.0,0.18934089221131023,0.0,0.0,0.0,0.0,0.36909856174028705,0.0,0.0,0.0,0.18314024419475272,122.41796016378686,10214.252705752491,637.7163905138871,2601.851832877146
0.0,0.0,0.0,0.0,0.0,0.0,0.0,0.0,0.0,0.0,0.11337086417264719,0.0,0.0,0.0,0.0,0.0,0.057427682798654296,0.0,0.0,0.1571304772479831,0.0,0.17352829320054414,0.4484966172949974,0.0,0.0,0.0,0.0,0.0,0.05004606528517388,0.0,72.13013206485088,12253.91219060938,457.4031890392684,1249.7228565163978
0.0,0.0,0.0,0.0,0.0,0.0,0.0,0.0,0.0,0.0,0.0,0.0,0.0,0.0,0.0,0.0,0.0,0.0,0.39425048916122896,0.0,0.0,0.0,0.0,0.0,0.6057495108387712,0.0,0.0,0.0,0.0,0.0,193.49336710153028,5469.498362883916,351.3426225341945,2108.1058263796485
0.0,0.0,0.0,0.0,0.0,0.23215844361685464,0.13297347555776878,0.0,0.46774599352365653,0.0,0.0,0.0,0.0,0.0,0.058169050692832035,0.0,0.0,0.0,0.0,0.0,0.0,0.10895303660888803,0.0,0.0,0.0,0.0,0.0,0.0,0.0,0.0,191.91912339440165,7036.167667619945,298.7435542615318,1819.152377150456
0.0,0.0,0.0,0.0,0.0,0.0,0.0,0.0,0.0,0.24357217645390672,0.0,0.0,0.0,0.0,0.0,0.0,0.0,0.0,0.0,0.2953187304703962,0.0,0.0,0.0,0.0,0.4611090930756972,0.0,0.0,0.0,0.0,0.0,109.62449505433368,7431.656188396185,274.42960527476083,1954.2261557631284
0.0,0.13330676159772992,0.0,0.0,0.0,0.0,0.10387593533487992,0.0,0.19936102887145812,0.10163031063361712,0.11835117073295734,0.0,0.0,0.0,0.0,0.0,0.0,0.0,0.0,0.0,0.0,0.0,0.0,0.0,0.3434747928293577,0.0,0.0,0.0,0.0,0.0,174.23109954289606,8662.423093981894,400.95922603647125,1836.6840438275556
0.0,0.0,0.0,0.20636113569901895,0.0,0.0,0.0,0.0,0.0,0.21798212191480532,0.11029783063334127,0.0,0.0,0.0,0.2914699329128537,0.0,0.0,0.0,0.0,0.0,0.0,0.0,0.0,0.0,0.0,0.0,0.0,0.17388897883998067,0.0,0.0,91.63972728688181,10366.292635855867,597.5115556804341,1907.9880196026936
0.0,0.0,0.0,0.0,0.0,0.0,0.43679254884693114,0.0,0.0,0.0,0.0,0.0,0.0,0.0,0.0,0.0,0.0,0.47282033168994564,0.0,0.0,0.09038711946312313,0.0,0.0,0.0,0.0,0.0,0.0,0.0,0.0,0.0,234.5388957086056,5782.349034457961,484.22502902725154,839.209114335793
0.0,0.0,0.0,0.0,0.0,0.0,0.0,0.30368547701111837,0.0,0.0,0.0,0.0,0.0,0.0,0.0,0.3604182253694783,0.0,0.0,0.0,0.0,0.0,0.0,0.0,0.0,0.0,0.0,0.0,0.0,0.0,0.33589629761940326,20.559035608173506,11121.425905482794,437.86768579894823,1995.0178260810362
0.0,0.0,0.22021790398065913,0.0,0.0,0.0,0.0,0.3567907570820995,0.0,0.0,0.0,0.035773152312987874,0.0,0.0,0.0,0.0,0.0,0.0,0.0,0.0,0.0,0.0,0.0,0.0,0.0,0.0,0.0,0.0,0.3872181866242535,0.0,25.543469865388012,12859.01622670777,313.14483395394325,1715.8077963315504
0.0,0.0,0.0,0.0,0.0,0.0,0.0,0.0,0.0,0.0,0.0,0.0,0.0,0.0,0.0,0.0,0.0,0.0,0.0,0.0,0.0,0.0,0.0,0.0,0.0,0.0,0.25098033342135256,0.0,0.0,0.7490196665786474,5.4654461056301535,5698.003554212609,263.93128294153433,1073.1395810667875
0.1466163986392539,0.0,0.0,0.10482395501034486,0.08782266655553778,0.0,0.0,0.37568481446568747,0.0,0.0,0.0,0.0,0.0,0.0,0.0,0.0,0.0,0.2850521653291759,0.0,0.0,0.0,0.0,0.0,0.0,0.0,0.0,0.0,0.0,0.0,0.0,142.84868887990848,10520.946076964829,360.9970794276168,1145.1289876364983
0.0,0.0,0.0,0.0,0.0,0.0,0.0,0.0,0.30778573136409393,0.0,0.0,0.10694522787191887,0.0,0.0,0.08085669541189379,0.0,0.0,0.0,0.0,0.0,0.0,0.0,0.0,0.0,0.0,0.0,0.5044123453520934,0.0,0.0,0.0,113.6630424573622,9470.031768707971,336.57201276981925,1915.2721700905076
0.0,0.0,0.0,0.0,0.0,0.3329654482770175,0.0,0.0,0.0,0.0,0.0,0.0,0.0,0.0,0.0,0.0,0.0,0.0,0.190780412137907,0.0,0.0,0.0,0.0,0.0,0.0,0.47625413958507545,0.0,0.0,0.0,0.0,125.48924871009713,10321.993917779631,512.360026702641,3043.984811947603
0.0,0.0,0.0,0.0,0.0,0.17070678157115987,0.0,0.0,0.0,0.0,0.0,0.0,0.0,0.09737456162834601,0.1568861286252675,0.0,0.0,0.0,0.05618492283946825,0.0,0.0,0.0,0.0,0.3869329078660408,0.13191469746971754,0.0,0.0,0.0,0.0,0.0,105.71275085574537,4964.441542575026,556.118531124992,3208.6224636019865
0.0,0.0,0.0,0.0,0.0,0.0,0.0,0.0,0.5144602833938288,0.0,0.0,0.0,0.0,0.0,0.0,0.0,0.0,0.17692928933824656,0.0,0.0,0.0,0.0,0.0,0.0,0.0,0.0,0.0,0.3086104272679246,0.0,0.0,180.25857784024598,7573.657425534454,514.023314590263,983.2292900275677
0.1571947759627618,0.0,0.0946250419415007,0.0,0.28789997399451356,0.015573471155330667,0.0,0.0,0.0,0.0,0.0,0.0,0.0,0.0,0.18365530735655536,0.0,0.0,0.0,0.0,0.0,0.0,0.0,0.0,0.0,0.0,0.0,0.0,0.0,0.0,0.26105142958933797,10.144864944935632,6341.360285520321,562.4527916094455,2133.1289252243596
0.0,0.0,0.0,0.0,0.0,0.24459258855090565,0.0,0.0,0.0,0.0,0.0,0.0,0.0,0.0,0.3330906004031889,0.0,0.0,0.0,0.2397931368193188,0.0,0.0,0.0,0.0,0.0,0.0,0.0,0.18252367422658664,0.0,0.0,0.0,123.10061768587519,7247.47070021941,487.99373812735,2189.8827821101268
0.0,0.0,0.0,0.0,0.0,0.0,0.0,0.0,0.0,0.0,0.0,0.0,0.0,0.0,0.5579362341875425,0.0,0.0,0.0,0.0,0.0,0.0,0.0,0.0,0.0,0.0,0.0,0.0,0.0,0.0,0.44206376581245743,4.939771605890694,6610.71725200153,580.4104801836368,1783.240771481324
0.007570443702508495,0.0,0.0,0.0,0.0,0.0,0.0,0.0,0.0,0.0,0.0,0.0,0.09390323875416409,0.0,0.15381366127072535,0.0,0.0,0.0,0.5523419382636574,0.19237071800894487,0.0,0.0,0.0,0.0,0.0,0.0,0.0,0.0,0.0,0.0,127.45614696193556,4980.304818227977,510.0540793605893,1057.5142036021168
0.0,0.0,0.0,0.0,0.0,0.0,0.0,0.0,0.0,0.0,0.0,0.0,0.0,0.0,0.0,0.0,0.0,0.0,0.3358006541461125,0.0,0.0,0.0,0.0,0.0,0.0,0.0,0.0,0.6641993458538875,0.0,0.0,61.45420899246876,9421.954149434943,746.7681126366206,776.4782028431597
0.17965900260797826,0.0,0.5173045201181609,0.0,0.0,0.0,0.0,0.0,0.0,0.0,0.0,0.0,0.0,0.0,0.0,0.0,0.0,0.0,0.0,0.0,0.0,0.24707741367246927,0.0,0.0,0.0,0.0,0.0,0.055959063601391565,0.0,0.0,2.165897899742438,5157.683695206968,378.7278209501153,2317.5973636215977
0.0,0.0,0.0,0.4768617875865901,0.0,0.0,0.0,0.0,0.0,0.0,0.0,0.0,0.0,0.20589448654887704,0.0,0.0,0.0,0.3172437258645329,0.0,0.0,0.0,0.0,0.0,0.0,0.0,0.0,0.0,0.0,0.0,0.0,246.08198192828198,3468.2180788232704,347.9817068182412,2457.397506068158
0.0,0.0,0.0,0.0,0.0,0.0,0.0,0.0,0.0,0.3378248423154133,0.22711758549541206,0.0,0.0,0.0,0.0,0.0,0.0,0.0,0.0,0.0,0.0,0.0,0.0,0.0,0.4350575721891747,0.0,0.0,0.0,0.0,0.0,167.5927870394969,8665.493903661176,406.9463475119438,1989.4209901409731
0.0,0.0,0.0,0.0,0.0,0.0,0.0,0.0,0.0,0.0,0.0,0.0,0.1344671381189538,0.26055595002028636,0.0,0.0,0.0,0.0,0.0,0.0,0.0,0.0,0.2423076284380605,0.0,0.0,0.0,0.11396921953001683,0.0,0.0,0.2487000638926825,43.53940951899546,8725.603307493158,402.7935392114936,1700.9168736906342
0.0,0.0,0.0,0.0,0.0,0.0,0.0,0.0,0.0,0.0,0.0,0.0,0.0,0.0,0.0,0.0,0.0,0.0,0.0,0.0,0.0,0.0,0.0,0.0,0.0,0.0,0.0,0.5247869843749885,0.0,0.4752130156250114,2.201759807780564,8242.379469145588,614.0432230094033,880.875315709174
0.0,0.0,0.0,0.0,0.0,0.0,0.0,0.0,0.0,0.0,0.0,0.0,0.0,0.0,0.2588966237288689,0.0,0.0,0.0,0.22165871182478114,0.0,0.5194446644463501,0.0,0.0,0.0,0.0,0.0,0.0,0.0,0.0,0.0,194.52537437824947,5939.637655802896,521.8295037046886,1211.1076190709105
0.0,0.0,0.0,0.0,0.0,0.0,0.0,0.0,0.0,0.0,0.0,0.0,0.0,0.0,0.0,0.0,0.0,0.0,0.0,0.0,0.0,0.0,0.7396372814341309,0.0,0.09954694310277662,0.0,0.0,0.0,0.0,0.16081577546309253,55.59651184564348,15095.142013509896,404.9998406107274,1075.534396104406
0.0,0.0,0.0,0.0,0.0,0.0,0.0,0.0,0.0,0.0,0.0,0.0,0.0,0.2244241495672814,0.0,0.1440626184637505,0.0,0.0,0.23622794573194625,0.1846927678877376,0.0,0.0,0.0,0.0,0.0,0.0,0.0,0.21059251834928416,0.0,0.0,74.2250054161046,6163.023865964466,579.3478356356185,2133.519197925198
0.0,0.0,0.0,0.0,0.0,0.0,0.0,0.0,0.0,0.03262884068266391,0.0,0.0,0.0,0.0,0.0,0.0,0.0,0.0,0.0,0.0,0.08433110634683309,0.0,0.0,0.0,0.5421098652771776,0.15812775668983062,0.0,0.18280243100349478,0.0,0.0,164.23855292282153,8904.363155280204,501.23477276974165,2585.590443859591
0.0,0.0,0.0,0.0,0.0,0.0,0.0,0.0,0.019665758229490748,0.0,0.0,0.0,0.0,0.13073670992002137,0.0,0.07533208835113414,0.0,0.24036374482364248,0.0,0.0,0.0,0.0,0.0,0.5339016986757114,0.0,0.0,0.0,0.0,0.0,0.0,99.68704738543423,4230.861505784467,594.157168939782,3087.217210487808
0.0,0.0,0.0,0.0,0.0,0.0,0.0,0.0,0.8344287568345836,0.0,0.0,0.0,0.0,0.0,0.0,0.0,0.0,0.0,0.0,0.0,0.0,0.0,0.0,0.0,0.16557124316541644,0.0,0.0,0.0,0.0,0.0,216.16281944469978,7015.927972466739,229.44020872519735,1426.9455296386789
0.0,0.0,0.0,0.0,0.0,0.0,0.0,0.0,0.0,0.20832475835693792,0.0,0.0,0.263768238682605,0.0,0.0,0.0,0.0,0.0,0.0,0.14861711856096688,0.0,0.0,0.0,0.0,0.0,0.0,0.0,0.30440256386231956,0.0,0.07488732053717072,29.138166717448545,9104.486880027482,465.75870083011216,995.5832755624517
0.0,0.0,0.0,0.0,0.0,0.0,0.0,0.4405586663630268,0.0,0.0,0.18040085533475192,0.0,0.0,0.0,0.0,0.0,0.19474315601332337,0.0,0.0,0.0,0.0,0.0,0.027330372695024512,0.0,0.15696694959387336,0.0,0.0,0.0,0.0,0.0,130.9758221025099,12939.505850844267,342.83815331017854,1395.2077983465706
0.0,0.0,0.11226674168945289,0.16933796662143838,0.0,0.0,0.0,0.0,0.0,0.0,0.3754016962356726,0.0,0.0,0.0,0.0,0.0,0.13019492015983236,0.0,0.0,0.0,0.0,0.0,0.0,0.0,0.0,0.0,0.0,0.0,0.21279867529360388,0.0,178.10066073106256,6378.7456878791045,502.4374651833927,1743.725521730701
0.17566483548404974,0.0,0.0,0.0,0.0,0.0,0.24333184276556052,0.0,0.0,0.09924120627513301,0.0,0.0,0.0,0.0,0.0,0.0,0.0,0.036070251254704776,0.0,0.0,0.0,0.0,0.0,0.0,0.0,0.0,0.0,0.0,0.0,0.445691864220552,41.33048427026097,6831.903806342816,329.2670510548931,859.341613451966
0.0,0.0,0.0,0.0,0.0,0.0,0.0,0.0,0.0,0.0,0.0,0.0,0.0,0.0,0.0,0.0,0.0,0.0,0.0,0.0,0.0,0.4592751875401034,0.0,0.0,0.0,0.0,0.0,0.5407248124598966,0.0,0.0,1.4189889610871065,7826.139571831897,695.6795403738993,1564.4193429318032
0.0,0.0,0.0,0.0,0.0,0.0,0.0,0.0,0.0,0.0,0.0,0.0,0.0,0.6002069494603179,0.0,0.0,0.0,0.0,0.0,0.11267861428833718,0.0,0.0,0.0,0.2871144362513449,0.0,0.0,0.0,0.0,0.0,0.0,40.229633575436246,3528.988742158124,476.5335539739186,3270.18724822658
0.0,0.0,0.0,0.0,0.0,0.0,0.22367881803570716,0.0,0.0,0.0,0.0,0.0,0.0,0.0,0.0,0.0,0.0,0.0,0.0,0.0,0.0,0.0,0.0,0.0,0.0,0.7763211819642929,0.0,0.0,0.0,0.0,31.2703275896963,13921.45749384127,584.1369552645795,3137.595779907109
0.0,0.0,0.0,0.0,0.0,0.0,0.0,0.0,0.0,0.0,0.0,0.0,0.0,0.12630528174422714,0.29727937913877367,0.0,0.2053122130055379,0.10513705934863922,0.0,0.0,0.0,0.1651791039891643,0.0,0.0,0.10078696277365784,0.0,0.0,0.0,0.0,0.0,102.00127324702528,5168.382213485289,589.7372269078885,2394.162342724877
0.0,0.0,0.0,0.0,0.0,0.0,0.0,0.0,0.0,0.0,0.0,0.0,0.0,0.0,0.0,0.0,0.0,0.0,0.0,0.0,0.3951759469852703,0.6048240530147297,0.0,0.0,0.0,0.0,0.0,0.0,0.0,0.0,121.28927748434653,4282.3100871755005,439.2656405257152,1619.5947562430172
0.0,0.0,0.0,0.0,0.0,0.0,0.0,0.04246340992138155,0.0,0.0,0.0,0.0,0.0,0.0,0.16115664566182397,0.0,0.0,0.05240888296692397,0.2280266285995147,0.0,0.0,0.0,0.0,0.0,0.0,0.2863922752286851,0.0,0.0,0.22955215762167092,0.0,75.19310594900396,10936.263423074797,618.456769935528,2100.79161119168
0.0,0.09503337770641758,0.0,0.0,0.0,0.0,0.0,0.0,0.658190332246521,0.0,0.0,0.0,0.24677629004706142,0.0,0.0,0.0,0.0,0.0,0.0,0.0,0.0,0.0,0.0,0.0,0.0,0.0,0.0,0.0,0.0,0.0,189.86405329021142,,219.85991130872497,944.6706879108788
0.0,0.0,0.0,0.0,0.0,0.0,0.0,0.0,0.0,0.0,0.0,0.0,0.7015535618498749,0.0,0.0,0.0,0.0,0.0,0.0,0.0,0.0,0.0,0.0,0.0,0.0,0.29844643815012506,0.0,0.0,0.0,0.0,68.37025007624072,6100.858692648113,347.03753868364254,1673.986886197261
0.0,0.0,0.0,0.0,0.0,0.0,0.0,0.0,0.0,0.27085944705514664,0.0,0.0,0.0,0.0,0.0,0.0,0.0,0.0,0.5364307648246631,0.0,0.1927097881201902,0.0,0.0,0.0,0.0,0.0,0.0,0.0,0.0,0.0,162.1356542395467,7631.634773222979,387.3745030696789,711.1205907268335
0.0,0.0,0.0,0.0,0.0583350731731442,0.0,0.0,0.0,0.0,0.0,0.0,0.9416649268268559,0.0,0.0,0.0,0.0,0.0,0.0,0.0,0.0,0.0,0.0,0.0,0.0,0.0,0.0,0.0,0.0,0.0,0.0,265.19012285503715,4549.866600165795,785.9334152165994,3955.3712490349785
0.0,0.0,0.0,0.0,0.0,0.0,0.0,0.0,0.0,0.0,0.0,0.0,0.0,0.4019310141482129,0.0,0.0,0.0,0.0,0.0,0.0,0.0,0.0,0.0,0.16700265264344122,0.0,0.23034017670752754,0.058770066928232834,0.0,0.0,0.14195608957258543,28.953170402616607,7135.055624574608,528.2549634265615,3427.767749182001
0.0,0.0,0.0,0.0,0.0,0.5277573856224488,0.0,0.0,0.0,0.0,0.47224261437755116,0.0,0.0,0.0,0.0,0.0,0.0,0.0,0.0,0.0,0.0,0.0,0.0,0.0,0.0,0.0,0.0,0.0,0.0,0.0,260.0667890520069,4735.008858678723,471.69135953703176,2121.6008422162004
0.0,0.0,0.0,0.0,0.0,0.07356169430264066,0.0,0.23444289288089898,0.0,0.32396534361144846,0.25088334188423167,0.0,0.0,0.0,0.0,0.0,0.0,0.0,0.0,0.0,0.0,0.0,0.0,0.0,0.0,0.0,0.11714672732078026,0.0,0.0,0.0,104.06580579444505,13983.968027960535,413.83968861500887,1284.0445769708722
0.003638169051525324,0.0,0.0,0.0,0.11365234764376161,0.0,0.0,0.0,0.0,0.0,0.0,0.0,0.13888412212412482,0.0820516957885085,0.0,0.0,0.0,0.0,0.17644685508284752,0.0,0.0,0.0,0.0,0.0,0.0,0.0,0.0,0.0,0.48532681030923225,0.0,62.84030646215944,7082.344844911626,496.5964725264298,1688.2051861148182
0.0,0.0,0.0,0.0,0.0,0.0,0.0,0.0,0.0,0.0,0.0,0.0,0.0,0.3955077111524481,0.0,0.0,0.0,0.0,0.0,0.0,0.0,0.0,0.0,0.6044922888475519,0.0,0.0,0.0,0.0,0.0,0.0,21.028482486204645,3217.8852936651074,544.9204920434735,3526.7163964973297
0.0,0.0,0.0,0.5232596182887218,0.0,0.07271596686735339,0.0,0.0,0.0,0.0,0.23164452166707877,0.0,0.10312716628646423,0.0,0.0,0.0,0.06925272689038184,0.0,0.0,0.0,0.0,0.0,0.0,0.0,0.0,0.0,0.0,0.0,0.0,0.0,240.47368270933336,4419.365409785154,317.88563841554844,2266.178357034375
0.3944775623336975,0.0,0.0,0.0,0.0,0.0,0.0,0.6055224376663025,0.0,0.0,0.0,0.0,0.0,0.0,0.0,0.0,0.0,0.0,0.0,0.0,0.0,0.0,0.0,0.0,0.0,0.0,0.0,0.0,0.0,0.0,15.196247057981594,14266.920466517708,157.9162021077214,743.1743041751629
0.0,0.0,0.0,0.1446804397201185,0.0,0.0,0.0,0.0,0.0,0.0,0.0,0.0,0.0,0.0,0.0,0.03787631760909974,0.0,0.0,0.0,0.0,0.0,0.0,0.05047038432774456,0.0,0.0,0.22329944617376177,0.0,0.0,0.0,0.5436734121692756,52.00476856178657,8258.00142042909,400.4963272334657,1828.161856449908
0.0,0.34519926085109015,0.0,0.0,0.0,0.0,0.0,0.0,0.0,0.0,0.2664865248516592,0.0,0.0,0.0,0.0,0.0,0.0,0.0,0.0,0.1334038143256702,0.2549103999715803,0.0,0.0,0.0,0.0,0.0,0.0,0.0,0.0,0.0,172.2339444912856,6423.826833444902,490.0187343325839,811.063778885495
0.0,0.4529151939067121,0.0,0.0,0.0,0.0,0.0,0.0,0.0,0.0,0.0,0.09428054161027659,0.0,0.0,0.0,0.0,0.0,0.0,0.0,0.0,0.0,0.0,0.0,0.0,0.0,0.45280426448301136,0.0,0.0,0.0,0.0,40.71094531120233,10733.60526449549,600.5957443569777,2574.4040709512606
0.0,0.3729086892084496,0.0,0.05002042053696257,0.0,0.21813796101652222,0.0,0.0,0.0,0.0,0.0,0.0,0.0,0.0,0.0,0.0,0.0,0.0,0.0,0.0,0.0,0.0,0.0,0.0,0.0,0.0,0.0,0.0,0.35893292923806547,0.0,78.11309533906997,7598.585519487115,373.26867906569527,1465.2743758153274
0.0,0.0,0.0,0.0,0.0,0.0,0.0,0.0,0.0,0.0,0.0,0.0,0.0,0.0,0.0,0.0,0.0,0.0,0.0,0.0,0.0,0.5839751755397053,0.0,0.0,0.0,0.0,0.0,0.0,0.41602482446029465,0.0,5.938754102926593,5667.305590756616,437.3448904341867,1803.3926592604496
0.2476471791468059,0.0,0.0,0.0,0.0,0.2736304512404024,0.0,0.0,0.02679843718111902,0.026406616713144267,0.0,0.0,0.0,0.0,0.0,0.0,0.36086227042735675,0.0,0.0,0.0,0.0,0.0,0.0,0.0,0.0,0.0,0.0,0.0,0.0,0.06465504529117183,140.48861315015196,3812.917166821479,242.90240888880754,1664.2581044763047
0.0,0.0,0.0,0.1727843770389384,0.0,0.0,0.574035037197132,0.0,0.12757641998719593,0.0,0.0,0.0,0.12560416577673386,0.0,0.0,0.0,0.0,0.0,0.0,0.0,0.0,0.0,0.0,0.0,0.0,0.0,0.0,0.0,0.0,0.0,139.9859480206067,8015.661453737393,311.806214743225,1356.9024813577398
0.0,0.0,0.0,0.0,0.020440150502489887,0.0,0.0,0.0,0.0,0.0,0.19388438439878003,0.4219158808932268,0.0,0.0,0.0,0.0,0.0,0.0,0.0,0.0,0.0,0.0,0.0,0.0,0.0,0.23692106988136283,0.0,0.0,0.12683851432414034,0.0,196.88009901451485,8734.902697358624,759.0301043882413,3124.8109963083184
0.0,0.0,0.0,0.22262376535257702,0.0,0.0,0.0,0.0,0.0,0.06839901983309961,0.0,0.0,0.0,0.0,0.0,0.04897171133518495,0.0,0.0,0.0,0.0,0.0,0.31248784235275956,0.0,0.0,0.0,0.0,0.0,0.1269947824898609,0.0,0.22052287863651793,63.166376770761126,6545.132495983214,484.9660116092675,1940.7167859417063
0.0,0.0,0.0,0.0,0.0,0.0,0.0,0.0,0.0,0.0,0.0,0.22308197819327164,0.0,0.0,0.0,0.0,0.0,0.0,0.0,0.0,0.0,0.0,0.0,0.0,0.0,0.7769180218067284,0.0,0.0,0.0,0.0,72.07865277666693,12092.559831148585,701.223673840907,3785.6882274712643
0.0,0.23735039299936858,0.273950415480798,0.0,0.0,0.13812070551442476,0.0902820446913938,0.0,0.0,0.0,0.0,0.0,0.0,0.0,0.0,0.0,0.0,0.26029644131401486,0.0,0.0,0.0,0.0,0.0,0.0,0.0,0.0,0.0,0.0,0.0,0.0,152.20242315892932,5801.848937863468,450.2693772901676,1708.4509803967508
0.0,0.0,0.0,0.0,0.0,0.30257168064444134,0.0,0.0,0.0,0.0,0.0,0.5297205128168957,0.0,0.0,0.0,0.0,0.0,0.0,0.0,0.0,0.16770780653866305,0.0,0.0,0.0,0.0,0.0,0.0,0.0,0.0,0.0,289.75586963019913,4514.331829772954,597.2964965774046,3076.682739456317
0.0,0.0,0.0,0.0,0.0,0.0,0.29973990548504026,0.0,0.0,0.0,0.0,0.0,0.0,0.0,0.0,0.0,0.0,0.0,0.0,0.0,0.0,0.2854197490907898,0.0,0.0,0.41484034542416987,0.0,0.0,0.0,0.0,0.0,118.10115553138415,6182.001521833158,405.18593639829896,2313.894142965743
0.0,0.0,0.0,0.0,0.21317380309106718,0.0,0.0,0.0,0.0,0.22587627911826685,0.0,0.0,0.0,0.3203687200970411,0.0,0.0,0.0,0.0,0.0,0.0,0.0,0.0,0.0,0.0,0.0,0.14271073449003252,0.0,0.0978704632035922,0.0,0.0,21.890973212569016,9394.05294052857,659.7825631529531,2708.9134227441778
0.0,0.0,0.3126455429078348,0.0,0.0,0.0,0.0,0.0,0.0,0.0,0.0,0.0,0.0,0.0,0.0,0.0,0.0,0.0,0.0,0.0,0.0,0.0,0.0,0.0,0.0,0.0,0.0,0.0,0.0,0.6873544570921652,7.401097068651184,4798.4306892977165,272.8220015431768,1409.2332441917404
0.0,0.0,0.0,0.0,0.0,0.0,0.0,0.0,0.0,0.0,0.0,0.0,0.0,0.0,0.0,0.0,0.0,0.0,0.0,0.0,0.0,0.3718077220400599,0.2872939835101962,0.0,0.12214852842196115,0.0,0.0,0.0,0.0,0.2187497660277827,35.05706834220005,8966.015894623635,452.69475757162206,1680.7159096444154
0.11024119233161811,0.0,0.16224634787221628,0.0,0.0,0.0,0.0,0.0,0.0,0.0,0.0,0.0,0.27732167037712824,0.0,0.0,0.0,0.3259437466240754,0.0,0.0,0.0,0.0,0.0,0.0,0.0,0.0,0.0,0.0,0.0,0.0,0.12424704279496199,78.4865190681557,3828.6762830788057,275.26594136474483,1429.5905486661989
0.0,0.0,0.0,0.7536934952522221,0.0,0.24630650474777788,0.0,0.0,0.0,0.0,0.0,0.0,0.0,0.0,0.0,0.0,0.0,0.0,0.0,0.0,0.0,0.0,0.0,0.0,0.0,0.0,0.0,0.0,0.0,0.0,243.182911727319,3667.920948612471,144.19178296242063,2821.09096563009
0.0,0.0,0.0,0.0,0.0,0.0,0.0,0.0,0.0,0.0,0.0,0.030991430458014335,0.0,0.0,0.0,0.11959222873148397,0.4307683788605054,0.0,0.0,0.0,0.0,0.0,0.0,0.0,0.0,0.0,0.0,0.0,0.20755531030084132,0.21109265164915506,85.8677006066755,5301.4949477908085,412.77452741265347,1671.778036985182
0.5981259240566492,0.0,0.0,0.0,0.0,0.0,0.0,0.0,0.0,0.0,0.0,0.0,0.0,0.0,0.0,0.0,0.4018740759433509,0.0,0.0,0.0,0.0,0.0,0.0,0.0,0.0,0.0,0.0,0.0,0.0,0.0,54.69160972230919,3475.0403646361224,216.76745649106394,916.9334257634387
0.0,0.0,0.0,0.0,0.0,0.0,0.0,0.0,0.0,0.0,0.0,0.0,0.0,0.0,0.0,0.0,0.0,0.0,0.0,0.0,0.0,0.0,0.0,0.0,0.31651819258548575,0.0,0.0,0.0,0.6834818074145143,0.0,81.7678123755211,7376.739039883306,334.1994958854086,1929.2656483236294
0.0,0.0,0.3992447430185566,0.0,0.0,0.0,0.0,0.0,0.0,0.30282265791803725,0.0,0.0,0.0,0.0,0.0,0.0,0.0,0.0,0.0,0.29793259906340624,0.0,0.0,0.0,0.0,0.0,0.0,0.0,0.0,0.0,0.0,1e-06,7826.702098030062,274.44167865357235,1759.2261247069582
0.0,0.30883229748743163,0.0,0.0,0.0,0.0,0.0,0.0,0.0,0.0,0.0,0.0,0.0,0.0,0.0,0.0,0.0,0.3606351026986472,0.09310796600996878,0.0,0.0,0.0,0.0,0.0,0.23742463380395246,0.0,0.0,0.0,0.0,0.0,224.108895091157,5047.225028795029,487.5442893565084,1290.0939535815241
0.0,0.0,0.0,0.0,0.0,0.22712838379707245,0.13095990152467826,0.0,0.0,0.1104921149883571,0.33175825692292343,0.0,0.0,0.0,0.19966134276696856,0.0,0.0,0.0,0.0,0.0,0.0,0.0,0.0,0.0,0.0,0.0,0.0,0.0,0.0,0.0,179.7804128435045,8473.648788540851,596.0644389002074,1874.2380589050008
0.0,0.0,0.0,0.0,0.0,0.0,0.0,0.23539872405823783,0.0,0.0,0.0,0.0,0.37799427192421986,0.0,0.0,0.33251146134436244,0.0,0.05409554267317985,0.0,0.0,0.0,0.0,0.0,0.0,0.0,0.0,0.0,0.0,0.0,0.0,72.98829751047909,9393.451273573359,407.5389179740659,2065.28842885453
0.0,0.1639170757070633,0.0,0.0,0.0,0.0,0.0,0.0,0.0,0.0,0.0,0.0,0.5077925276028906,0.0,0.0,0.0,0.0,0.0,0.0,0.0,0.0,0.0,0.0,0.0,0.0,0.12567040012821476,0.1103908548440425,0.09222914171778879,0.0,0.0,57.57195827725156,7213.054051280397,419.64852383929,1308.7169269683543
0.0,0.0,0.0,0.0,0.0,0.0,0.0,0.0,0.0,0.31070279975406795,0.15093520293768162,0.0,0.0,0.08408190023812703,0.0,0.0,0.0,0.0,0.0,0.0,0.0,0.0,0.0,0.0,0.19863810074784402,0.0,0.2556419963222793,0.0,0.0,0.0,100.90069648714973,9781.333006621238,398.015895073744,1983.9989699974012
0.49862239072831244,0.0,0.0,0.0,0.0,0.0,0.0,0.0,0.0,0.0,0.0,0.0,0.0,0.0,0.0,0.5013776092716876,0.0,0.0,0.0,0.0,0.0,0.0,0.0,0.0,0.0,0.0,0.0,0.0,0.0,0.0,17.472612994194677,5748.497344724401,478.8824884595965,2184.949049383302
0.0,0.479456053100259,0.0,0.0,0.0,0.0,0.0,0.0,0.0,0.0,0.0,0.0,0.0,0.0,0.0,0.0,0.0,0.1926757918060606,0.0,0.0,0.0,0.0,0.0,0.0,0.0,0.0,0.32786815509368034,0.0,0.0,0.0,74.0558755339743,8295.569350698595,369.3190174281685,985.965659288424
0.0,0.0,0.0,0.0,0.0,0.0,0.0,0.0,0.0,0.11904673278067243,0.0,0.0,0.0,0.19580120751107147,0.0,0.04125608434376577,0.0,0.18067138369300484,0.0,0.0,0.0,0.0,0.0,0.0,0.0,0.0,0.0,0.12349820550501414,0.0,0.3397263861664713,82.21349595233578,6908.96721741269,526.0250004683718,1550.6239934210282
0.0,0.3187884912632838,0.0,0.0,0.0,0.0,0.0,0.0,0.40880371373900004,0.0,0.0,0.0,0.0,0.0,0.0,0.0,0.0,0.0,0.0,0.0,0.0,0.0,0.0,0.0,0.0,0.0,0.27240779499771633,0.0,0.0,0.0,96.05338171760799,8797.899823171196,314.18051894572193,1109.9516949196013
0.0,0.0,0.30406084205482553,0.0,0.0,0.0,0.0,0.0,0.0,0.6959391579451745,0.0,0.0,0.0,0.0,0.0,0.0,0.0,0.0,0.0,0.0,0.0,0.0,0.0,0.0,0.0,0.0,0.0,0.0,0.0,0.0,3.9613826079639236,11685.338817820397,284.4764984500009,1504.6241498028005
0.0,0.0,0.0,0.1580597166307202,0.0,0.0,0.039116452599567274,0.0,0.17611482342768622,0.0,0.0,0.0,0.0,0.0,0.18252035833783609,0.0,0.0,0.0,0.0,0.0,0.22489850496965166,0.0,0.0,0.0,0.0,0.0,0.0,0.0,0.21929014403453861,0.0,171.03283373427735,7485.414667168376,414.15612115457145,1671.6852264376703
0.0,0.0,0.0,0.0,0.0,0.23185288844731106,0.0,0.0,0.0,0.0,0.0,0.0,0.0,0.13546669941947956,0.0,0.0,0.0,0.2443554079413437,0.0,0.0,0.0,0.20030225819803987,0.0,0.0,0.18802274599382574,0.0,0.0,0.0,0.0,0.0,201.98694231688611,4112.841441553268,452.8343154993934,2484.2918111920308
0.0,0.0,0.2242332471027331,0.0,0.0,0.0,0.0,0.0,0.0,0.0,0.1694668309486061,0.0,0.0,0.2206041152742329,0.0,0.0,0.0,0.0,0.0,0.0,0.0,0.0,0.0,0.0,0.0,0.0,0.050991711592887706,0.0,0.3347040950815402,0.0,71.72214539830928,7997.972462706028,472.37210508386033,2373.6192925209098
0.0,0.0,0.0,0.0,0.0,0.0,0.0,0.0,0.0,0.0,0.0,0.0,0.0,0.32871223805729505,0.30299558906619073,0.0,0.0,0.0,0.0,0.0,0.0,0.0,0.0,0.0,0.0,0.119527779220227,0.0,0.21622211428398422,0.03254227937230305,0.0,29.52242704999376,8480.162668623501,792.9151442210293,2717.9734536888686
0.0,0.0,0.0,0.0,0.0,0.0,0.0,0.0,0.0,0.0,0.0,0.0,0.0,0.0,0.4442644236171394,0.0,0.0,0.0,0.18078776889593312,0.0,0.0,0.0,0.0,0.0,0.0,0.3749478074869275,0.0,0.0,0.0,0.0,47.71392947080736,10577.699712565904,717.0319443368069,2730.355670377435
0.0,0.0,0.0,0.0,0.0,0.0,0.0,0.0,0.0,0.0,0.0,0.0,0.24517711560089137,0.4772322945055507,0.0,0.046864625127395594,0.10943664026203384,0.0,0.0,0.0,0.0,0.0,0.0,0.0,0.12128932450412856,0.0,0.0,0.0,0.0,0.0,108.2229247458047,3932.8571298908328,447.5660901197516,2736.1066768123846
0.0,0.0,0.0,0.0,0.0,0.0,0.0,0.0,0.0,0.0,0.0,0.0,0.0,0.07493787162633449,0.0,0.0,0.0,0.0,0.0,0.0,0.0,0.15040984167041008,0.0,0.12433807263962687,0.0,0.0,0.28581856244685927,0.0,0.2274946765306225,0.1370009750861467,15.051365409412462,7215.899949725743,405.75140033663104,2117.5543083570283
0.0,0.0,0.0,0.0,0.0,0.0,0.0,0.0,0.0,0.37351909616840806,0.0,0.08577785568999952,0.0,0.0,0.0,0.0,0.0,0.0,0.0,0.0,0.0,0.0,0.0,0.0,0.0,0.5407030481415923,0.0,0.0,0.0,0.0,35.768321462076315,13776.842790126477,531.5523388441054,2679.5986267292897
0.0,0.0,0.0,0.0,0.0,0.0,0.0,0.0,0.0,0.0,0.0,0.0,0.021532543212917317,0.0,0.0,0.0,0.0,0.3953395451352639,0.0,0.0,0.0,0.0,0.14588538710782262,0.0,0.10836000964222646,0.0,0.0,0.0,0.32888251490176973,0.0,181.50398543420906,7377.173121530002,496.0833673521102,1264.2355759636835
0.0,0.0,0.0,0.0,0.0,0.0,0.0,0.0,0.0,0.5627334019132901,0.0,0.0,0.0,0.0,0.0,0.0787667942220721,0.14612337461934582,0.0,0.0,0.0,0.0,0.0,0.0,0.0,0.21237642924529193,0.0,0.0,0.0,0.0,0.0,79.60985828034988,10627.583348795662,331.3663898296945,1826.7040063926047
0.08949769957776546,0.0,0.0,0.0,0.0,0.0,0.0,0.0,0.0,0.0,0.0,0.19085599355904126,0.4775280927252247,0.0,0.0,0.0,0.0,0.0,0.0,0.0,0.0,0.0,0.0,0.2421182141379686,0.0,0.0,0.0,0.0,0.0,0.0,114.84206384146508,3662.6558767004653,449.8592522527852,2306.283721403418
0.0,0.0,0.0,0.0,0.0,0.0,0.0,0.0,0.0,0.0,0.0,0.0,0.0,0.0,0.0,0.0,0.0,0.7918708704603763,0.0,0.20812912953962368,0.0,0.0,0.0,0.0,0.0,0.0,0.0,0.0,0.0,0.0,272.92015794724955,2389.179083432821,520.3402832363064,631.11392636488
0.0,0.0,0.0,0.0,0.0,0.0,0.0,0.0,0.0,0.0,0.0,0.0,0.04599396080698633,0.33926784627897144,0.0,0.0,0.2389415772825479,0.0,0.0,0.0,0.0,0.0,0.0,0.2760654170120213,0.0,0.0,0.0,0.0,0.09973119861947298,0.0,63.428319388212614,4197.600992017953,489.7233310294848,3028.0819289193314
0.0,0.0,0.0,0.0,0.0,0.0,0.0,0.0,0.0,0.0,0.0,0.0,0.0,0.0,0.0,0.0,0.0,0.0,0.0,0.0,0.0,0.0,0.0,0.0,0.0,0.19038542743279305,0.0,0.0,0.0,0.8096145725672068,8.91780674936008,6336.99776981795,317.15349931268895,1367.499059510636
0.0,0.0,0.0,0.0,0.0,0.0,0.29187674827820553,0.0,0.0,0.0,0.0,0.0,0.0,0.0,0.0,0.0,0.0,0.0,0.0,0.0,0.0,0.0,0.0,0.7081232517217945,0.0,0.0,0.0,0.0,0.0,0.0,29.33968458328897,4703.588134626302,499.09129528304516,2832.117815832379
0.03066733230732294,0.0,0.04959140500726971,0.0,0.0,0.0,0.0,0.0,0.0,0.0,0.0,0.0,0.0,0.0,0.0,0.0,0.0,0.3633667525831542,0.0,0.0,0.0,0.0,0.13874675928674118,0.0,0.0,0.0,0.417627750815512,0.0,0.0,0.0,140.60477056126928,8922.560881223255,394.7202184362468,1272.3177710802809
0.04206207637839122,0.12170402122085221,0.0,0.0,0.0,0.0,0.0,0.0,0.0,0.11778054118781182,0.0,0.0,0.0,0.10688319330659435,0.0,0.0,0.0,0.21482905104446856,0.0,0.0,0.0,0.0,0.0,0.0,0.39674111686188196,0.0,0.0,0.0,0.0,0.0,188.8362247520777,6224.1899546386885,449.524211064613,2188.742618440578
0.20884986286623122,0.20326132213892703,0.0,0.0,0.0,0.3015616985967622,0.0,0.0,0.0,0.0,0.18306125057176872,0.0,0.0,0.05706007916048174,0.0,0.0,0.0,0.0,0.0,0.046205786665829196,0.0,0.0,0.0,0.0,0.0,0.0,0.0,0.0,0.0,0.0,145.34180576457146,5595.748531106828,385.5778005035167,1781.3591689651328
0.0,0.0,0.0,0.0,0.0,0.0,0.0,0.07544635515911388,0.0,0.40679300927196616,0.0,0.0,0.0,0.0,0.0,0.0,0.0,0.0,0.0,0.0,0.0,0.20466025594255874,0.3131003796263611,0.0,0.0,0.0,0.0,0.0,0.0,0.0,18.53451955384836,15343.151725332043,397.9740717824762,1081.1411874949222
0.0,0.0,0.0,0.0,0.10976961909573622,0.0,0.0,0.33361874853806534,0.0,0.06813618168689914,0.0,0.0,0.0,0.0,0.14126433200310123,0.0,0.0,0.0,0.0,0.0,0.0,0.0,0.0,0.04883157114229761,0.0,0.0,0.0,0.0,0.0,0.2983795475339006,5.55095451380044,12358.27419302702,429.82995824057775,1423.273454934604
0.0,0.0,0.0,0.0,0.0,0.0,0.0,0.0,0.0,0.0,0.0,0.0,0.0,0.0,0.0,0.0,0.0,0.0,0.0,0.0,0.6788091065273612,0.0,0.3211908934726388,0.0,0.0,0.0,0.0,0.0,0.0,0.0,225.3913586652029,9284.864396965062,343.9624954247398,794.7589681448761
0.0,0.0,0.0,0.0,0.0,0.0,0.0,0.0,0.0,0.0,0.0,0.0,0.22217084461450817,0.0,0.0,0.24696698515754356,0.0,0.0,0.0,0.0,0.0,0.18045422825388618,0.1990002229800273,0.0,0.1514077189940348,0.0,0.0,0.0,0.0,0.0,74.99275204167725,8731.577892456618,498.582890095019,2375.635894611848
0.0,0.0,0.0,0.0,0.0,0.0,0.0,0.0,0.0,0.0,0.0,0.22174806575359815,0.4174714457422579,0.0,0.0,0.3607804885041439,0.0,0.0,0.0,0.0,0.0,0.0,0.0,0.0,0.0,0.0,0.0,0.0,0.0,0.0,113.75296614280198,4711.267458365328,547.1707385404442,2701.6125276616704
0.06937268689866036,0.0,0.0,0.0,0.0,0.0,0.0,0.0,0.0,0.0,0.0,0.22989049798644695,0.0,0.0,0.0,0.0,0.19400140840027813,0.0,0.0,0.0,0.0,0.32123081870729686,0.0,0.0,0.0,0.0,0.0,0.0,0.18550458800731756,0.0,100.69657751365115,5395.294235491297,516.5466970292767,2421.0839596304563
0.0,0.0,0.0,0.0,0.0,0.0,0.0,0.0,0.0,0.0,0.0,0.0,0.0,0.0,0.0,0.0,0.6129558103672815,0.0,0.0,0.0,0.0,0.0,0.0,0.0,0.0,0.0,0.0,0.3870441896327184,0.0,0.0,81.81360262069175,6297.889060179093,523.7749523715702,1311.444350565685
0.0,0.0,0.0,0.0,0.0,0.0,0.0,0.0,0.5024505248839738,0.0,0.12436802068832342,0.0,0.0,0.0,0.0,0.0,0.0,0.0,0.0,0.0,0.0,0.0,0.0,0.0,0.0,0.0,0.0,0.37318145442770284,0.0,0.0,146.6776573492839,8635.927088482767,602.4858394666265,1054.392952964503
0.07921776199650815,0.0,0.0,0.0,0.22412429898178854,0.0,0.0,0.0,0.0,0.0,0.0,0.0,0.40511614576932037,0.0,0.0,0.0,0.0,0.0,0.0,0.0,0.0,0.0,0.12080966318485778,0.0,0.0,0.0,0.1707321300675252,0.0,0.0,0.0,51.926410467989335,7046.863854155171,406.3140445076897,1545.9752755629504
0.0,0.0,0.0,0.0,0.0,0.0,0.0,0.0,0.0,0.0,0.0,0.0,0.0,0.0,0.0,0.21480885656846332,0.0,0.2788223048582792,0.0,0.0,0.0,0.0,0.0,0.0,0.0,0.0,0.5063688385732575,0.0,0.0,0.0,114.42514520409037,7501.685945786987,441.93272746968216,1869.3726630382707
0.0,0.0,0.0,0.0,0.0,0.2901219613963118,0.0,0.0,0.0,0.0,0.0,0.0,0.0,0.0,0.28160495936570246,0.0,0.0,0.08867966228477386,0.0,0.0,0.0,0.0,0.0,0.0,0.33959341695321194,0.0,0.0,0.0,0.0,0.0,195.7490631498197,6043.905939681353,457.0382264616773,2955.6726730295377
0.0,0.0,0.0,0.0,0.0,0.0,0.0,0.0,0.0,0.0,0.0,0.0,0.0,0.0,0.0,0.39497715543279166,0.0,0.0,0.0,0.0,0.4992813255922447,0.0,0.10574151897496374,0.0,0.0,0.0,0.0,0.0,0.0,0.0,190.49477599389456,8398.882708972344,501.51730425477393,2113.159842667058
0.0,0.0,0.0,0.0,0.0,0.10997306649915282,0.0,0.0,0.8142186153833293,0.0,0.0,0.0,0.0,0.0,0.0,0.0,0.0,0.0,0.0,0.0,0.0,0.0,0.0,0.07580831811751769,0.0,0.0,0.0,0.0,0.0,0.0,205.27556934702915,6664.807082170896,245.03751329200063,1440.203918332055
0.0,0.0,0.0,0.0,0.0,0.22679929481237587,0.0,0.0,0.0,0.7732007051876242,0.0,0.0,0.0,0.0,0.0,0.0,0.0,0.0,0.0,0.0,0.0,0.0,0.0,0.0,0.0,0.0,0.0,0.0,0.0,0.0,56.981493140893896,11315.488927479215,256.3915802236181,1350.455095782546
0.20797345258087016,0.0,0.0,0.15411413089542134,0.0,0.0,0.06842536453991435,0.18642741994525422,0.0,0.0,0.0,0.3830596320385399,0.0,0.0,0.0,0.0,0.0,0.0,0.0,0.0,0.0,0.0,0.0,0.0,0.0,0.0,0.0,0.0,0.0,0.0,175.40061188352726,7778.764053338749,462.03063286006994,2582.071468818382
0.0,0.0,0.0,0.0,0.0,0.0,0.0,0.8067358865741433,0.0,0.0,0.0,0.0,0.0,0.0,0.0,0.1932641134258567,0.0,0.0,0.0,0.0,0.0,0.0,0.0,0.0,0.0,0.0,0.0,0.0,0.0,0.0,17.161430997882785,16913.14901572918,226.65860812306562,1257.4281903227375
0.0,0.0,0.0,0.0,0.0,0.4348202965319991,0.0,0.0,0.0,0.0,0.0,0.0,0.0,0.0,0.0,0.0,0.0,0.28384871803899525,0.0,0.0,0.0,0.0,0.09141517781488483,0.0,0.0,0.0,0.0,0.18991580761412083,0.0,0.0,216.28592582317245,6337.121152975089,451.2823643447785,1732.3178692889298
0.0,0.25783252503026116,0.0,0.0,0.0,0.0,0.0,0.0,0.0,0.0,0.0,0.0,0.07023722058373724,0.0,0.0,0.11546697649365126,0.0,0.0,0.0,0.0,0.0,0.0,0.5564632778923504,0.0,0.0,0.0,0.0,0.0,0.0,0.0,29.543376976359884,12914.343769385116,480.0273183269394,1154.4538012004382
0.0,0.0,0.0,0.0,0.0,0.39596967603576333,0.0794550386591372,0.0,0.0,0.0,0.0,0.0,0.0,0.0,0.0,0.014000934270091197,0.0,0.5105743510350084,0.0,0.0,0.0,0.0,0.0,0.0,0.0,0.0,0.0,0.0,0.0,0.0,296.0392572915326,3529.1742762236863,409.38232057671473,1634.3127189803224
0.0,0.0,0.0,0.0,0.0,0.0,0.0,0.0,0.0,0.23411147683846686,0.0,0.43139640017946407,0.0,0.0,0.0,0.0,0.0,0.0,0.0,0.0,0.0,0.0,0.0,0.0,0.0,0.0,0.0,0.3344921229820692,0.0,0.0,128.3146090477895,10251.858531444865,750.7478763421092,2307.98521236325
0.0,0.0,0.20292901560632484,0.0,0.35032535103490203,0.0,0.0,0.0,0.0,0.0,0.0,0.2750490579694314,0.0,0.0,0.08193490072132838,0.0,0.0,0.0,0.0,0.0,0.08976167466801331,0.0,0.0,0.0,0.0,0.0,0.0,0.0,0.0,0.0,119.5472108201028,5727.214210573268,727.9005830511021,3194.8829292999117
0.0,0.0,0.2643761353834863,0.22431715976362845,0.0,0.0,0.0,0.07784934253466856,0.0,0.0,0.0,0.0,0.0,0.09765710783377951,0.0,0.19043346898483288,0.0,0.0,0.0,0.0,0.0,0.0,0.0,0.0,0.0,0.0,0.0,0.0,0.14536678549960436,0.0,80.67070560866716,7799.979236866672,388.7417214828905,2937.179804068476
0.0,0.0,0.0,0.678797745194754,0.0,0.0,0.0,0.0,0.0,0.0,0.0,0.06373418959357789,0.0,0.0,0.0,0.0,0.0,0.0,0.0,0.0,0.0,0.25746806521166815,0.0,0.0,0.0,0.0,0.0,0.0,0.0,0.0,197.2976679462338,3871.522608713339,278.66699868353396,2881.3693502357005
0.0,0.0,0.0,0.0,0.0,0.0,0.0,0.0,0.0,0.0,0.6374322321662762,0.0,0.0,0.0,0.0,0.0,0.0,0.3625677678337238,0.0,0.0,0.0,0.0,0.0,0.0,0.0,0.0,0.0,0.0,0.0,0.0,287.30155278809036,4742.516633967227,724.1292565512992,884.3414427226495
0.0,0.0,0.0,0.1668232885155351,0.0,0.0,0.0,0.0,0.0,0.0,0.0,0.0,0.0,0.0,0.0,0.0,0.0,0.08119448065278848,0.0,0.3128206172582966,0.0,0.0,0.0,0.0,0.0,0.0,0.0,0.18101019954626707,0.0,0.2581514140271128,72.41747321823084,6289.38407094274,424.3401496696531,1314.692599773607
0.0,0.0,0.0,0.0,0.0,0.0,0.2090509710145794,0.0,0.0,0.2290776320244118,0.0,0.0,0.0,0.0,0.0,0.0,0.4046386333373075,0.0,0.0,0.0,0.0,0.0,0.0,0.0,0.0,0.0,0.0,0.0,0.0,0.15723276362370114,82.58075097760279,7380.818348690973,323.26362077118495,1902.752742662674
0.0,0.0,0.0,0.0,0.0,0.5280032463884485,0.0,0.0,0.0,0.0,0.0,0.0,0.0,0.027668102818892693,0.0,0.0,0.0,0.0,0.0,0.0,0.0,0.0,0.0,0.0,0.0,0.0,0.0,0.44432865079265865,0.0,0.0,129.489616066906,7407.895027472004,527.3345995757684,2123.7499574930603
0.0,0.0,0.0,0.0,0.0,0.08263699292511076,0.0,0.0,0.0,0.0,0.18940411700206616,0.0,0.0,0.19235651818555044,0.0,0.3437358384747892,0.0,0.0,0.0,0.0,0.0,0.0,0.10536089865138178,0.0,0.0,0.0,0.08650563476110174,0.0,0.0,0.0,116.19547235617671,9123.38558887191,595.5639778488805,2890.5237817661837
0.0,0.0,0.0,0.0,0.0,0.0,0.0,0.0,0.3223363609699373,0.0,0.0,0.36414317729183704,0.0,0.0,0.0,0.0,0.0,0.0,0.0,0.0,0.0,0.08085234052688169,0.14635368498356469,0.0,0.0,0.0,0.08631443622777936,0.0,0.0,0.0,200.11581937948048,8454.078308226693,537.6203832853987,2486.189513386948
0.0,0.0,0.2185888855630691,0.0,0.6265150275380246,0.0,0.0,0.0,0.0,0.0,0.0,0.0,0.0,0.0,0.0,0.0,0.0,0.0,0.0,0.0,0.0,0.0,0.15489608689890635,0.0,0.0,0.0,0.0,0.0,0.0,0.0,2.959051530886919,7754.638121092633,691.1719716816025,2529.174513842816
0.0,0.0,0.0,0.13350882283341736,0.0,0.0,0.0,0.0,0.0,0.0,0.0,0.3682121491325795,0.0,0.0,0.0,0.0,0.0,0.0,0.0,0.0,0.0,0.0,0.0,0.32117460408455195,0.17710442394945136,0.0,0.0,0.0,0.0,0.0,200.07267321745945,4929.353993043588,578.3742516618532,3869.164918005544
0.0,0.0,0.3576966503469657,0.0,0.0,0.0,0.16650983936726726,0.0,0.0,0.0,0.0,0.0,0.0,0.0,0.0,0.0,0.0,0.0,0.0,0.16824949310668635,0.0,0.0,0.0,0.3075440171790805,0.0,0.0,0.0,0.0,0.0,0.0,22.64522787701498,5726.4695743616485,391.14257448532,2769.411191900723
0.0,0.0,0.0,0.0,0.027941592113617058,0.0,0.0,0.0,0.0,0.0,0.0,0.13850027586314506,0.0,0.31295805889180434,0.0,0.14984897771872532,0.0,0.0,0.0,0.0,0.0,0.0,0.3113767114758225,0.0,0.0,0.059374383936885704,0.0,0.0,0.0,0.0,91.08456584748188,10788.564099146583,641.2338580267684,3026.2870606273877
0.0,0.0,0.0,0.0,0.0,0.0,0.0,0.0,0.0,0.0,0.5329843252875357,0.0,0.0,0.0,0.0,0.0,0.0,0.0,0.0,0.0,0.0,0.0,0.0,0.0,0.0,0.0,0.4670156747124644,0.0,0.0,0.0,154.27837663082792,8176.641191485795,520.8862088458046,1323.5188656913867
0.0,0.0,0.07842719281436322,0.0,0.0,0.17781866099126675,0.0,0.0,0.0,0.0,0.0,0.0,0.0,0.0,0.0,0.09883210518301434,0.0,0.0,0.2412036904412958,0.0,0.14508583255715568,0.0,0.0,0.0,0.0,0.0,0.0,0.0,0.2586325180129042,0.0,166.45726071353025,6329.130081037318,410.5676251129816,1866.1221886701405
0.0,0.0,0.0,0.0,0.0,0.0,0.0,0.0,0.0,0.0,0.0,0.0,0.0,0.0,0.0,0.26039854001979335,0.0,0.0,0.0,0.0,0.0,0.0,0.7396014599802067,0.0,0.0,0.0,0.0,0.0,0.0,0.0,38.41431906656385,15576.492695305367,502.6135810119237,1545.1443266119888
0.0,0.0,0.0,0.0,0.17704823802094108,0.0,0.0,0.0,0.22631075274305862,0.0,0.0,0.0,0.2607184648275204,0.0,0.0,0.0,0.0,0.17807528009375548,0.0,0.0,0.0,0.0984849387850831,0.0,0.0,0.0,0.0,0.05936232552964119,0.0,0.0,0.0,157.2329025874519,5276.791297935491,465.9301688129357,1537.6934341402643
0.0,0.3287823658423407,0.0,0.0,0.0,0.0,0.0,0.0,0.0,0.0,0.0,0.36449599778408154,0.0,0.0,0.0,0.0,0.12783159888940707,0.0,0.0,0.0,0.0,0.0,0.17889003748417065,0.0,0.0,0.0,0.0,0.0,0.0,0.0,139.61451795213992,8152.194497083381,629.1364489770895,2061.542277888221
0.0,0.0,0.0,0.0,0.0,0.0,0.0,0.0,0.0,0.5653026630944251,0.0,0.0,0.0,0.0,0.0,0.0,0.0,0.0,0.0,0.0,0.0,0.4346973369055749,0.0,0.0,0.0,0.0,0.0,0.0,0.0,0.0,3.4995913668445358,9311.064593569645,381.51728094858436,1418.3420863597312
0.0,0.0,0.0,0.0,0.0,0.0,0.0,0.0,0.0,0.0,0.0,0.6628788149188776,0.0,0.0,0.0,0.0,0.0,0.0,0.33712118508112254,0.0,0.0,0.0,0.0,0.0,0.0,0.0,0.0,0.0,0.0,0.0,248.23611765375958,4572.366150672613,670.0222157281639,2710.8177816702373
0.0,0.22725732692522052,0.0,0.09303430779638376,0.0,0.0,0.0,0.21872626294372144,0.0,0.0,0.05153018605977896,0.0,0.0,0.0,0.0,0.0,0.0,0.0,0.0,0.0,0.0,0.0,0.0,0.0,0.0,0.0,0.17345022204428043,0.0,0.0,0.23600169423061496,50.12379104289948,11320.071976513258,305.2912034071659,1180.0132056462824
0.0,0.0,0.0,0.0,0.0,0.0,0.0,0.0,0.3262711311788588,0.0,0.0,0.03791597507742303,0.0,0.0,0.0,0.0,0.0,0.0,0.0,0.0,0.0,0.0,0.0,0.3810161240717214,0.0,0.0,0.0,0.0,0.25479676967199694,0.0,94.74064878806843,6320.513431890118,430.685425852078,2275.1091408127895
0.0,0.0,0.0,0.0,0.0,0.0,0.0,0.0,0.0,0.0,0.0,0.0,0.0,0.0,0.0,0.0,0.0,0.0,0.0,0.0,0.0,0.18807364819504677,0.0,0.0,0.0,0.0,0.0,0.0,0.0,0.8119263518049532,6.614806303222421,4387.383045453525,328.6025295698722,958.4967702816649
0.33168778167180407,0.0,0.0,0.0,0.0,0.0,0.0,0.0,0.389808170374841,0.1179034791640061,0.0,0.0,0.0,0.0,0.0,0.0,0.16060056878934878,0.0,0.0,0.0,0.0,0.0,0.0,0.0,0.0,0.0,0.0,0.0,0.0,0.0,120.20527462992862,5996.9104098122925,245.1953432504113,1039.783833030167
0.0,0.0,0.0,0.0,0.0,0.0,0.0,0.0,0.0,0.0,0.0,0.0,0.0,0.7262369088493239,0.0,0.0,0.0,0.0,0.27376309115067615,0.0,0.0,0.0,0.0,0.0,0.0,0.0,0.0,0.0,0.0,0.0,93.78625436318352,4053.426990005206,468.02477158574237,2560.295201734429
0.0,0.0,0.0,0.0,0.2563280586339876,0.0,0.0,0.08005456256340378,0.0,0.0,0.45650829109543123,0.0,0.0,0.12425940813857538,0.0,0.0,0.0,0.0,0.0,0.0,0.0,0.0,0.0,0.0,0.0,0.0,0.0,0.022817935870879512,0.06003174369772235,0.0,156.32792873170922,7020.252426006576,766.8998746586597,1932.0612149366264
0.0,0.0,0.0,0.0,0.0,0.0,0.0,0.0,0.0,0.0,0.0,0.0,0.0,0.0,0.0,0.12111982272928885,0.34738527442887623,0.0,0.06611749881666269,0.0,0.0,0.1667327779919902,0.0,0.0,0.0,0.0,0.29864462603318176,0.0,0.0,0.0,69.1424700043712,6748.706267008097,403.99172310199305,1871.1676295859688
0.0,0.0,0.0,0.38556448429628976,0.0,0.0,0.020310555146713656,0.0,0.0,0.2501645315931613,0.0,0.0,0.0,0.0,0.0,0.0,0.0,0.18635411062558901,0.15760631833824626,0.0,0.0,0.0,0.0,0.0,0.0,0.0,0.0,0.0,0.0,0.0,199.77571222314154,6779.9642118566135,342.12659434246035,1685.267076023639
0.0,0.0,0.0,0.0,0.0,0.7016293759120719,0.0,0.0,0.0,0.0,0.0,0.10376206215609551,0.0,0.0,0.0,0.0,0.0,0.0,0.0,0.0,0.0,0.0,0.0,0.0,0.16197010188073788,0.0,0.03263846005109488,0.0,0.0,0.0,248.76181080568824,4351.110387107172,245.79856307839697,3151.4905049641384
0.0,0.0,0.0,0.0,0.0,0.0,0.0,0.0,0.0,0.0,0.0,0.0,0.3871498020473171,0.0,0.0,0.0,0.0,0.0,0.0,0.0,0.0,0.0,0.0,0.0,0.3436742754510367,0.0,0.0,0.0,0.0,0.26917592250164635,116.25939725520576,3941.430736556738,263.73143982999056,1774.0914240521472
0.18849456669352357,0.0,0.0,0.0,0.0,0.09433758248599959,0.0,0.0,0.0,0.2902297125619033,0.0,0.0,0.0,0.0,0.0,0.0,0.13413861570402588,0.0,0.0,0.0,0.09006538056191525,0.0,0.0,0.0,0.0,0.0,0.0,0.0,0.0,0.20273414199263243,83.7728317829201,7762.718408902511,269.55822102702496,1132.7489822603588
0.0,0.0,0.0,0.0,0.0,0.0,0.0,0.0,0.0,0.0,0.0,0.0,0.3990653853747446,0.0,0.0,0.0,0.0,0.0,0.0,0.0,0.0,0.0,0.0,0.0,0.0,0.0,0.0,0.0,0.0,0.6009346146252553,44.19947758361475,3989.386310520072,253.29557412523005,898.1299704084404
0.0,0.0,0.047908188398665966,0.0,0.0,0.0,0.0,0.0,0.21009324865028506,0.0,0.0,0.0,0.6105924315615393,0.0,0.0,0.0,0.0,0.0,0.0,0.0,0.0,0.0,0.0,0.09195020829500883,0.0,0.0,0.03945592309450084,0.0,0.0,0.0,108.79995848069306,4483.102815763008,258.1101283579283,1407.4042390529746
0.0,0.0,0.0,0.0,0.0,0.0,0.0,0.0,0.0,0.0,0.0,0.0,0.0,0.1324488643298675,0.0,0.0,0.0,0.2995712043396383,0.0,0.0,0.0,0.0,0.0,0.0,0.0,0.3230528338778606,0.0,0.0,0.0,0.2449270974526336,130.97057176573753,7661.507807585109,581.4189474652106,2276.7091510436567
0.0,0.0,0.0,0.0,0.0,0.0,0.0,0.18806241682527666,0.0,0.0,0.0,0.0,0.0,0.09140794454408373,0.0,0.0,0.0,0.0,0.0,0.0,0.06099343274142041,0.0,0.0,0.29404604795899114,0.0,0.0,0.365490157930228,0.0,0.0,0.0,31.01150388669148,11101.896240643882,347.8921887928174,2417.34803001505
0.0,0.0,0.0,0.0,0.0,0.0,0.0,0.0,0.0,0.0,0.0,0.0,0.0,0.0,0.0,0.0,0.0,0.9187180613391318,0.0,0.08128193866086816,0.0,0.0,0.0,0.0,0.0,0.0,0.0,0.0,0.0,0.0,287.33705944348617,2287.507381338332,560.7594680137336,595.9443489653391
0.0,0.0,0.0,0.14595520486359018,0.4855174226806475,0.0,0.0,0.0,0.0,0.0,0.0,0.0,0.0,0.0,0.0,0.0,0.0,0.3304540905727663,0.0,0.0,0.0,0.0,0.0,0.03807328188299591,0.0,0.0,0.0,0.0,0.0,0.0,157.2645453422232,4220.992268734944,650.8261752576672,2184.6781975435492
0.0,0.0,0.12628584965118803,0.0,0.0,0.0,0.0,0.0,0.0,0.0,0.0,0.0,0.0,0.0,0.0,0.15414926397784434,0.0,0.0,0.04362551343353205,0.0,0.0,0.0,0.0,0.0,0.0,0.0,0.1271649960369566,0.5487743769004788,0.0,0.0,13.451854339826433,10366.014858489023,687.863204328114,1957.2113676707377
0.0,0.0,0.0,0.0,0.0,0.0,0.0,0.0,0.0,0.0,0.479564639782905,0.0,0.0,0.0,0.06423298034097796,0.0,0.0,0.0,0.0,0.0,0.0,0.0,0.0,0.0,0.07614307396691758,0.1953358721979619,0.0,0.1847234337112375,0.0,0.0,154.77581221946815,9023.459223463497,873.8471297459951,1932.7530271346322
0.0,0.0,0.0,0.0,0.0,0.0,0.3759460513518007,0.05055176639015758,0.2246588456438574,0.0,0.0,0.0,0.0,0.0,0.0,0.0,0.0,0.0,0.0,0.0,0.11965591210624589,0.0,0.1882286818932675,0.0,0.0,0.0,0.0,0.0,0.04095874261467094,0.0,145.92367352686455,11999.425102274918,358.15530328157087,1034.1819728372243
0.0,0.2286866536129398,0.1488011595680812,0.057689684469872805,0.0,0.0,0.0,0.0,0.0,0.0,0.0,0.0,0.0,0.0,0.0935863828444243,0.0,0.0,0.0,0.0,0.0,0.12909161675210043,0.3421445027525814,0.0,0.0,0.0,0.0,0.0,0.0,0.0,0.0,,6109.323645142422,488.8984778377957,1888.5660913667793
0.2808216219008732,0.0,0.0,0.0,0.0,0.0,0.0,0.0,0.0,0.0,0.0,0.0,0.0,0.30341065431845715,0.0,0.0,0.0,0.0,0.0,0.0,0.17139880745951952,0.24436891632115015,0.0,0.0,0.0,0.0,0.0,0.0,0.0,0.0,72.12766628434598,4233.849462020646,398.2445057034949,2070.2972368294354
0.0,0.0,0.0,0.0,0.0649731460859527,0.0,0.0,0.0,0.0,0.0,0.0,0.0,0.0,0.0,0.0,0.0,0.0,0.0,0.0,0.0,0.0,0.0,0.0,0.0,0.0,0.0,0.0,0.0,0.0,0.9350268539140474,6.8645544825828075,4279.1625343776395,299.9492299121076,966.2629073114838
0.0,0.0,0.0,0.0,0.0,0.16831570528285333,0.0,0.0,0.15491600353008067,0.0,0.0,0.23591130499388369,0.0,0.0,0.0,0.08055500497116172,0.048493903933259384,0.0,0.0,0.0,0.0,0.0,0.0,0.0,0.0,0.31180807728876136,0.0,0.0,0.0,0.0,165.93838650501908,8946.185939193638,615.4792665673979,3387.7906336848846
0.0,0.0,0.0,0.43497882244800185,0.16713835704899566,0.0,0.0,0.0,0.17600074052878426,0.22188207997421813,0.0,0.0,0.0,0.0,0.0,0.0,0.0,0.0,0.0,0.0,0.0,0.0,0.0,0.0,0.0,0.0,0.0,0.0,0.0,0.0,153.0316099935662,7811.345363262697,330.0334657331228,2002.409769845104
0.0,0.2900573088460191,0.0,0.0,0.0,0.0,0.0,0.0,0.17457926128496667,0.0,0.09397533586982182,0.0,0.0,0.0,0.0,0.15661007238954844,0.0,0.0,0.2058741153103726,0.0,0.0,0.0,0.0,0.0,0.0,0.0,0.0,0.0,0.0,0.07890390629927144,142.10890725631404,7841.161145146821,505.58877066373645,1339.7791900728394
0.0,0.0,0.0,0.0,0.0,0.0,0.0,0.0,0.0,0.0,0.0,0.0,0.7301470370082486,0.0,0.0,0.0,0.0,0.0,0.0,0.0,0.0,0.0,0.0,0.0,0.2698529629917515,0.0,0.0,0.0,0.0,0.0,123.64104798983315,3235.428331377771,237.34341096999438,1420.5393562923875
0.30361443422126816,0.0,0.0,0.0,0.34713688642755136,0.04290969602333871,0.18990575407219237,0.0,0.0,0.0,0.0,0.0,0.0,0.0,0.0,0.0,0.0,0.0,0.0,0.0,0.11643322925564928,0.0,0.0,0.0,0.0,0.0,0.0,0.0,0.0,0.0,73.82279784943881,6225.25641368043,493.5457896727196,1732.9093795533722
0.0,0.0,0.0,0.0,0.0,0.0,0.0,0.0,0.0,0.0,0.0,0.0,0.0,0.0,0.0,0.0,0.0,0.0,0.0,0.4724901151040161,0.5275098848959839,0.0,0.0,0.0,0.0,0.0,0.0,0.0,0.0,0.0,163.8849182542173,4468.7482053462545,246.66687305651828,811.6464181480958
0.0,0.0,0.0,0.03213850894486894,0.0,0.0,0.0,0.2045452896802381,0.0,0.0,0.0,0.0,0.0,0.0,0.0824347758883566,0.0,0.0,0.5536535918483689,0.0,0.0,0.0,0.0,0.0,0.0,0.0,0.0,0.0,0.1272278336381675,0.0,0.0,217.13025235554244,8287.552202871459,607.4891157757437,984.5132993112113
0.5805976320775964,0.0,0.0,0.0,0.0,0.0,0.0,0.0,0.0,0.15083226675044478,0.0,0.0,0.0,0.0,0.0,0.0,0.0,0.0,0.0,0.0,0.0,0.0,0.2685701011719589,0.0,0.0,0.0,0.0,0.0,0.0,0.0,12.456275017255694,9784.357264526545,248.67405942685443,745.5642515788984
0.0,0.0,0.0,0.0,0.44652417515308307,0.0,0.16321192226033276,0.0,0.39026390258658417,0.0,0.0,0.0,0.0,0.0,0.0,0.0,0.0,0.0,0.0,0.0,0.0,0.0,0.0,0.0,0.0,0.0,0.0,0.0,0.0,0.0,111.0830711237375,7479.148130349114,593.7191129268018,1853.0358834027018
0.0,0.0,0.0,0.0,0.0,0.0,0.0,0.0,0.8875615175205113,0.11243848247948883,0.0,0.0,0.0,0.0,0.0,0.0,0.0,0.0,0.0,0.0,0.0,0.0,0.0,0.0,0.0,0.0,0.0,0.0,0.0,0.0,186.3748373816569,7608.314664379199,238.88475105567005,969.8818729493534
0.0,0.0,0.22996057129712127,0.0,0.0,0.0,0.0,0.0,0.0,0.0,0.04322960483917775,0.0,0.0,0.0,0.05768146937368029,0.29219484178466065,0.0,0.0,0.1135850712707222,0.0,0.0,0.0,0.0,0.0,0.0,0.0,0.0,0.26334844143463776,0.0,0.0,49.35475105868113,9253.161876709204,697.5298558133946,2619.4820934588197
0.16458651015786444,0.0,0.0,0.0,0.0,0.07140554033167186,0.09128818888748128,0.0,0.0,0.0,0.0,0.0,0.0,0.0,0.0,0.0,0.0,0.1017307302358025,0.0,0.0,0.0,0.0,0.0,0.0,0.0,0.0,0.5709890303871799,0.0,0.0,0.0,61.641136774765265,9007.542649668068,245.5123163191597,1571.2881815977958
0.0,0.0,0.0,0.23973622619464746,0.0,0.12588083663048746,0.0,0.0,0.0,0.0,0.0,0.0,0.057926833190861775,0.0,0.0,0.2585964859448274,0.0,0.0,0.0,0.0,0.21950343139144424,0.0,0.0,0.0,0.0,0.0,0.0,0.0983561866477317,0.0,0.0,197.58941363712208,6500.882666921407,476.77553701426086,2664.797826090826
0.0,0.0,0.0,0.0,0.0,0.46229024577143263,0.10437365846252246,0.0,0.0,0.0,0.0,0.0,0.10526492092323406,0.0,0.0,0.0,0.32807117484281095,0.0,0.0,0.0,0.0,0.0,0.0,0.0,0.0,0.0,0.0,0.0,0.0,0.0,192.1949244913978,4146.227180330023,261.7129930135174,2119.119740186811
0.0,0.21755868702802236,0.0,0.42550822969749963,0.0,0.0,0.0,0.0,0.0,0.0,0.0,0.0,0.0,0.0,0.0,0.0,0.3569330832744781,0.0,0.0,0.0,0.0,0.0,0.0,0.0,0.0,0.0,0.0,0.0,0.0,0.0,165.90925703991005,4524.266374914368,273.4591132030089,1858.024618117981
0.03134611675710379,0.0,0.0,0.0,0.0,0.0,0.0,0.0,0.0,0.0,0.5259178488219493,0.0,0.0,0.0,0.0,0.0,0.0,0.0,0.0,0.0,0.0,0.0,0.0,0.0,0.0,0.0,0.0,0.442736034420947,0.0,0.0,148.81262493840637,8400.643218141346,850.2745912955249,1123.3475854286808
0.0887645168772602,0.0,0.1355665605749586,0.0,0.0,0.0,0.0,0.0,0.0,0.10864277138941,0.0,0.0,0.3838537203027305,0.0,0.0,0.0,0.0,0.0,0.07779468098704172,0.0,0.0,0.0,0.0,0.0,0.0,0.0,0.0,0.0,0.0,0.205377749868599,53.003288513592985,5410.488232408569,288.0806965044507,1141.9757162706874
0.0,0.0,0.0,0.0,0.0,0.0,0.0,0.0,0.0,0.0,0.0,0.0,0.11744869786679599,0.0,0.0,0.0,0.011444666710248392,0.0,0.0,0.5282356040229169,0.10962163933523338,0.0,0.0,0.0,0.0,0.0,0.22335146124402902,0.009897930820776292,0.0,0.0,53.024315834634606,5719.026735029108,226.23567828124519,1078.1208024359237
0.0,0.0,0.0,0.0,0.0,0.0,0.0,0.0,0.0,0.0,0.0,0.0,0.0,0.0,0.0,0.11550593518603965,0.0,0.0,0.0,0.0,0.0,0.0,0.0,0.0,0.0,0.0,0.8844940648139603,0.0,0.0,0.0,7.405732256463255,10113.855731965008,238.48416405609916,1849.4206688251231
0.0,0.0,0.0,0.18150181566740084,0.07538533046035258,0.3404455788148226,0.0,0.0,0.0,0.40266727505742395,0.0,0.0,0.0,0.0,0.0,0.0,0.0,0.0,0.0,0.0,0.0,0.0,0.0,0.0,0.0,0.0,0.0,0.0,0.0,0.0,142.52836503472207,8455.40489676571,284.3831472509793,2177.7650243374815
0.0,0.03383104229426351,0.0,0.0,0.0,0.0,0.0,0.0,0.0,0.0,0.0,0.0,0.3949180367897753,0.0,0.0,0.1797637557217916,0.11554930735096021,0.0,0.0,0.0,0.22175475974038303,0.0,0.0,0.0,0.0,0.0,0.0,0.0,0.0,0.05418309810282631,135.91608138600503,5160.946801718568,385.0055082116394,1584.8048067464774
0.0,0.0,0.0,0.0,0.0,0.0,0.43663367754359395,0.0,0.0,0.0,0.0,0.0,0.0,0.5633663224564062,0.0,0.0,0.0,0.0,0.0,0.0,0.0,0.0,0.0,0.0,0.0,0.0,0.0,0.0,0.0,0.0,69.07503884464494,6310.35873144974,410.5947257090829,2376.458667659187
0.0,0.0,0.0,0.0,0.0,0.0,0.4850422847359726,0.0,0.0,0.0,0.0,0.3723044016490506,0.0,0.0,0.0,0.0,0.10310647125021856,0.03954684236475827,0.0,0.0,0.0,0.0,0.0,0.0,0.0,0.0,0.0,0.0,0.0,0.0,189.63284042873494,7354.756744751099,570.8816387224291,2098.5678093235897
0.0,0.0,0.6905847586614796,0.0,0.0,0.0,0.30941524133852033,0.0,0.0,0.0,0.0,0.0,0.0,0.0,0.0,0.0,0.0,0.0,0.0,0.0,0.0,0.0,0.0,0.0,0.0,0.0,0.0,0.0,0.0,0.0,27.92885534928338,6539.242333966444,279.4730661744451,2383.128900356458
0.0,0.0,0.0,0.0,0.0,0.0,0.5394861451894166,0.0,0.0,0.0,0.0,0.0,0.0,0.0,0.0,0.0,0.0,0.0,0.4605138548105832,0.0,0.0,0.0,0.0,0.0,0.0,0.0,0.0,0.0,0.0,0.0,140.45767258164355,7524.386746910653,425.4418069626863,771.0526022600894
0.0,0.0,0.6313570161000581,0.0,0.0,0.0,0.0,0.0,0.0,0.0,0.0,0.0,0.0,0.0,0.0,0.0,0.0,0.0,0.0,0.0,0.36864298389994177,0.0,0.0,0.0,0.0,0.0,0.0,0.0,0.0,0.0,119.0652946464558,5762.822425985098,272.65383158193555,2022.5211482385741
0.0,0.0,0.0,0.0,0.0,0.6657969056708147,0.0,0.0,0.0,0.0,0.0,0.0,0.0,0.0,0.0,0.0,0.0,0.0,0.0,0.0,0.0,0.0,0.0,0.0,0.0,0.0,0.3342030943291853,0.0,0.0,0.0,167.2181208247906,5524.79391174935,177.60789257003825,2362.6135830116577
0.15960120956974333,0.0,0.0,0.0,0.0,0.0,0.0,0.0,0.2117669434975758,0.15158177506383375,0.23172008839370548,0.0,0.0,0.0,0.0,0.0,0.0,0.0,0.0,0.24532998347514176,0.0,0.0,0.0,0.0,0.0,0.0,0.0,0.0,0.0,0.0,120.35472707881299,7443.095121137907,418.2321507777721,944.8363497473252
0.1750320946798822,0.0,0.0,0.0,0.0,0.0,0.0,0.0,0.0,0.0,0.0,0.0,0.2980986944594909,0.0,0.0,0.0,0.0,0.0,0.0,0.0,0.0,0.0,0.0,0.0,0.0,0.0,0.0,0.0,0.3445283690329712,0.18234084182765573,34.490413493832406,5338.750337279986,287.53695637177975,1097.5637136491896
0.0,0.011422859722194551,0.2010044424015279,0.0,0.0,0.0,0.0,0.060664643905985124,0.0,0.0,0.0,0.0,0.0,0.6131239544123056,0.0,0.0,0.0,0.0,0.0,0.0,0.0,0.0,0.0,0.0,0.11378409955798667,0.0,0.0,0.0,0.0,0.0,70.29303681964362,6111.664040901856,402.5021651149476,3254.1950122092676
0.0,0.0,0.0,0.13455672203376448,0.0,0.1633705320969502,0.0,0.0,0.0,0.0,0.0,0.0,0.08061779674487457,0.0,0.0,0.0,0.0,0.0,0.0,0.0,0.1493861678311097,0.0,0.47206878129330093,0.0,0.0,0.0,0.0,0.0,0.0,0.0,167.84846749910162,11919.829398236565,357.79155910119823,1546.5665835701666
0.0,0.07868224362029021,0.0,0.0,0.0,0.0,0.0,0.1328842099838586,0.0,0.27743417856600483,0.0,0.0,0.0,0.0,0.0,0.0,0.0,0.20283490581005784,0.2805785894278301,0.0,0.027585872591958428,0.0,0.0,0.0,0.0,0.0,0.0,0.0,0.0,0.0,151.47442847645013,9189.340410140356,462.45231050952145,785.8970845063553
0.0,0.36150606661832935,0.0,0.0,0.0,0.21576062233598775,0.0,0.0,0.0,0.0,0.0,0.0,0.422733311045683,0.0,0.0,0.0,0.0,0.0,0.0,0.0,0.0,0.0,0.0,0.0,0.0,0.0,0.0,0.0,0.0,0.0,105.684593235426,5090.769417316284,275.28756393361795,1237.8791998062577
0.16301486614062694,0.0,0.0,0.0,0.09780500702307217,0.0,0.0,0.0,0.0,0.0,0.0,0.0,0.22198498969555638,0.0,0.0,0.477224761794614,0.0,0.0,0.0,0.0,0.0,0.03997037534613048,0.0,0.0,0.0,0.0,0.0,0.0,0.0,0.0,45.0002562425509,5747.999277165426,593.9675083357461,2632.1463558763967
0.0,0.0,0.0,0.0,0.0,0.0,0.0,0.6817625474059105,0.0,0.0,0.0,0.0,0.0,0.0,0.0,0.0,0.0,0.0,0.0,0.0,0.3182374525940896,0.0,0.0,0.0,0.0,0.0,0.0,0.0,0.0,0.0,112.4575113966283,13854.187886574678,192.5784976249745,746.2826977599228
0.0,0.0,0.0,0.0,0.0,0.0,0.0,0.2480968155448416,0.4976268464457677,0.0,0.0,0.0,0.11771784137569066,0.0,0.0,0.0,0.0,0.0,0.0,0.0,0.0,0.0,0.0,0.0,0.13655849663370018,0.0,0.0,0.0,0.0,0.0,164.74386661249102,10144.86437282224,219.84777062813404,1308.241294175473
0.0,0.3755192437187828,0.0,0.0,0.0,0.0,0.0,0.0,0.0,0.0,0.0,0.0,0.0,0.0,0.3439545810712508,0.0,0.0,0.07386022242960268,0.0,0.0,0.0,0.0,0.0,0.0,0.0,0.0,0.0,0.2066659527803637,0.0,0.0,26.835200239320397,9156.175562982056,723.5565204392133,1403.3404313017447
0.0,0.0,0.0,0.0,0.0,0.0,0.0,0.0,0.0,0.0,0.0,0.0,0.0,0.0,0.0,0.0,0.0,0.0,0.0,0.0,0.0,0.0,0.0,0.0,0.37821671785042227,0.0,0.0,0.6217832821495777,0.0,0.0,81.73632621504551,9002.011470964582,662.5017479877106,1819.050382122858
0.0,0.0,0.0,0.0,0.0,0.0,0.0,0.3920743248371575,0.0,0.0,0.6328697769520026,0.0,0.0,0.0,0.0,0.0,0.0,0.0,0.0,0.0,0.0,0.3731083109003538,0.0,0.0,0.0,0.0,0.0,0.0,0.0,0.0,143.68092114245738,9507.251884974685,530.1835201958111,1247.1671026560846
0.0,0.0,0.0,0.0,0.0,0.0,0.0750171640811586,0.0,0.0,0.0,0.0,0.0,0.0,0.0,0.0,0.0,0.0,0.0,0.0,0.0,0.0,0.45696025963805453,0.0,0.0,0.0,0.0,0.0,0.0,0.0,0.46802257628078675,10.827711823259424,4527.346221829565,403.34975727455793,1448.5764601601634
0.0,0.0,0.0,0.0,0.0,0.0,0.0,0.2213001795952681,0.0,0.0,0.0,0.0,0.0,0.0,0.0,0.3529473376386842,0.0,0.009626442527793124,0.040082248522145265,0.0,0.26461007342974185,0.0,0.0,0.11143371828636744,0.0,0.0,0.0,0.0,0.0,0.0,118.19792814950262,10304.498402962574,546.1187090615696,2225.99373287942
0.0,0.0,0.0,0.0,0.0,0.0,0.0,0.0,0.0,0.0,0.0,0.0,0.0,0.0,0.0,0.0,0.300805873872995,0.0,0.0,0.0,0.0,0.0,0.10932167436496952,0.0,0.0,0.0,0.0,0.3539566328590285,0.23591581890300695,0.0,56.0726014894502,9312.9298300571,584.9263654503812,1282.9506065116948
0.0,0.0,0.0,0.28224007597314904,0.0,0.43211528031087787,0.0,0.0,0.0,0.0,0.28564464371597315,0.0,0.0,0.0,0.0,0.0,0.0,0.0,0.0,0.0,0.0,0.0,0.0,0.0,0.0,0.0,0.0,0.0,0.0,0.0,259.63664217691434,4656.996848150745,340.4390188962643,2397.1724063493143
0.0,0.0,0.0,0.0,0.0,0.0,0.0,0.0,0.0,0.0,0.0,0.0,0.0,0.0,0.0,0.0,0.0,0.0,0.0,0.0,0.0,0.0,0.0,0.0,0.0,0.0,0.0,0.0,0.31414615045536387,0.6858538495446362,12.140342821410197,5593.979412410104,308.29329181084296,1001.5412299769441
0.0,0.0,0.0,0.0,0.5663997001967964,0.0,0.0,0.0,0.0,0.0,0.0,0.0,0.0,0.0,0.0,0.0,0.0,0.0,0.0,0.0,0.0,0.0,0.0,0.0,0.0,0.0,0.0,0.0,0.4336002998032035,0.0,7.457616915724738,6699.297706460256,637.0236598240755,2046.5399297348729
0.0,0.0,0.0,0.30657707965044473,0.0,0.1396439460106013,0.0,0.0,0.0,0.0,0.0,0.0,0.0,0.0,0.0,0.2972278387631774,0.18902404690335953,0.0,0.0,0.0,0.0,0.0,0.0,0.0,0.0,0.0,0.06752708867241713,0.0,0.0,0.0,165.90000880017226,5179.900346312606,397.9627597121287,2965.4187237014207
0.0,0.0,0.0,0.0,0.0,0.0,0.0,0.0,0.0,0.0,0.2101718194117047,0.39159869247021045,0.0,0.0,0.16895061107894024,0.0,0.0,0.0,0.0,0.0,0.0,0.0,0.13446422417038584,0.031903372443850005,0.06291128042490877,0.0,0.0,0.0,0.0,0.0,218.5408083740311,8266.931711960773,789.4007588493413,3045.139966578859
0.0,0.0,0.0,0.0,0.0,0.0,0.0,0.0,0.0,0.0,0.0,0.0,0.0,0.13549978039657395,0.0,0.0,0.0,0.0,0.3846455527025153,0.0,0.0,0.0,0.0,0.0,0.0,0.0,0.0,0.0,0.0,0.4798546669009107,90.24306288079148,4610.297876849187,373.06161403702737,1088.5020478080291
0.0,0.0,0.0,0.0,0.1128662916881573,0.0,0.0,0.0,0.0,0.07843719129133227,0.0,0.0,0.0,0.42511213752018895,0.0,0.0,0.0,0.0,0.0,0.0,0.14341647260509277,0.0,0.0,0.0,0.0,0.0,0.0,0.0,0.0,0.24016790689522877,85.3658696896527,5210.742512046362,482.5714942828779,2341.839639157991
0.0,0.0,0.0,0.0,0.44696455761777637,0.0,0.0,0.21804958803533148,0.0,0.0,0.0,0.0,0.0,0.0,0.0,0.0,0.0,0.33498585434689226,0.0,0.0,0.0,0.0,0.0,0.0,0.0,0.0,0.0,0.0,0.0,0.0,123.70767591272043,7600.876452213913,631.8520724611793,1684.3292672097393
0.0,0.37941377291454403,0.0,0.0,0.0,0.0,0.0,0.0966567018705849,0.0,0.0,0.0,0.0,0.0,0.0,0.0,0.18912517348677432,0.215309629655366,0.0,0.0,0.0,0.0,0.11949472207273067,0.0,0.0,0.0,0.0,0.0,0.0,0.0,0.0,46.97239871654347,8526.787954022046,514.5862762736953,1749.844029739002
0.0,0.0,0.0,0.0,0.0,0.0,0.0,0.0,0.0,0.0,0.0,0.0,0.0,0.0,0.0,0.0,0.0,0.0,0.0,0.0,0.0,0.0,0.538861169074547,0.0,0.46113883092545305,0.0,0.0,0.0,0.0,0.0,120.43936146007918,10895.586977541487,357.6659179326228,1883.2685902997807
0.0,0.0,0.0,0.32509954696859755,0.0,0.2654456306683632,0.0,0.0,0.0,0.0,0.0,0.0,0.0,0.40945482236303926,0.0,0.0,0.0,0.0,0.0,0.0,0.0,0.0,0.0,0.0,0.0,0.0,0.0,0.0,0.0,0.0,164.7001073260841,3719.69005033125,318.7916826894069,3130.3130679367437
0.0,0.0,0.0,0.0,0.08710418029458754,0.10145377445582562,0.0,0.3206580779939032,0.0,0.0,0.0,0.07000826172462653,0.0,0.322779725564593,0.0,0.0,0.0,0.0,0.0,0.0,0.0,0.0,0.0,0.0,0.0,0.0,0.0979959799664641,0.0,0.0,0.0,85.42147358316961,10830.96249926729,392.9933999919763,2503.1905680854175
0.0,0.0,0.0,0.0,0.0,0.0,0.0,0.0,0.0,0.0,0.0,0.0,0.0,0.0,0.0,0.0,0.6234492827322831,0.0,0.0,0.0,0.0,0.2173242818841506,0.15922643538356626,0.0,0.0,0.0,0.0,0.0,0.0,0.0,97.138557869551,5179.387651654014,397.7119670491715,1424.0289010475733
0.0,0.0,0.0,0.16983829029456707,0.0,0.0,0.0,0.0,0.0,0.0,0.0,0.0,0.38330986916077353,0.0,0.0,0.0,0.0,0.0,0.0,0.0,0.05379533274004255,0.0,0.17668991825106334,0.16178401670679776,0.0,0.0,0.0,0.0,0.05458257284675592,0.0,110.96081858991366,6777.36175153405,335.2036017338675,1752.0250710950525
0.0,0.0,0.0,0.0,0.0,0.0,0.28862602022720996,0.0,0.41910328198685365,0.29227069778593645,0.0,0.0,0.0,0.0,0.0,0.0,0.0,0.0,0.0,0.0,0.0,0.0,0.0,0.0,0.0,0.0,0.0,0.0,0.0,0.0,117.39901124672689,9852.507716410215,286.5959447138566,960.2412600654604
0.0,0.09954127444723461,0.0,0.0,0.0,0.0,0.0,0.0,0.0,0.0,0.0,0.5231221852668342,0.0,0.0,0.0,0.0,0.0,0.3773365402859312,0.0,0.0,0.0,0.0,0.0,0.0,0.0,0.0,0.0,0.0,0.0,0.0,287.64317263656096,4283.380993182074,725.5714956939814,2485.125863346433
0.0,0.0,0.0,0.0,0.0,0.0,0.0,0.0,0.0,0.0,0.0,0.0,0.0,0.0,0.45988209817215053,0.0,0.0,0.0,0.0,0.0,0.0,0.0,0.5401179018278495,0.0,0.0,0.0,0.0,0.0,0.0,0.0,18.913470765425444,13801.952520274035,614.1982715903472,1795.6581153086724
0.0,0.0,0.0,0.0,0.0,0.0,0.0,0.0,0.576698529932891,0.0,0.0,0.0,0.0,0.0,0.0,0.0,0.0,0.0,0.0,0.0,0.0,0.0,0.4233014700671091,0.0,0.0,0.0,0.0,0.0,0.0,0.0,143.9223076154792,11885.465277030646,309.7464924800336,907.5357832955924
0.0,0.0,0.0,0.07136015575364428,0.0,0.0,0.05108894180086094,0.4732206168342326,0.0,0.1901430937970741,0.0,0.0,0.0,0.0,0.0,0.0,0.0,0.0,0.0,0.11253561912852926,0.0,0.0,0.0,0.0,0.0,0.0,0.0,0.0,0.10165157268565886,0.0,35.138640771890316,15910.247790226902,223.65890007023492,1136.9393761631038
0.0,0.0,0.0,0.0,0.0,0.542743611901376,0.0,0.0,0.0,0.0,0.0,0.1741850852818449,0.0,0.0,0.0,0.0,0.022670384641565077,0.0,0.0,0.0381661727642972,0.0,0.0,0.0,0.0,0.0,0.0,0.0,0.0,0.2222347454109167,0.0,200.36359061041526,4933.9226055963945,338.30276557372616,2602.581517451411
0.0,0.0,0.0,0.12618061339131498,0.46835550194966313,0.0,0.0,0.0,0.0,0.0,0.0,0.0,0.0,0.0,0.0,0.0,0.0,0.0,0.0,0.0,0.0,0.24948389141359698,0.0,0.0,0.0,0.0,0.0,0.0,0.15597999324542489,0.0,37.2706970903648,5692.319645400077,676.9487660388261,2425.3876927267606
0.0,0.0,0.0,0.0,0.0,0.0,0.0,0.0,0.0,0.0,0.0,0.0,0.0,0.2145221462192851,0.38605197928430535,0.0,0.0,0.14129623041393866,0.0,0.0,0.0,0.0,0.2581296440824709,0.0,0.0,0.0,0.0,0.0,0.0,0.0,79.39355704423599,9252.119986334472,623.5919878364782,2040.5499422213034
0.0,0.0,0.0,0.0,0.0,0.0,0.0,0.21648718059812982,0.0,0.0,0.0,0.0,0.0,0.0,0.0,0.4274975969462426,0.04979518099117011,0.0,0.0,0.0,0.0,0.0,0.0,0.08126001557654207,0.0,0.0,0.0,0.2249600258879153,0.0,0.0,26.367885779254458,10815.647932647671,724.7825346433161,2460.138355252074
0.0,0.0,0.0,0.0,0.0,0.0,0.0,0.0,0.0,0.0,0.3296379730098588,0.0,0.0,0.0,0.0,0.0,0.0,0.0,0.0,0.0,0.6703620269901412,0.0,0.0,0.0,0.0,0.0,0.0,0.0,0.0,0.0,294.47299041831633,5883.756723656646,467.2023112896478,974.9122789330434
0.0,0.23973065261535764,0.0,0.0,0.0,0.0,0.0,0.0,0.0,0.0,0.0,0.0,0.19568658432960795,0.0,0.0,0.0,0.2939945733286749,0.0,0.27058818972635945,0.0,0.0,0.0,0.0,0.0,0.0,0.0,0.0,0.0,0.0,0.0,123.21440081605658,4467.357048579351,400.3089495653704,932.7283047154974
0.0,0.0,0.0,0.0,0.0,0.30022720016664894,0.0,0.0,0.0,0.0,0.0,0.0,0.0,0.0,0.0,0.19107994846606427,0.0,0.0,0.5086928513672868,0.0,0.0,0.0,0.0,0.0,0.0,0.0,0.0,0.0,0.0,0.0,184.25298915935582,5370.904426253341,455.39971051859595,2037.9275323361715
0.16821997247548848,0.0,0.0,0.0,0.0,0.0,0.0,0.0,0.0,0.0,0.0,0.0,0.0,0.0,0.0,0.0,0.38920885782709785,0.4425711696974136,0.0,0.0,0.0,0.0,0.0,0.0,0.0,0.0,0.0,0.0,0.0,0.0,203.02307522138503,2450.1893290223165,412.6013793458514,959.889122999226
0.0,0.0,0.0,0.0,0.0,0.0,0.0,0.0,0.0,0.0,0.0,0.0,0.0,0.4404417650466614,0.0,0.0,0.0,0.0,0.0,0.0,0.0,0.0,0.5595582349533386,0.0,0.0,0.0,0.0,0.0,0.0,0.0,46.404027798687366,12669.373050219921,452.37884991108143,2029.2180461029548
0.0,0.0,0.0,0.0,0.19341140477288388,0.30145947616081853,0.0,0.0,0.0,0.0,0.0,0.0,0.0,0.0,0.07505814954937334,0.11480578590310278,0.0,0.11871663876340875,0.0,0.0,0.0,0.0,0.0,0.19654854485041265,0.0,0.0,0.0,0.0,0.0,0.0,134.2995955274563,5158.3823727737,636.2464312624046,3194.4220212743967
0.0,0.0,0.0,0.0,0.0,0.0,0.0,0.0,0.0,0.0,0.0,0.0,0.0,0.0,0.0,0.0,0.0,0.0,0.0,0.0,0.0,0.35591825745874134,0.18937528210711255,0.4547064604341461,0.0,0.0,0.0,0.0,0.0,0.0,11.605728661239674,7537.152152398373,553.4815314503657,2761.19504736787
0.0,0.0,0.0,0.0,0.0,0.0,0.0,0.0,0.0,0.3276424875594593,0.0,0.0,0.0,0.0,0.0,0.0,0.0,0.0,0.0,0.0,0.0,0.0,0.0,0.0,0.0,0.0,0.0,0.0,0.6723575124405408,0.0,14.984802404032372,10904.311440658035,334.85651941727406,1192.423610704267
0.2343853961117135,0.0,0.0,0.0,0.0,0.0,0.10550107554211106,0.0,0.0,0.0,0.0,0.0,0.0,0.0,0.0,0.11191325022777902,0.09670333810484263,0.0,0.233001638852678,0.0,0.2184953011608758,0.0,0.0,0.0,0.0,0.0,0.0,0.0,0.0,0.0,158.9931576167737,5947.92181454386,396.9270059864589,1310.447940677715
0.0,0.0,0.0,0.19179884805944153,0.0,0.0,0.0,0.0,0.0,0.0,0.0,0.0,0.0,0.0,0.0,0.0,0.0,0.0,0.0,0.2452397111197945,0.0,0.0,0.0,0.3179278001839369,0.0,0.0,0.24503364063682714,0.0,0.0,0.0,52.943630138873104,5798.415690587334,319.0976393958637,2487.4069080203944
0.0,0.0,0.0,0.0,0.0,0.0,0.0,0.0,0.0,0.0,0.0,0.0,0.0,0.0,0.4264324043800986,0.0,0.0,0.0,0.0,0.0,0.0,0.1411081739728912,0.0,0.0,0.4324594216470103,0.0,0.0,0.0,0.0,0.0,88.66064951043053,6799.376523638121,564.9279651891761,2697.2227187443027
0.0,0.0,0.0,0.0917595206651719,0.09143942465519185,0.14337936598038567,0.0,0.0,0.0,0.0,0.0,0.0,0.0,0.0,0.29110597323264237,0.0,0.0,0.0,0.13505027573343903,0.0,0.0,0.0,0.0,0.0,0.0,0.0,0.0,0.24726543973316914,0.0,0.0,94.23079497530904,8074.762133017453,747.2844771467659,2160.5524425999415
0.0,0.0,0.0,0.0,0.2781575890167411,0.0,0.0,0.0,0.0,0.0,0.08302799175128694,0.0,0.0,0.0,0.0,0.0,0.0,0.0,0.6388144192319718,0.0,0.0,0.0,0.0,0.0,0.0,0.0,0.0,0.0,0.0,0.0,150.0888620379166,5305.046660887036,610.5842218523447,1257.3104214658094
0.0,0.0,0.0,0.0,0.0,0.3003920095442734,0.0,0.10998162559572748,0.24416115827989318,0.0,0.0,0.21239866016556594,0.0,0.08720833824395784,0.0,0.0,0.0,0.0,0.0,0.0,0.0,0.0,0.0,0.0,0.0,0.0,0.04585820817058222,0.0,0.0,0.0,219.94270597474693,7301.946856631365,381.85714120111777,2783.2730058924467
0.0,0.0,0.0,0.4620502235266791,0.0,0.0,0.0,0.0,0.0,0.0,0.0,0.0,0.0,0.0,0.0,0.0,0.0,0.0,0.0,0.0,0.0,0.0,0.0,0.0,0.0,0.0,0.25994232366718273,0.0,0.2780074528061381,0.0,116.70911293831341,6601.642808089147,222.2762599117069,2130.44567086777
0.0,0.0,0.0,0.0,0.0,0.0,0.0,0.0,0.0,0.0,0.0,0.4448869188019398,0.0,0.0,0.0,0.0,0.0,0.0,0.0,0.0,0.0,0.0,0.0,0.0,0.0,0.37953368698488515,0.0,0.0,0.0,0.17557939421317492,144.5822184839451,8768.205172539141,687.9800436100081,3584.7885533199365
0.0,0.0,0.0,0.0,0.0,0.0,0.0,0.0,0.0,0.0,0.0,0.3178843503459212,0.0,0.15702047333656163,0.0,0.2689491387932746,0.0,0.0,0.0,0.0,0.0,0.0,0.0,0.0,0.2561460375242426,0.0,0.0,0.0,0.0,0.0,182.2808338804102,5819.228382577863,661.0433041086103,4020.04118746618
0.0,0.0,0.0,0.0,0.0,0.0,0.05323110925494536,0.12980932056306452,0.0,0.0,0.0,0.0,0.0,0.0,0.0,0.2022497920371212,0.0,0.0,0.0,0.0,0.0,0.16132557999574887,0.0,0.0,0.0,0.0,0.0,0.45338419814912,0.0,0.0,22.65931662265357,11318.166041546887,724.0683905586556,1839.627780579165
0.0,0.0,0.0,0.0,0.34013174134672186,0.0,0.0,0.09605568301752805,0.0,0.0,0.0,0.0,0.0,0.0,0.0,0.0,0.0,0.3521949011984991,0.0,0.0,0.0,0.0,0.0,0.21161767443725094,0.0,0.0,0.0,0.0,0.0,0.0,130.853325180335,6227.994416459095,679.2216710144125,2192.400363263874
0.0,0.0,0.0,0.0,0.0,0.0,0.5577740158326301,0.0,0.0,0.0,0.0,0.0,0.0,0.0,0.0,0.0,0.0,0.0,0.0,0.0,0.0,0.0,0.0,0.0,0.0,0.0,0.0,0.0,0.4422259841673698,0.0,60.30397434477646,9322.775323466725,368.89466389694894,1167.5441851824498
0.0,0.10021282146724245,0.0,0.0,0.0,0.0,0.0,0.0,0.0,0.0,0.0,0.0,0.3336986956096231,0.0883395351086421,0.0,0.0,0.0,0.0,0.0,0.0,0.0,0.3621200740610328,0.0,0.06832839063890243,0.0,0.04730048311455717,0.0,0.0,0.0,0.0,41.196419922078206,4805.544438090428,451.10518889163836,2049.3234599816387
0.0,0.0,0.0,0.0,0.0,0.0,0.0,0.8023817078305415,0.19761829216945848,0.0,0.0,0.0,0.0,0.0,0.0,0.0,0.0,0.0,0.0,0.0,0.0,0.0,0.0,0.0,0.0,0.0,0.0,0.0,0.0,0.0,58.21420137943287,17645.54532098794,142.49257588890012,798.8212414747729
0.0,0.0,0.0,0.10969749003898255,0.0,0.0,0.0,0.0,0.0,0.0,0.0,0.13739578343088885,0.0,0.0,0.0,0.0,0.0,0.0,0.0,0.0,0.0,0.0,0.0,0.0,0.0,0.0,0.4632121112882193,0.0,0.0,0.28969461524190926,72.69780409784995,7873.068755612962,307.5228708648036,2066.449504508229
0.0,0.0,0.0,0.0,0.0,0.0,0.0,0.0,0.0,0.0,0.0,0.0,0.0,0.0,0.0,0.0,0.7503345695437909,0.0,0.0,0.0,0.0,0.2496654304562091,0.0,0.0,0.0,0.0,0.0,0.0,0.0,0.0,108.59888106060264,3025.3400404571726,344.5122001703889,1539.7910333024563
0.0,0.0,0.0,0.0,0.0,0.0,0.0,0.0,0.0,0.0,0.0,0.0,0.0,0.0,0.0,0.0,0.0,0.0,0.0,0.0,0.0,0.2450926885355164,0.0,0.0,0.0,0.0,0.0,0.0,0.7549073114644835,0.0,10.355058842209859,7008.186915912398,387.56082611658906,1487.2534408809074
0.0,0.0,0.0,0.0,0.5899241058788564,0.0,0.0,0.4100758941211436,0.0,0.0,0.0,0.0,0.0,0.0,0.0,0.0,0.0,0.0,0.0,0.0,0.0,0.0,0.0,0.0,0.0,0.0,0.0,0.0,0.0,0.0,7.0954233382670395,11330.26767242859,559.6294815599716,1980.4183672069742
0.0,0.22591001142298853,0.0,0.0,0.0,0.0,0.0,0.09654629112647857,0.0,0.0,0.3280477318125784,0.050869069664374114,0.0,0.0,0.0,0.0,0.0,0.0,0.0,0.0,0.2986268959735804,0.0,0.0,0.0,0.0,0.0,0.0,0.0,0.0,0.0,212.74961443731544,8265.210504369043,548.5364632827763,1013.76079936081
0.0,0.0,0.0,0.0,0.0,0.36107675027404107,0.0,0.10435240439939932,0.0,0.24763858306257241,0.0,0.0,0.0,0.0,0.0,0.0,0.0,0.0,0.0,0.0,0.0,0.09929999080389194,0.18763227146009512,0.0,0.0,0.0,0.0,0.0,0.0,0.0,119.62804209135845,11333.018194486533,312.60674474528736,1822.9940154611795
0.14350653965063115,0.0,0.0,0.0,0.0,0.6059689118260435,0.0,0.0,0.0,0.059861690206344347,0.05543028609192466,0.0,0.0,0.0,0.0,0.009759011581788381,0.0,0.0,0.0,0.0,0.0,0.0,0.0,0.0,0.1254735606432679,0.0,0.0,0.0,0.0,0.0,,4694.065256613577,246.93297517940948,2461.200614268654
0.0,0.0,0.0,0.07204344323897055,0.0,0.0,0.0,0.0,0.41173953416758163,0.0,0.0,0.0,0.0,0.0,0.0,0.0,0.0,0.0,0.0,0.0,0.0,0.0,0.0,0.0,0.0,0.5162170225934477,0.0,0.0,0.0,0.0,107.7163181508781,11542.246417770766,501.88032830701246,2493.9455074314096
0.12430507057297535,0.0,0.0,0.0,0.10100402452868891,0.0,0.0,0.0,0.0,0.0,0.0,0.0,0.0,0.0,0.0,0.0,0.0,0.0,0.0,0.0,0.0,0.4700683139419523,0.0,0.0,0.0,0.0,0.30462259095638344,0.0,0.0,0.0,2.8397612744526133,6273.219190686928,435.5406042380152,1908.5023864610512
0.0,0.0,0.0,0.29555979610122485,0.0,0.0,0.0,0.0,0.0,0.0,0.0,0.0,0.0,0.0,0.0,0.40427346978046586,0.0,0.0,0.07125119083246381,0.0,0.0,0.0,0.0,0.0,0.0,0.0,0.0,0.2289155432858454,0.0,0.0,103.66462320153178,7619.227131912829,591.7058902991447,2754.0561063928267
0.2080372980746067,0.0,0.0,0.0,0.0,0.0,0.18567853690908234,0.0,0.0818135687288633,0.09685366485778198,0.0,0.20077224597310103,0.0,0.0,0.0,0.0,0.0,0.0,0.0,0.0,0.0,0.0,0.0,0.0,0.22684468545656467,0.0,0.0,0.0,0.0,0.0,156.92660406530976,7425.834315352538,423.8021519658679,2178.7846917381435
0.0,0.0,0.0,0.11270005354513075,0.0,0.2889949723108957,0.0,0.10625463254962712,0.0,0.0,0.0,0.0,0.0,0.0,0.0,0.0,0.0,0.0,0.0,0.08811409356315267,0.0,0.0,0.0,0.0,0.4039362480311939,0.0,0.0,0.0,0.0,0.0,206.7473503639591,6546.18098739517,230.9473272968382,2655.058978888937
0.0,0.0,0.0,0.0,0.0,0.0,0.0,0.0,0.0,0.0,0.0,0.0,0.0,0.0,0.0,0.0,0.0,0.0,0.2371350124111395,0.0,0.1146050967556313,0.0,0.0,0.0,0.0,0.0,0.6482598908332292,0.0,0.0,0.0,85.0649134066364,8489.80123439286,269.2329013731256,1399.0922311713095
0.0,0.0,0.0,0.0,0.0,0.0,0.0,0.0,0.11940913557886552,0.0,0.128776200675767,0.0,0.0,0.0,0.0,0.058808339392430894,0.0,0.0,0.0,0.16599420287100256,0.0,0.0,0.2866671612814212,0.0,0.0,0.0,0.0,0.0,0.24034496020051285,0.0,83.64846668097476,11143.037098513387,470.03573163942247,1394.5055869329983
0.0,0.0,0.0,0.0,0.0,0.0,0.0,0.0,0.0,0.10844309842468518,0.0,0.0,0.0,0.0,0.0,0.0,0.0,0.29398554634083185,0.03018845977135612,0.0,0.15207917224556386,0.07724059112376272,0.0,0.0,0.0,0.0,0.33806313209380023,0.0,0.0,0.0,167.39495368371863,7723.132601610515,386.43165241652105,1144.230222592391
0.0,0.0,0.03349800411988914,0.0,0.0,0.0,0.0,0.0,0.0,0.12579730973008202,0.0,0.0,0.3855945704827578,0.0,0.0,0.0,0.0,0.0,0.0,0.0,0.26256234616220087,0.19254776950507024,0.0,0.0,0.0,0.0,0.0,0.0,0.0,0.0,134.9523878220675,5651.85388230327,337.8973205838668,1288.3837553973108
0.0,0.0,0.0,0.0,0.0,0.0,0.0,0.0,0.0,0.0,0.0,0.0,0.0,0.0,0.3132363038070774,0.0,0.0,0.0,0.0,0.0,0.0,0.0,0.0,0.6867636961929225,0.0,0.0,0.0,0.0,0.0,0.0,2.4830429098386313,4734.427889354799,633.4102642738669,3264.8117985064837
0.05722992337373755,0.0,0.0,0.0,0.0,0.0,0.0,0.0,0.0,0.0,0.0,0.0,0.0,0.24229358901767525,0.0,0.0,0.0,0.0,0.0,0.0,0.022847446359961932,0.0,0.0,0.0,0.0,0.0,0.5622535853253827,0.11537545592324246,0.0,0.0,26.682379773613476,9580.705208121388,367.1405207210877,2097.251626934574
0.0,0.0,0.0,0.0,0.0,0.0,0.0,0.44881141186242923,0.0,0.0,0.0,0.0,0.0,0.0,0.0,0.0,0.0,0.0,0.0,0.0,0.0,0.0,0.0,0.50321638413066,0.0,0.0,0.0,0.0,0.0,0.04797220400691076,12.546901144087455,11371.572884114568,366.28316172346365,2367.7078522041184
0.0,0.0,0.3138792910938979,0.0,0.0,0.11650101933909174,0.0,0.0,0.0,0.0,0.0,0.4088621393241556,0.0,0.0,0.0,0.0,0.0,0.0,0.0,0.0,0.0,0.0,0.0,0.0,0.0,0.16075755024285468,0.0,0.0,0.0,0.0,154.00121780498196,6601.006875442559,569.0901638866558,3770.053210188879
0.0,0.0,0.0,0.0,0.0,0.0,0.33734186598589466,0.0,0.0,0.0,0.0,0.0,0.0,0.0,0.0,0.0,0.0,0.0,0.0,0.0,0.0,0.0,0.0,0.0,0.0,0.0,0.0,0.05831905944975263,0.0,0.6043390745643528,33.70278061834254,7056.7216137707765,369.0831273183361,907.8233866892901
0.13580402648166257,0.25414989538211574,0.0,0.0456053452018334,0.0,0.0,0.0,0.0,0.0,0.0,0.0,0.11836597117068945,0.0,0.0,0.0,0.0,0.0,0.0,0.0,0.0,0.0,0.0,0.0,0.0,0.0,0.0,0.0,0.0,0.23673870703308392,0.20933605473061495,67.34350881533693,6777.235756952269,436.0156208525798,1371.4819056996819
0.0,0.0,0.0,0.0,0.25429974632984637,0.15846645464456738,0.0,0.0,0.0,0.435970655573859,0.0,0.0,0.0,0.0,0.0,0.0,0.0,0.15126314345172737,0.0,0.0,0.0,0.0,0.0,0.0,0.0,0.0,0.0,0.0,0.0,0.0,91.02845384232182,8850.381051991357,497.5993348496557,1798.190085231488
0.0,0.5772267946558374,0.0,0.0,0.0,0.0,0.0,0.0,0.0,0.0,0.0,0.0,0.0,0.0,0.0,0.0,0.0,0.0,0.0,0.0,0.0,0.0,0.0,0.0,0.0,0.42277320534416263,0.0,0.0,0.0,0.0,11.488734589175188,10531.387635493802,526.8120540698781,1891.369552955017
0.0,0.0,0.0,0.0,0.0,0.0,0.0,0.0,0.0,0.225691298728464,0.0,0.0,0.0,0.0,0.16919788102528616,0.0,0.0,0.0,0.0,0.0,0.0,0.60511082024625,0.0,0.0,0.0,0.0,0.0,0.0,0.0,0.0,1.9446502661919456,6800.846767910803,527.4601961609097,1917.6054879899223
0.15429369896192918,0.0,0.0,0.0,0.0,0.0,0.0,0.0,0.0,0.3782778239040114,0.0,0.0,0.0,0.0,0.07955099801338676,0.0,0.0,0.2133490724713925,0.0,0.0,0.0,0.0,0.12608695128410985,0.0,0.0,0.0,0.0,0.0,0.04844145536517037,0.0,89.99917039138644,10444.74297765377,446.75554609032383,
0.0,0.0,0.0,0.0,0.0,0.0,0.0,0.0,0.0,0.0,0.0,0.0,0.0,0.0,0.0,0.0,0.20269005261990083,0.0,0.23019606393466036,0.4890469300382694,0.0,0.0,0.0,0.0,0.0,0.07806695340716938,0.0,0.0,0.0,0.0,70.20089468640512,5091.82188036669,347.460381761153,1168.5245354623094
0.0,0.0,0.0,0.0,0.0,0.0,0.0,0.0,0.36933802178248665,0.0,0.0,0.0,0.5522884970045503,0.0,0.0,0.0,0.0,0.0,0.6530844476434494,0.0,0.0,0.0,0.0,0.0,0.0,0.0,0.0,0.0,0.0,0.0,176.2250485298036,4781.55418074495,329.40458062497623,878.4012196117494
0.0,0.0,0.0,0.0,0.0,0.0,0.10297417577093076,0.27898746052986445,0.03612200067505659,0.0,0.0,0.0,0.0,0.0,0.0,0.0,0.0,0.0,0.0,0.033116631029939565,0.0,0.0,0.0,0.0,0.0,0.0,0.3422304120689655,0.0,0.0,0.20656931992524324,29.217657328397305,13589.728472725079,244.6367048889594,1184.5643305268547
0.25898084919332476,0.0,0.0,0.0,0.0,0.0,0.0,0.0,0.0,0.5236502876596186,0.0,0.0,0.0,0.0,0.0,0.0,0.0,0.0,0.0,0.0,0.0,0.0,0.0,0.0,0.0,0.0,0.2173688631470565,0.0,0.0,0.0,5.885895907808636,11352.33696889888,227.55882358012656,1003.7185538323694
0.0,0.0,0.0,0.20702403925238774,0.0,0.0,0.0,0.0,0.0,0.0,0.0,0.0,0.0,0.0,0.0,0.0,0.0,0.12992669381081096,0.20094155160049684,0.0,0.0,0.46210771533630446,0.0,0.0,0.0,0.0,0.0,0.0,0.0,0.0,143.51979801712386,4202.552629549371,441.3357293896702,1916.4784565222049
0.0,0.0,0.0,0.0,0.5665724130590467,0.0,0.0,0.0,0.0,0.0,0.0,0.0,0.0,0.0,0.0,0.0,0.0,0.0,0.0,0.0,0.0,0.0,0.0,0.0,0.0,0.0,0.4334275869409531,0.0,0.0,0.0,3.6770344983371297,7834.538619847444,576.8493354261866,2322.144272416936
0.0,0.0,0.0,0.0,0.0,0.0,0.0,0.0,0.0,0.0,0.0,0.7607800299550928,0.0,0.0,0.0,0.0,0.0,0.0,0.0,0.0,0.0,0.0,0.0,0.0,0.0,0.0,0.7196650928861856,0.0,0.0,0.0,162.79109218929452,7315.808778435208,478.866477560711,2799.9224762636395
0.0,0.0,0.0,0.0,0.0,0.0,0.0,0.0,0.0,0.0,0.2219669253372913,0.0,0.0,0.0,0.0,0.0,0.2421419235183766,0.14338083292398146,0.0,0.0,0.0,0.0,0.0,0.0,0.0,0.0,0.0,0.39251031822035065,0.0,0.0,144.44051299301577,7241.087176727272,718.3088347469642,1089.6866575972872
0.0,0.67457026123648,0.0,0.0,0.0,0.0,0.0,0.0,0.0,0.0,0.0,0.0,0.0,0.0,0.0,0.0,0.0,0.3254297387635201,0.0,0.0,0.0,0.0,0.0,0.0,0.0,0.0,0.0,0.0,0.0,0.0,106.0174431536442,6279.519677015941,492.4772613771831,547.3417837034307
0.0,0.9132031874563111,0.0,0.0,0.0,0.0,0.0,0.0,0.0,0.08679681254368898,0.0,0.0,0.0,0.0,0.0,0.0,0.0,0.0,0.0,0.0,0.0,0.0,0.0,0.0,0.0,0.0,0.0,0.0,0.0,0.0,13.45177894160445,7814.050260742141,434.30850851490294,527.066104916018
0.0,0.0,0.0,0.025830503162497197,0.0,0.0,0.0,0.2710991433198246,0.0,0.0,0.0,0.0,0.0,0.0,0.0,0.1434222452502696,0.0,0.0,0.0,0.0,0.0,0.0,0.0,0.0,0.0,0.0,0.5596481082674086,0.0,0.0,0.0,17.089681727551607,13022.659925542912,256.8824001647678,1989.0936447691913
0.0,0.0,0.0,0.0,0.4775417142260288,0.0,0.0,0.0,0.0,0.0,0.0,0.0,0.13233011326524266,0.0,0.0,0.0,0.0,0.0,0.0,0.0,0.0,0.0,0.0,0.0,0.0,0.14796866469618902,0.0,0.0,0.24215950781253953,0.0,20.871600959945162,7589.751521031884,648.8065932007696,2598.305901212296
0.0,0.0,0.0,0.0,0.0,0.0,0.0,0.0,0.0,0.0,0.0,0.0,0.0,0.0,0.0,0.0,0.0,0.0,0.482278511476966,0.0,0.0,0.0,0.0,0.0,0.0,0.0,0.0,0.15698809350202572,0.36073339502100815,0.0,103.67579190271466,7633.602475925929,519.80516355883,1016.269453199211
0.0,0.0,0.2824741957280502,0.0,0.0,0.0,0.0,0.0,0.0,0.0,0.0,0.13983666674068668,0.0,0.0,0.0,0.0,0.0,0.0,0.0,0.0,0.0,0.0,0.0,0.0,0.0,0.0,0.0,0.5776891375312632,0.0,0.0,44.835021424734556,9469.307532718629,747.2450081566151,2174.372958708302
0.0,0.0,0.0,0.0,0.2778276173792446,0.0,0.0,0.0,0.0,0.0,0.0,0.0,0.0,0.0,0.0,0.0,0.0,0.0,0.0,0.0,0.6052404027682645,0.0,0.11693197985249093,0.0,0.0,0.0,0.0,0.0,0.0,0.0,192.99400866716687,6980.486473980471,480.86990485444124,1364.5068116395066
0.0,0.0,0.0,0.0,0.0,0.6408957015922903,0.0,0.0,0.0,0.0,0.0,0.0,0.35910429840770985,0.0,0.0,0.0,0.0,0.0,0.0,0.0,0.0,0.0,0.0,0.0,0.0,0.0,0.0,0.0,0.0,0.0,189.7988953599122,2980.62222694341,173.86344532506567,2087.260693242999
0.4609493845410468,0.0,0.0,0.0,0.0,0.0,0.0,0.0,0.0,0.0,0.0,0.0,0.0,0.0,0.0,0.06143024744562428,0.0,0.0,0.0,0.0,0.0,0.08901123685779132,0.0,0.0,0.0,0.0,0.38860913115553747,0.0,0.0,0.0,4.925906899515735,7389.712015909633,259.10146455503093,1462.109412952433
0.2893986875364366,0.0,0.0,0.0,0.0,0.0,0.0,0.405545930671722,0.0,0.0,0.0,0.0,0.1273360245500668,0.0,0.0,0.0,0.0,0.17771935724177473,0.0,0.0,0.0,0.0,0.0,0.0,0.0,0.0,0.0,0.0,0.0,0.0,82.37932364473434,10377.934030949333,238.11801548598137,733.1388282817904
0.0,0.1868432463278902,0.0,0.0,0.0,0.18411975157575367,0.0,0.0,0.0,0.025433225371641943,0.0,0.0,0.07810316412307844,0.0,0.0,0.0,0.0,0.0,0.3183491108972667,0.0,0.0,0.0,0.0,0.0,0.20715150170436888,0.0,0.0,0.0,0.0,0.0,190.56166317662897,5640.396321573933,378.92120979797596,1785.9060348888452
0.2095709388835883,0.0,0.0,0.0,0.3412093837543771,0.0,0.0,0.0,0.0,0.0,0.0,0.0,0.0,0.0,0.06895709949270992,0.0,0.0,0.0,0.09567924319329761,0.0,0.0,0.0,0.0,0.0,0.0,0.0,0.0,0.0,0.0,0.28458333467602726,19.10767702604496,5623.166599044603,532.3354940265339,1664.604589303528
0.0,0.09346333223500755,0.0,0.0,0.0,0.0,0.0,0.0,0.0,0.0,0.0,0.36550100174023936,0.23215825326103398,0.0,0.0,0.0,0.0,0.0,0.009260537396255052,0.0,0.0,0.0,0.2996168753674641,0.0,0.0,0.0,0.0,0.0,0.0,0.0,150.41373585973417,8881.480758587082,572.6300184586495,2108.6226730394906
0.0,0.0,0.3313928370843359,0.0,0.08250511721129469,0.0,0.0,0.0,0.0,0.0,0.0,0.0,0.0,0.3792204857140339,0.0,0.0,0.0,0.0,0.09954979164111596,0.09577407030411483,0.0,0.0,0.011557698045104783,0.0,0.0,0.0,0.0,0.0,0.0,0.0,47.59274849114036,5225.0550869762765,437.19859214803944,3024.347197745918
0.39719729743144605,0.0,0.0,0.0,0.0,0.0,0.0,0.0,0.0,0.0,0.0,0.0,0.0,0.0,0.3693483444863994,0.0,0.0,0.0,0.0,0.0,0.0,0.0,0.0,0.0,0.0,0.0,0.0,0.0,0.0,0.23345435808215448,4.1446591793973875,6226.007876953712,486.13497094334036,1391.3591125017972
0.0,0.0,0.0,0.0,0.0,0.0,0.0,0.0,0.0,0.0,0.0,0.0,0.5389219994472009,0.0,0.0,0.0,0.0,0.0,0.0,0.46107800055279896,0.0,0.0,0.0,0.0,0.0,0.0,0.0,0.0,0.0,0.0,51.04740309990105,2893.673562324473,196.6798648779945,783.819230928798
0.0,0.0,0.0,0.0,0.029400685991968045,0.0,0.0764646366970717,0.0,0.0,0.0,0.0,0.0,0.0,0.0,0.0,0.16416025988727254,0.0,0.2885590176927282,0.0,0.0,0.44141539973095956,0.0,0.0,0.0,0.0,0.0,0.0,0.0,0.0,0.0,260.4082412784607,5751.624556334698,509.56197211620946,1427.1693406268307
0.0,0.0,0.0,0.0,0.0,0.0,0.0,0.0,0.0,0.2626176886290408,0.0,0.07742587896858136,0.0,0.07657218591678146,0.0,0.3392252680729484,0.0,0.1050833283649408,0.0,0.0,0.0,0.0,0.0,0.0,0.13907565004770714,0.0,0.0,0.0,0.0,0.0,114.28854215838356,8777.315521420182,594.7030480865377,2893.303453406343
0.0,0.0,0.0,0.0,0.0,0.0,0.0,0.0,0.0,0.0,0.0,0.0,0.0,0.0,0.382355711676696,0.0,0.0,0.0,0.0,0.0,0.13342378096767774,0.0,0.0,0.0,0.0,0.48422050735562616,0.0,0.0,0.0,0.0,46.24572209714472,11724.85052817466,689.0803856181798,3084.312603554617
0.0,0.0,0.0,0.0,0.12358851838023806,0.09792925953035193,0.0,0.0,0.21711953704263984,0.0,0.0,0.0,0.0,0.0,0.0,0.0,0.0,0.0,0.15835351862217104,0.0,0.0,0.0,0.0,0.0,0.0,0.0,0.0,0.0,0.0,0.40300916642459905,112.50547325529925,5643.535185284058,402.6729576070374,1312.392842835744
0.22421498150276814,0.0,0.0,0.0,0.0,0.0,0.23641463651270708,0.0,0.0,0.0,0.0,0.0,0.0,0.16819543348300234,0.0,0.0,0.0,0.0,0.0,0.0,0.1762436665209251,0.13242256388852006,0.0,0.0,0.0,0.0,0.0,0.06250871809207727,0.0,0.0,95.09155613709595,5996.833564235993,450.6527456066298,1543.581380413456
0.1687523223927097,0.0,0.38791918763422195,0.0,0.0,0.0,0.0,0.0,0.0,0.0,0.0,0.11982845672436153,0.0,0.0,0.0,0.06183823415370869,0.16741320206996596,0.0,0.0,0.0,0.09424859702503227,0.0,0.0,0.0,0.0,0.0,0.0,0.0,0.0,0.0,103.13030502397385,5008.871974742598,396.18434064560654,2595.4376311682877
0.0,0.2761293504569577,0.0,0.0,0.0,0.0,0.0,0.0,0.0,0.0,0.0,0.0,0.0,0.0,0.0,0.0,0.0,0.0,0.0,0.0,0.0,0.0,0.0,0.0,0.7238706495430424,0.0,0.0,0.0,0.0,0.0,154.2778464521953,6320.4949300004855,342.4018498862526,2260.663904788561
0.23535130155587933,0.0,0.0,0.0,0.0,0.0,0.0,0.0,0.0,0.0,0.0,0.0,0.0,0.04148031669145103,0.0,0.0,0.0,0.4247002762470203,0.0,0.0,0.0,0.0,0.0,0.11716633936739108,0.0,0.05537441759191531,0.0,0.12592734854634302,0.0,0.0,163.60939857810757,4962.826478404567,605.111283669648,1395.136788507084
0.0,0.0,0.0,0.0,0.0,0.0,0.0,0.35296660937195967,0.0,0.0,0.0,0.0,0.0,0.0,0.0,0.0,0.0,0.0,0.0,0.0,0.0,0.6470333906280403,0.0,0.0,0.0,0.0,0.0,0.0,0.0,0.0,6.068174841277187,9763.566378571993,384.71099336871566,1629.6405667330657
